second_offset,request_count
0,0
1,0
2,8
3,4
4,4
5,3
6,3
7,5
8,6
9,5
10,4
11,8
12,6
13,8
14,10
15,9
16,11
17,15
18,8
19,18
20,11
21,15
22,17
23,14
24,15
25,13
26,14
27,12
28,9
29,16
30,14
31,6
32,16
33,19
34,16
35,8
36,8
37,8
38,12
39,8
40,9
41,8
42,4
43,11
44,12
45,6
46,8
47,5
48,8
49,8
50,9
51,13
52,6
53,11
54,6
55,11
56,14
57,7
58,7
59,6
60,10
61,5
62,9
63,9
64,6
65,7
66,5
67,5
68,4
69,5
70,4
71,7
72,4
73,4
74,4
75,8
76,5
77,5
78,4
79,11
80,5
81,12
82,10
83,6
84,12
85,9
86,9
87,11
88,4
89,16
90,11
91,10
92,9
93,12
94,15
95,12
96,7
97,17
98,16
99,17
100,10
101,9
102,13
103,15
104,11
105,14
106,10
107,8
108,11
109,17
110,11
111,13
112,8
113,10
114,11
115,11
116,11
117,9
118,9
119,7
120,3
121,7
122,9
123,13
124,6
125,10
126,11
127,8
128,7
129,8
130,9
131,10
132,4
133,9
134,8
135,8
136,8
137,3
138,2
139,6
140,3
141,10
142,8
143,12
144,11
145,9
146,8
147,8
148,9
149,5
150,9
151,7
152,4
153,5
154,7
155,7
156,5
157,9
158,4
159,7
160,10
161,13
162,20
163,13
164,10
165,7
166,8
167,7
168,5
169,4
170,4
171,9
172,6
173,6
174,10
175,14
176,9
177,8
178,4
179,6
180,9
181,8
182,6
183,5
184,5
185,6
186,5
187,4
188,7
189,12
190,4
191,7
192,7
193,7
194,8
195,8
196,8
197,6
198,6
199,11
200,6
201,5
202,12
203,7
204,6
205,4
206,14
207,4
208,8
209,3
210,7
211,6
212,10
213,9
214,4
215,6
216,6
217,5
218,7
219,11
220,4
221,12
222,8
223,7
224,6
225,4
226,15
227,11
228,5
229,8
230,11
231,8
232,12
233,2
234,7
235,5
236,8
237,6
238,7
239,7
240,5
241,7
242,7
243,5
244,6
245,5
246,11
247,9
248,8
249,7
250,9
251,8
252,7
253,12
254,14
255,6
256,8
257,4
258,6
259,7
260,10
261,6
262,7
263,6
264,6
265,2
266,8
267,6
268,10
269,8
270,6
271,6
272,8
273,6
274,8
275,5
276,4
277,6
278,15
279,9
280,9
281,7
282,2
283,6
284,11
285,7
286,13
287,13
288,8
289,11
290,8
291,11
292,10
293,7
294,12
295,7
296,12
297,9
298,4
299,11
300,7
301,9
302,5
303,6
304,7
305,11
306,7
307,6
308,8
309,3
310,6
311,7
312,5
313,1
314,10
315,6
316,7
317,7
318,6
319,8
320,5
321,11
322,8
323,10
324,9
325,11
326,8
327,8
328,8
329,9
330,8
331,8
332,13
333,8
334,12
335,8
336,8
337,7
338,2
339,4
340,1
341,6
342,5
343,3
344,6
345,8
346,4
347,4
348,4
349,10
350,9
351,6
352,11
353,10
354,11
355,7
356,9
357,10
358,6
359,17
360,12
361,7
362,13
363,11
364,11
365,9
366,7
367,6
368,12
369,14
370,10
371,11
372,6
373,13
374,14
375,16
376,10
377,12
378,10
379,8
380,9
381,9
382,7
383,12
384,8
385,9
386,9
387,6
388,8
389,13
390,11
391,3
392,10
393,7
394,10
395,11
396,9
397,12
398,9
399,7
400,9
401,13
402,4
403,6
404,8
405,10
406,6
407,7
408,12
409,13
410,5
411,6
412,6
413,13
414,6
415,10
416,9
417,7
418,10
419,5
420,4
421,7
422,8
423,8
424,9
425,7
426,7
427,5
428,7
429,4
430,3
431,11
432,5
433,2
434,11
435,8
436,11
437,9
438,7
439,16
440,9
441,12
442,6
443,9
444,9
445,3
446,7
447,8
448,2
449,12
450,6
451,10
452,6
453,8
454,8
455,8
456,8
457,9
458,17
459,11
460,8
461,6
462,7
463,7
464,2
465,7
466,5
467,7
468,8
469,5
470,4
471,5
472,8
473,11
474,5
475,6
476,13
477,10
478,11
479,10
480,4
481,7
482,6
483,10
484,2
485,11
486,10
487,9
488,4
489,6
490,7
491,10
492,8
493,5
494,3
495,6
496,5
497,5
498,3
499,7
500,4
501,3
502,5
503,6
504,14
505,7
506,5
507,7
508,5
509,7
510,6
511,6
512,7
513,12
514,7
515,14
516,8
517,10
518,6
519,10
520,8
521,10
522,5
523,9
524,3
525,12
526,5
527,5
528,5
529,6
530,4
531,6
532,3
533,6
534,5
535,4
536,7
537,8
538,9
539,11
540,7
541,7
542,11
543,11
544,5
545,9
546,10
547,7
548,5
549,7
550,3
551,8
552,8
553,11
554,8
555,7
556,10
557,13
558,15
559,6
560,9
561,13
562,10
563,9
564,12
565,17
566,11
567,9
568,9
569,11
570,14
571,7
572,9
573,9
574,9
575,14
576,6
577,16
578,9
579,15
580,10
581,14
582,8
583,9
584,15
585,11
586,15
587,13
588,15
589,8
590,7
591,13
592,10
593,5
594,12
595,6
596,9
597,7
598,9
599,5
600,9
601,9
602,5
603,6
604,10
605,8
606,8
607,7
608,10
609,9
610,12
611,8
612,7
613,5
614,3
615,6
616,6
617,6
618,6
619,9
620,2
621,6
622,8
623,9
624,5
625,3
626,5
627,10
628,13
629,12
630,12
631,15
632,12
633,10
634,17
635,12
636,6
637,8
638,7
639,11
640,12
641,5
642,13
643,6
644,10
645,11
646,13
647,1
648,8
649,4
650,11
651,7
652,11
653,12
654,8
655,5
656,5
657,10
658,8
659,10
660,6
661,9
662,11
663,4
664,8
665,6
666,12
667,8
668,9
669,11
670,9
671,9
672,14
673,9
674,9
675,17
676,7
677,10
678,12
679,6
680,12
681,11
682,9
683,12
684,5
685,4
686,7
687,8
688,7
689,9
690,8
691,8
692,5
693,7
694,7
695,5
696,11
697,6
698,9
699,6
700,8
701,9
702,9
703,8
704,7
705,5
706,5
707,8
708,10
709,9
710,8
711,6
712,13
713,4
714,6
715,5
716,8
717,6
718,10
719,3
720,3
721,9
722,5
723,3
724,5
725,3
726,8
727,9
728,8
729,9
730,8
731,3
732,4
733,8
734,11
735,4
736,9
737,7
738,8
739,9
740,15
741,7
742,9
743,10
744,8
745,6
746,13
747,10
748,7
749,4
750,7
751,8
752,10
753,13
754,13
755,9
756,9
757,11
758,10
759,11
760,6
761,7
762,12
763,5
764,5
765,9
766,8
767,9
768,9
769,2
770,4
771,10
772,9
773,7
774,6
775,5
776,5
777,9
778,5
779,8
780,5
781,5
782,6
783,4
784,7
785,5
786,3
787,8
788,5
789,8
790,8
791,4
792,5
793,6
794,4
795,4
796,7
797,5
798,7
799,6
800,5
801,6
802,7
803,6
804,6
805,5
806,6
807,7
808,7
809,8
810,9
811,10
812,4
813,5
814,11
815,5
816,6
817,11
818,10
819,12
820,13
821,11
822,13
823,2
824,11
825,6
826,5
827,9
828,13
829,9
830,12
831,11
832,5
833,7
834,6
835,10
836,9
837,5
838,6
839,13
840,8
841,6
842,3
843,5
844,5
845,8
846,7
847,3
848,4
849,8
850,7
851,7
852,11
853,13
854,4
855,13
856,10
857,9
858,9
859,6
860,12
861,11
862,13
863,7
864,7
865,12
866,8
867,7
868,5
869,11
870,9
871,7
872,9
873,5
874,6
875,8
876,8
877,10
878,5
879,6
880,6
881,9
882,5
883,10
884,5
885,11
886,5
887,9
888,3
889,12
890,5
891,8
892,9
893,8
894,10
895,13
896,7
897,7
898,7
899,7
900,7
901,8
902,3
903,8
904,5
905,5
906,12
907,5
908,6
909,10
910,10
911,11
912,9
913,7
914,7
915,5
916,9
917,7
918,14
919,13
920,7
921,9
922,13
923,5
924,10
925,12
926,6
927,11
928,9
929,6
930,8
931,16
932,10
933,8
934,10
935,11
936,11
937,8
938,6
939,8
940,4
941,9
942,8
943,4
944,6
945,8
946,3
947,4
948,5
949,7
950,4
951,12
952,4
953,7
954,7
955,5
956,12
957,8
958,7
959,7
960,6
961,4
962,8
963,3
964,5
965,5
966,11
967,4
968,11
969,8
970,5
971,8
972,6
973,10
974,7
975,5
976,6
977,5
978,3
979,4
980,4
981,4
982,8
983,9
984,7
985,6
986,11
987,6
988,8
989,5
990,6
991,3
992,6
993,12
994,6
995,4
996,7
997,6
998,11
999,7
1000,9
1001,7
1002,7
1003,10
1004,8
1005,8
1006,11
1007,7
1008,7
1009,4
1010,3
1011,7
1012,9
1013,7
1014,7
1015,5
1016,5
1017,6
1018,4
1019,6
1020,4
1021,7
1022,6
1023,9
1024,7
1025,4
1026,8
1027,6
1028,7
1029,5
1030,9
1031,13
1032,5
1033,5
1034,8
1035,11
1036,2
1037,15
1038,6
1039,6
1040,7
1041,7
1042,4
1043,12
1044,7
1045,11
1046,12
1047,9
1048,5
1049,7
1050,3
1051,7
1052,7
1053,4
1054,4
1055,4
1056,6
1057,11
1058,8
1059,10
1060,7
1061,12
1062,4
1063,7
1064,3
1065,7
1066,9
1067,10
1068,9
1069,8
1070,11
1071,10
1072,11
1073,9
1074,11
1075,10
1076,9
1077,5
1078,8
1079,7
1080,6
1081,6
1082,7
1083,6
1084,8
1085,6
1086,6
1087,9
1088,5
1089,7
1090,3
1091,3
1092,6
1093,8
1094,6
1095,6
1096,4
1097,9
1098,8
1099,10
1100,8
1101,11
1102,4
1103,4
1104,8
1105,11
1106,3
1107,3
1108,8
1109,7
1110,7
1111,7
1112,8
1113,7
1114,4
1115,11
1116,5
1117,7
1118,10
1119,4
1120,6
1121,5
1122,6
1123,7
1124,6
1125,5
1126,5
1127,4
1128,9
1129,2
1130,4
1131,4
1132,9
1133,3
1134,5
1135,5
1136,3
1137,5
1138,8
1139,3
1140,10
1141,10
1142,6
1143,2
1144,5
1145,8
1146,2
1147,7
1148,3
1149,6
1150,5
1151,8
1152,3
1153,5
1154,5
1155,8
1156,7
1157,9
1158,7
1159,5
1160,5
1161,9
1162,3
1163,4
1164,8
1165,3
1166,5
1167,10
1168,3
1169,8
1170,6
1171,5
1172,4
1173,6
1174,8
1175,4
1176,6
1177,8
1178,10
1179,10
1180,8
1181,4
1182,6
1183,15
1184,5
1185,9
1186,7
1187,8
1188,4
1189,5
1190,10
1191,4
1192,8
1193,6
1194,9
1195,6
1196,7
1197,3
1198,10
1199,6
1200,5
1201,9
1202,7
1203,8
1204,11
1205,9
1206,9
1207,12
1208,4
1209,6
1210,9
1211,4
1212,14
1213,7
1214,6
1215,8
1216,7
1217,15
1218,3
1219,7
1220,9
1221,7
1222,10
1223,6
1224,8
1225,12
1226,4
1227,8
1228,8
1229,5
1230,5
1231,7
1232,4
1233,3
1234,9
1235,7
1236,8
1237,9
1238,9
1239,6
1240,9
1241,7
1242,7
1243,9
1244,10
1245,3
1246,6
1247,7
1248,8
1249,14
1250,10
1251,6
1252,5
1253,8
1254,7
1255,5
1256,14
1257,3
1258,9
1259,5
1260,4
1261,8
1262,6
1263,5
1264,10
1265,7
1266,6
1267,7
1268,8
1269,2
1270,4
1271,5
1272,8
1273,4
1274,5
1275,11
1276,11
1277,8
1278,4
1279,13
1280,5
1281,12
1282,6
1283,13
1284,5
1285,5
1286,4
1287,11
1288,5
1289,5
1290,3
1291,3
1292,6
1293,4
1294,8
1295,6
1296,6
1297,9
1298,5
1299,6
1300,10
1301,5
1302,9
1303,8
1304,13
1305,4
1306,9
1307,7
1308,6
1309,6
1310,6
1311,6
1312,5
1313,3
1314,9
1315,3
1316,10
1317,9
1318,12
1319,7
1320,14
1321,10
1322,9
1323,7
1324,9
1325,8
1326,8
1327,5
1328,8
1329,3
1330,7
1331,2
1332,5
1333,6
1334,12
1335,6
1336,7
1337,12
1338,8
1339,4
1340,9
1341,3
1342,7
1343,5
1344,7
1345,7
1346,4
1347,8
1348,7
1349,7
1350,6
1351,4
1352,3
1353,6
1354,10
1355,9
1356,8
1357,8
1358,6
1359,6
1360,7
1361,9
1362,6
1363,6
1364,8
1365,4
1366,9
1367,12
1368,6
1369,9
1370,13
1371,7
1372,7
1373,11
1374,8
1375,9
1376,9
1377,7
1378,4
1379,2
1380,9
1381,5
1382,5
1383,3
1384,8
1385,5
1386,2
1387,11
1388,6
1389,5
1390,2
1391,8
1392,8
1393,6
1394,3
1395,8
1396,7
1397,7
1398,7
1399,7
1400,9
1401,8
1402,7
1403,6
1404,8
1405,5
1406,4
1407,10
1408,4
1409,8
1410,2
1411,7
1412,2
1413,9
1414,4
1415,6
1416,7
1417,9
1418,12
1419,5
1420,6
1421,4
1422,6
1423,6
1424,12
1425,7
1426,3
1427,9
1428,5
1429,10
1430,5
1431,12
1432,6
1433,12
1434,8
1435,8
1436,8
1437,9
1438,8
1439,9
1440,7
1441,11
1442,10
1443,10
1444,13
1445,10
1446,7
1447,9
1448,9
1449,12
1450,11
1451,14
1452,11
1453,6
1454,6
1455,6
1456,9
1457,7
1458,13
1459,8
1460,6
1461,12
1462,8
1463,4
1464,7
1465,8
1466,8
1467,4
1468,7
1469,6
1470,2
1471,6
1472,7
1473,4
1474,9
1475,10
1476,5
1477,7
1478,8
1479,8
1480,4
1481,13
1482,6
1483,10
1484,9
1485,9
1486,11
1487,6
1488,7
1489,6
1490,7
1491,7
1492,4
1493,3
1494,6
1495,11
1496,12
1497,4
1498,14
1499,6
1500,10
1501,12
1502,12
1503,11
1504,9
1505,5
1506,11
1507,6
1508,12
1509,7
1510,15
1511,12
1512,6
1513,9
1514,7
1515,10
1516,11
1517,10
1518,8
1519,11
1520,11
1521,7
1522,7
1523,15
1524,9
1525,5
1526,10
1527,7
1528,5
1529,8
1530,10
1531,13
1532,12
1533,8
1534,10
1535,6
1536,13
1537,6
1538,6
1539,12
1540,8
1541,14
1542,6
1543,10
1544,8
1545,6
1546,10
1547,6
1548,4
1549,10
1550,7
1551,12
1552,6
1553,11
1554,6
1555,8
1556,7
1557,8
1558,5
1559,9
1560,7
1561,6
1562,5
1563,10
1564,6
1565,10
1566,12
1567,9
1568,8
1569,7
1570,6
1571,6
1572,7
1573,13
1574,7
1575,8
1576,7
1577,15
1578,3
1579,7
1580,9
1581,5
1582,4
1583,5
1584,7
1585,7
1586,7
1587,9
1588,11
1589,10
1590,8
1591,13
1592,4
1593,6
1594,8
1595,11
1596,3
1597,7
1598,4
1599,16
1600,4
1601,7
1602,5
1603,9
1604,8
1605,12
1606,7
1607,3
1608,8
1609,0
1610,10
1611,8
1612,5
1613,7
1614,7
1615,4
1616,11
1617,6
1618,6
1619,8
1620,15
1621,7
1622,7
1623,5
1624,9
1625,3
1626,3
1627,9
1628,4
1629,6
1630,4
1631,5
1632,8
1633,5
1634,2
1635,10
1636,4
1637,4
1638,6
1639,10
1640,5
1641,10
1642,6
1643,6
1644,6
1645,14
1646,4
1647,10
1648,5
1649,8
1650,4
1651,12
1652,6
1653,8
1654,9
1655,5
1656,6
1657,4
1658,3
1659,7
1660,8
1661,8
1662,8
1663,3
1664,8
1665,10
1666,2
1667,6
1668,9
1669,6
1670,12
1671,16
1672,11
1673,10
1674,7
1675,10
1676,8
1677,7
1678,8
1679,6
1680,8
1681,7
1682,3
1683,9
1684,9
1685,3
1686,8
1687,7
1688,4
1689,5
1690,5
1691,7
1692,8
1693,7
1694,5
1695,10
1696,6
1697,4
1698,7
1699,3
1700,9
1701,9
1702,11
1703,12
1704,8
1705,9
1706,9
1707,8
1708,9
1709,10
1710,4
1711,14
1712,4
1713,6
1714,4
1715,8
1716,8
1717,15
1718,2
1719,8
1720,5
1721,6
1722,4
1723,7
1724,6
1725,6
1726,6
1727,9
1728,12
1729,1
1730,7
1731,5
1732,7
1733,5
1734,8
1735,7
1736,6
1737,6
1738,12
1739,7
1740,9
1741,7
1742,10
1743,9
1744,7
1745,6
1746,6
1747,6
1748,7
1749,8
1750,7
1751,5
1752,7
1753,6
1754,12
1755,3
1756,6
1757,10
1758,7
1759,11
1760,13
1761,11
1762,10
1763,9
1764,9
1765,13
1766,14
1767,16
1768,11
1769,10
1770,13
1771,6
1772,9
1773,6
1774,6
1775,8
1776,8
1777,10
1778,11
1779,8
1780,11
1781,8
1782,10
1783,9
1784,9
1785,8
1786,9
1787,6
1788,7
1789,13
1790,5
1791,7
1792,6
1793,3
1794,6
1795,11
1796,7
1797,6
1798,10
1799,7
1800,5
1801,8
1802,8
1803,5
1804,5
1805,6
1806,8
1807,5
1808,6
1809,2
1810,8
1811,4
1812,4
1813,10
1814,0
1815,12
1816,10
1817,8
1818,11
1819,5
1820,9
1821,12
1822,14
1823,12
1824,13
1825,14
1826,11
1827,12
1828,15
1829,7
1830,9
1831,8
1832,8
1833,9
1834,5
1835,6
1836,7
1837,14
1838,10
1839,11
1840,7
1841,8
1842,7
1843,5
1844,6
1845,7
1846,7
1847,8
1848,6
1849,8
1850,9
1851,4
1852,5
1853,5
1854,7
1855,5
1856,6
1857,5
1858,4
1859,9
1860,6
1861,6
1862,5
1863,9
1864,2
1865,5
1866,6
1867,8
1868,6
1869,6
1870,4
1871,8
1872,9
1873,8
1874,11
1875,6
1876,8
1877,5
1878,6
1879,8
1880,6
1881,6
1882,11
1883,4
1884,8
1885,7
1886,6
1887,10
1888,5
1889,5
1890,10
1891,11
1892,5
1893,8
1894,8
1895,10
1896,7
1897,7
1898,8
1899,16
1900,6
1901,10
1902,10
1903,10
1904,7
1905,4
1906,6
1907,8
1908,3
1909,10
1910,9
1911,3
1912,10
1913,10
1914,11
1915,11
1916,6
1917,15
1918,14
1919,8
1920,8
1921,12
1922,9
1923,12
1924,9
1925,5
1926,10
1927,4
1928,9
1929,8
1930,7
1931,8
1932,6
1933,11
1934,9
1935,8
1936,9
1937,6
1938,7
1939,10
1940,7
1941,8
1942,9
1943,9
1944,9
1945,6
1946,7
1947,9
1948,14
1949,7
1950,13
1951,10
1952,9
1953,7
1954,9
1955,11
1956,12
1957,10
1958,9
1959,11
1960,9
1961,9
1962,8
1963,14
1964,16
1965,10
1966,10
1967,5
1968,7
1969,7
1970,10
1971,9
1972,3
1973,9
1974,11
1975,12
1976,6
1977,11
1978,4
1979,5
1980,5
1981,7
1982,7
1983,4
1984,14
1985,5
1986,6
1987,9
1988,7
1989,7
1990,6
1991,9
1992,7
1993,8
1994,3
1995,10
1996,7
1997,7
1998,6
1999,6
2000,11
2001,4
2002,6
2003,5
2004,6
2005,8
2006,6
2007,6
2008,6
2009,9
2010,5
2011,4
2012,5
2013,8
2014,7
2015,5
2016,4
2017,6
2018,8
2019,8
2020,7
2021,7
2022,7
2023,6
2024,5
2025,6
2026,5
2027,2
2028,8
2029,4
2030,6
2031,10
2032,5
2033,7
2034,13
2035,3
2036,10
2037,5
2038,7
2039,8
2040,6
2041,9
2042,15
2043,8
2044,9
2045,11
2046,5
2047,7
2048,4
2049,11
2050,7
2051,5
2052,9
2053,9
2054,7
2055,7
2056,7
2057,13
2058,6
2059,15
2060,6
2061,13
2062,6
2063,8
2064,13
2065,7
2066,8
2067,8
2068,8
2069,8
2070,8
2071,6
2072,5
2073,6
2074,10
2075,11
2076,8
2077,7
2078,7
2079,6
2080,7
2081,8
2082,6
2083,8
2084,14
2085,7
2086,8
2087,10
2088,10
2089,7
2090,6
2091,10
2092,8
2093,7
2094,11
2095,12
2096,8
2097,11
2098,6
2099,8
2100,5
2101,9
2102,6
2103,9
2104,13
2105,10
2106,7
2107,7
2108,4
2109,13
2110,12
2111,14
2112,12
2113,12
2114,12
2115,10
2116,6
2117,7
2118,7
2119,8
2120,5
2121,3
2122,8
2123,9
2124,16
2125,11
2126,14
2127,10
2128,8
2129,4
2130,5
2131,16
2132,8
2133,7
2134,4
2135,5
2136,7
2137,7
2138,5
2139,9
2140,4
2141,6
2142,7
2143,10
2144,7
2145,5
2146,11
2147,7
2148,13
2149,6
2150,6
2151,10
2152,6
2153,8
2154,3
2155,5
2156,3
2157,11
2158,11
2159,14
2160,12
2161,11
2162,10
2163,10
2164,3
2165,9
2166,6
2167,8
2168,7
2169,4
2170,12
2171,9
2172,7
2173,9
2174,4
2175,7
2176,5
2177,11
2178,7
2179,8
2180,7
2181,9
2182,8
2183,10
2184,7
2185,14
2186,9
2187,10
2188,13
2189,7
2190,13
2191,11
2192,8
2193,5
2194,8
2195,8
2196,10
2197,6
2198,10
2199,10
2200,15
2201,8
2202,7
2203,9
2204,9
2205,9
2206,10
2207,13
2208,12
2209,7
2210,13
2211,14
2212,9
2213,5
2214,12
2215,8
2216,8
2217,6
2218,8
2219,12
2220,7
2221,12
2222,13
2223,7
2224,11
2225,13
2226,16
2227,12
2228,12
2229,4
2230,11
2231,9
2232,12
2233,10
2234,14
2235,9
2236,11
2237,8
2238,10
2239,11
2240,5
2241,12
2242,3
2243,13
2244,9
2245,6
2246,10
2247,6
2248,5
2249,5
2250,6
2251,6
2252,10
2253,4
2254,8
2255,7
2256,3
2257,8
2258,8
2259,9
2260,11
2261,6
2262,10
2263,7
2264,4
2265,7
2266,7
2267,3
2268,4
2269,6
2270,8
2271,9
2272,4
2273,10
2274,5
2275,5
2276,7
2277,7
2278,6
2279,9
2280,5
2281,6
2282,7
2283,4
2284,9
2285,10
2286,4
2287,9
2288,8
2289,5
2290,8
2291,6
2292,5
2293,6
2294,10
2295,10
2296,9
2297,7
2298,2
2299,8
2300,7
2301,5
2302,6
2303,5
2304,5
2305,6
2306,4
2307,12
2308,9
2309,5
2310,7
2311,3
2312,5
2313,4
2314,5
2315,7
2316,4
2317,6
2318,6
2319,8
2320,6
2321,7
2322,8
2323,5
2324,9
2325,16
2326,7
2327,12
2328,9
2329,9
2330,9
2331,14
2332,6
2333,5
2334,16
2335,10
2336,7
2337,7
2338,14
2339,11
2340,9
2341,5
2342,6
2343,5
2344,6
2345,7
2346,8
2347,2
2348,12
2349,7
2350,8
2351,8
2352,5
2353,11
2354,12
2355,9
2356,9
2357,9
2358,5
2359,6
2360,7
2361,7
2362,12
2363,5
2364,9
2365,11
2366,10
2367,13
2368,19
2369,12
2370,11
2371,5
2372,9
2373,4
2374,3
2375,15
2376,6
2377,6
2378,10
2379,4
2380,9
2381,2
2382,8
2383,11
2384,9
2385,8
2386,7
2387,9
2388,10
2389,15
2390,7
2391,11
2392,7
2393,11
2394,11
2395,9
2396,11
2397,13
2398,6
2399,11
2400,12
2401,12
2402,11
2403,8
2404,13
2405,16
2406,10
2407,16
2408,9
2409,8
2410,8
2411,9
2412,11
2413,7
2414,9
2415,9
2416,9
2417,8
2418,12
2419,14
2420,8
2421,10
2422,6
2423,7
2424,7
2425,8
2426,15
2427,6
2428,7
2429,7
2430,13
2431,11
2432,7
2433,10
2434,17
2435,11
2436,11
2437,11
2438,10
2439,11
2440,10
2441,10
2442,7
2443,13
2444,6
2445,16
2446,13
2447,14
2448,14
2449,13
2450,15
2451,10
2452,9
2453,4
2454,12
2455,7
2456,6
2457,16
2458,9
2459,10
2460,12
2461,12
2462,7
2463,8
2464,7
2465,5
2466,10
2467,12
2468,10
2469,8
2470,12
2471,7
2472,11
2473,8
2474,6
2475,9
2476,7
2477,9
2478,7
2479,12
2480,7
2481,15
2482,10
2483,13
2484,10
2485,14
2486,9
2487,16
2488,12
2489,6
2490,15
2491,14
2492,4
2493,6
2494,8
2495,12
2496,8
2497,4
2498,11
2499,6
2500,11
2501,6
2502,8
2503,4
2504,6
2505,9
2506,9
2507,6
2508,9
2509,6
2510,9
2511,11
2512,6
2513,5
2514,6
2515,9
2516,8
2517,5
2518,9
2519,8
2520,7
2521,8
2522,8
2523,8
2524,9
2525,9
2526,11
2527,3
2528,7
2529,6
2530,9
2531,10
2532,6
2533,5
2534,7
2535,10
2536,6
2537,6
2538,4
2539,8
2540,3
2541,8
2542,7
2543,6
2544,4
2545,6
2546,5
2547,4
2548,5
2549,3
2550,2
2551,4
2552,8
2553,4
2554,12
2555,8
2556,4
2557,11
2558,8
2559,8
2560,5
2561,7
2562,4
2563,9
2564,9
2565,8
2566,6
2567,8
2568,7
2569,4
2570,4
2571,7
2572,6
2573,5
2574,4
2575,5
2576,4
2577,2
2578,6
2579,2
2580,5
2581,4
2582,2
2583,6
2584,4
2585,5
2586,3
2587,6
2588,10
2589,6
2590,4
2591,6
2592,6
2593,6
2594,7
2595,7
2596,5
2597,8
2598,6
2599,9
2600,11
2601,11
2602,11
2603,4
2604,10
2605,11
2606,3
2607,9
2608,7
2609,14
2610,10
2611,12
2612,11
2613,7
2614,5
2615,9
2616,9
2617,9
2618,12
2619,5
2620,18
2621,12
2622,12
2623,9
2624,9
2625,11
2626,5
2627,12
2628,11
2629,7
2630,10
2631,7
2632,9
2633,4
2634,10
2635,10
2636,20
2637,12
2638,11
2639,13
2640,14
2641,10
2642,6
2643,10
2644,6
2645,11
2646,6
2647,13
2648,12
2649,11
2650,13
2651,17
2652,14
2653,11
2654,13
2655,11
2656,6
2657,8
2658,8
2659,4
2660,12
2661,9
2662,6
2663,6
2664,5
2665,7
2666,7
2667,5
2668,9
2669,9
2670,7
2671,6
2672,8
2673,9
2674,12
2675,14
2676,12
2677,18
2678,12
2679,12
2680,7
2681,5
2682,11
2683,9
2684,13
2685,8
2686,8
2687,10
2688,8
2689,14
2690,13
2691,13
2692,13
2693,7
2694,9
2695,13
2696,7
2697,7
2698,10
2699,7
2700,11
2701,13
2702,7
2703,5
2704,7
2705,7
2706,10
2707,5
2708,9
2709,9
2710,8
2711,10
2712,7
2713,9
2714,9
2715,9
2716,4
2717,7
2718,4
2719,3
2720,10
2721,8
2722,9
2723,9
2724,9
2725,4
2726,7
2727,9
2728,6
2729,5
2730,8
2731,10
2732,12
2733,9
2734,10
2735,9
2736,7
2737,5
2738,8
2739,11
2740,7
2741,11
2742,9
2743,9
2744,6
2745,10
2746,13
2747,13
2748,17
2749,11
2750,6
2751,10
2752,13
2753,7
2754,15
2755,11
2756,15
2757,12
2758,12
2759,12
2760,14
2761,11
2762,13
2763,17
2764,8
2765,11
2766,8
2767,12
2768,10
2769,9
2770,9
2771,9
2772,13
2773,10
2774,12
2775,12
2776,12
2777,14
2778,15
2779,12
2780,11
2781,15
2782,12
2783,14
2784,13
2785,9
2786,13
2787,14
2788,14
2789,11
2790,11
2791,12
2792,12
2793,12
2794,10
2795,7
2796,8
2797,5
2798,10
2799,7
2800,6
2801,10
2802,1
2803,4
2804,9
2805,3
2806,4
2807,5
2808,8
2809,4
2810,7
2811,8
2812,3
2813,7
2814,6
2815,8
2816,7
2817,10
2818,7
2819,7
2820,7
2821,10
2822,3
2823,9
2824,12
2825,9
2826,7
2827,6
2828,10
2829,11
2830,9
2831,15
2832,25
2833,13
2834,8
2835,13
2836,14
2837,12
2838,9
2839,10
2840,11
2841,11
2842,7
2843,11
2844,8
2845,5
2846,11
2847,9
2848,8
2849,9
2850,10
2851,13
2852,7
2853,8
2854,4
2855,10
2856,9
2857,9
2858,5
2859,7
2860,8
2861,5
2862,9
2863,8
2864,15
2865,7
2866,6
2867,5
2868,5
2869,9
2870,4
2871,9
2872,6
2873,6
2874,5
2875,7
2876,7
2877,8
2878,5
2879,7
2880,8
2881,10
2882,6
2883,9
2884,9
2885,13
2886,11
2887,9
2888,14
2889,7
2890,8
2891,10
2892,5
2893,8
2894,10
2895,4
2896,14
2897,6
2898,5
2899,9
2900,4
2901,5
2902,1
2903,9
2904,3
2905,8
2906,10
2907,9
2908,7
2909,8
2910,7
2911,6
2912,4
2913,12
2914,8
2915,7
2916,6
2917,7
2918,6
2919,10
2920,5
2921,10
2922,5
2923,11
2924,10
2925,7
2926,9
2927,11
2928,7
2929,11
2930,12
2931,16
2932,7
2933,12
2934,13
2935,12
2936,7
2937,8
2938,11
2939,6
2940,8
2941,8
2942,7
2943,9
2944,5
2945,10
2946,10
2947,6
2948,10
2949,7
2950,5
2951,13
2952,7
2953,9
2954,5
2955,7
2956,13
2957,5
2958,8
2959,8
2960,10
2961,14
2962,8
2963,14
2964,6
2965,6
2966,7
2967,9
2968,7
2969,9
2970,5
2971,8
2972,5
2973,5
2974,7
2975,9
2976,7
2977,5
2978,12
2979,6
2980,6
2981,9
2982,14
2983,4
2984,8
2985,11
2986,5
2987,11
2988,6
2989,10
2990,10
2991,7
2992,10
2993,9
2994,9
2995,14
2996,11
2997,8
2998,9
2999,12
3000,6
3001,11
3002,11
3003,10
3004,9
3005,7
3006,9
3007,9
3008,9
3009,6
3010,6
3011,14
3012,5
3013,10
3014,12
3015,7
3016,10
3017,9
3018,12
3019,15
3020,12
3021,13
3022,16
3023,11
3024,7
3025,11
3026,7
3027,10
3028,8
3029,14
3030,7
3031,7
3032,10
3033,13
3034,9
3035,10
3036,7
3037,9
3038,6
3039,9
3040,4
3041,10
3042,2
3043,4
3044,9
3045,6
3046,4
3047,4
3048,6
3049,3
3050,4
3051,4
3052,7
3053,8
3054,9
3055,4
3056,6
3057,6
3058,2
3059,6
3060,5
3061,4
3062,7
3063,9
3064,12
3065,8
3066,13
3067,8
3068,6
3069,11
3070,8
3071,5
3072,6
3073,9
3074,4
3075,9
3076,5
3077,6
3078,8
3079,4
3080,7
3081,5
3082,6
3083,4
3084,7
3085,8
3086,4
3087,4
3088,7
3089,4
3090,12
3091,8
3092,8
3093,7
3094,4
3095,10
3096,5
3097,5
3098,7
3099,6
3100,7
3101,10
3102,4
3103,3
3104,11
3105,7
3106,3
3107,7
3108,13
3109,8
3110,12
3111,10
3112,11
3113,10
3114,14
3115,10
3116,14
3117,8
3118,12
3119,11
3120,12
3121,10
3122,6
3123,12
3124,11
3125,6
3126,13
3127,8
3128,3
3129,4
3130,8
3131,9
3132,5
3133,10
3134,3
3135,8
3136,4
3137,4
3138,11
3139,7
3140,9
3141,9
3142,9
3143,7
3144,9
3145,9
3146,7
3147,8
3148,10
3149,10
3150,7
3151,12
3152,3
3153,3
3154,6
3155,7
3156,5
3157,8
3158,5
3159,6
3160,5
3161,10
3162,5
3163,5
3164,9
3165,6
3166,8
3167,6
3168,10
3169,5
3170,6
3171,5
3172,8
3173,5
3174,6
3175,4
3176,6
3177,5
3178,8
3179,5
3180,1
3181,8
3182,10
3183,9
3184,11
3185,4
3186,5
3187,11
3188,10
3189,7
3190,7
3191,10
3192,10
3193,11
3194,12
3195,8
3196,7
3197,15
3198,6
3199,9
3200,8
3201,3
3202,5
3203,5
3204,3
3205,10
3206,5
3207,10
3208,12
3209,5
3210,10
3211,11
3212,13
3213,6
3214,5
3215,5
3216,9
3217,10
3218,6
3219,7
3220,5
3221,9
3222,11
3223,4
3224,7
3225,3
3226,7
3227,9
3228,4
3229,6
3230,7
3231,5
3232,7
3233,4
3234,6
3235,4
3236,5
3237,5
3238,7
3239,8
3240,6
3241,9
3242,11
3243,6
3244,6
3245,9
3246,6
3247,5
3248,5
3249,5
3250,11
3251,10
3252,7
3253,7
3254,10
3255,9
3256,10
3257,6
3258,8
3259,9
3260,7
3261,10
3262,14
3263,5
3264,3
3265,9
3266,9
3267,7
3268,12
3269,9
3270,9
3271,12
3272,8
3273,7
3274,11
3275,8
3276,14
3277,6
3278,6
3279,8
3280,5
3281,5
3282,10
3283,8
3284,8
3285,9
3286,18
3287,9
3288,14
3289,11
3290,9
3291,12
3292,7
3293,8
3294,11
3295,7
3296,12
3297,10
3298,11
3299,12
3300,13
3301,11
3302,7
3303,10
3304,13
3305,6
3306,15
3307,6
3308,7
3309,8
3310,10
3311,4
3312,9
3313,9
3314,9
3315,11
3316,6
3317,16
3318,11
3319,10
3320,11
3321,9
3322,16
3323,15
3324,16
3325,13
3326,6
3327,12
3328,6
3329,9
3330,13
3331,8
3332,5
3333,7
3334,4
3335,9
3336,3
3337,2
3338,7
3339,11
3340,10
3341,11
3342,11
3343,7
3344,6
3345,15
3346,9
3347,8
3348,8
3349,4
3350,6
3351,15
3352,18
3353,11
3354,11
3355,8
3356,8
3357,3
3358,7
3359,12
3360,3
3361,5
3362,5
3363,7
3364,8
3365,13
3366,6
3367,11
3368,12
3369,15
3370,9
3371,16
3372,11
3373,7
3374,11
3375,8
3376,9
3377,12
3378,9
3379,9
3380,7
3381,9
3382,7
3383,10
3384,3
3385,11
3386,5
3387,7
3388,5
3389,8
3390,10
3391,7
3392,8
3393,6
3394,8
3395,4
3396,10
3397,14
3398,8
3399,7
3400,8
3401,9
3402,7
3403,7
3404,5
3405,9
3406,10
3407,6
3408,4
3409,5
3410,6
3411,5
3412,5
3413,9
3414,10
3415,12
3416,8
3417,5
3418,7
3419,12
3420,10
3421,6
3422,11
3423,8
3424,6
3425,8
3426,5
3427,13
3428,9
3429,6
3430,6
3431,11
3432,6
3433,14
3434,10
3435,13
3436,9
3437,9
3438,9
3439,3
3440,3
3441,8
3442,6
3443,6
3444,8
3445,6
3446,3
3447,10
3448,11
3449,11
3450,7
3451,9
3452,7
3453,7
3454,7
3455,4
3456,5
3457,6
3458,6
3459,7
3460,5
3461,8
3462,5
3463,6
3464,4
3465,8
3466,7
3467,6
3468,3
3469,12
3470,5
3471,6
3472,3
3473,6
3474,6
3475,7
3476,5
3477,6
3478,5
3479,8
3480,9
3481,7
3482,6
3483,12
3484,11
3485,10
3486,11
3487,11
3488,9
3489,10
3490,12
3491,11
3492,9
3493,12
3494,11
3495,10
3496,10
3497,13
3498,9
3499,10
3500,10
3501,9
3502,7
3503,15
3504,14
3505,11
3506,7
3507,14
3508,10
3509,11
3510,9
3511,6
3512,10
3513,16
3514,7
3515,8
3516,13
3517,8
3518,9
3519,10
3520,15
3521,8
3522,5
3523,16
3524,8
3525,5
3526,5
3527,7
3528,7
3529,6
3530,9
3531,9
3532,2
3533,5
3534,5
3535,7
3536,8
3537,6
3538,6
3539,7
3540,7
3541,7
3542,6
3543,7
3544,9
3545,4
3546,3
3547,8
3548,9
3549,5
3550,7
3551,5
3552,4
3553,6
3554,11
3555,13
3556,7
3557,5
3558,12
3559,9
3560,15
3561,6
3562,8
3563,12
3564,6
3565,9
3566,6
3567,9
3568,6
3569,8
3570,7
3571,2
3572,6
3573,8
3574,5
3575,7
3576,4
3577,11
3578,10
3579,9
3580,10
3581,9
3582,7
3583,10
3584,9
3585,12
3586,5
3587,6
3588,12
3589,5
3590,4
3591,14
3592,9
3593,14
3594,13
3595,5
3596,11
3597,8
3598,19
3599,8
3600,8
3601,7
3602,4
3603,9
3604,11
3605,9
3606,12
3607,11
3608,16
3609,14
3610,9
3611,10
3612,7
3613,8
3614,11
3615,10
3616,11
3617,14
3618,9
3619,16
3620,20
3621,10
3622,12
3623,10
3624,9
3625,8
3626,12
3627,6
3628,6
3629,5
3630,4
3631,7
3632,7
3633,5
3634,9
3635,13
3636,3
3637,13
3638,5
3639,8
3640,10
3641,12
3642,7
3643,4
3644,9
3645,10
3646,15
3647,11
3648,15
3649,8
3650,6
3651,9
3652,7
3653,6
3654,11
3655,5
3656,6
3657,7
3658,2
3659,7
3660,5
3661,5
3662,9
3663,5
3664,4
3665,6
3666,4
3667,8
3668,14
3669,4
3670,5
3671,12
3672,12
3673,13
3674,11
3675,9
3676,11
3677,13
3678,7
3679,10
3680,4
3681,12
3682,10
3683,9
3684,8
3685,5
3686,8
3687,7
3688,6
3689,6
3690,10
3691,8
3692,10
3693,9
3694,12
3695,13
3696,8
3697,14
3698,11
3699,13
3700,13
3701,9
3702,10
3703,6
3704,11
3705,8
3706,6
3707,12
3708,13
3709,8
3710,5
3711,8
3712,7
3713,6
3714,9
3715,4
3716,6
3717,7
3718,8
3719,7
3720,4
3721,7
3722,5
3723,9
3724,7
3725,9
3726,8
3727,7
3728,9
3729,11
3730,5
3731,4
3732,12
3733,8
3734,3
3735,2
3736,9
3737,10
3738,8
3739,3
3740,10
3741,7
3742,5
3743,11
3744,13
3745,6
3746,10
3747,9
3748,8
3749,8
3750,11
3751,7
3752,8
3753,7
3754,11
3755,12
3756,12
3757,7
3758,11
3759,7
3760,10
3761,8
3762,10
3763,11
3764,3
3765,13
3766,6
3767,5
3768,7
3769,7
3770,8
3771,14
3772,4
3773,12
3774,11
3775,7
3776,8
3777,10
3778,7
3779,11
3780,7
3781,4
3782,7
3783,3
3784,3
3785,4
3786,10
3787,10
3788,9
3789,1
3790,5
3791,4
3792,9
3793,7
3794,5
3795,8
3796,6
3797,7
3798,6
3799,3
3800,6
3801,7
3802,3
3803,11
3804,8
3805,13
3806,8
3807,9
3808,8
3809,9
3810,8
3811,7
3812,7
3813,6
3814,12
3815,6
3816,11
3817,7
3818,9
3819,15
3820,9
3821,8
3822,11
3823,8
3824,13
3825,9
3826,8
3827,10
3828,7
3829,10
3830,5
3831,11
3832,11
3833,5
3834,8
3835,10
3836,9
3837,5
3838,9
3839,6
3840,9
3841,6
3842,6
3843,6
3844,8
3845,7
3846,5
3847,8
3848,11
3849,6
3850,11
3851,9
3852,3
3853,9
3854,9
3855,5
3856,10
3857,11
3858,11
3859,7
3860,7
3861,7
3862,12
3863,8
3864,7
3865,9
3866,10
3867,3
3868,11
3869,9
3870,7
3871,4
3872,5
3873,5
3874,4
3875,3
3876,7
3877,9
3878,4
3879,9
3880,3
3881,7
3882,10
3883,6
3884,9
3885,5
3886,11
3887,7
3888,8
3889,4
3890,13
3891,2
3892,8
3893,13
3894,12
3895,7
3896,8
3897,6
3898,7
3899,8
3900,11
3901,10
3902,4
3903,5
3904,9
3905,6
3906,10
3907,4
3908,5
3909,6
3910,10
3911,7
3912,6
3913,11
3914,11
3915,3
3916,17
3917,3
3918,7
3919,8
3920,7
3921,3
3922,5
3923,7
3924,7
3925,5
3926,7
3927,5
3928,8
3929,10
3930,6
3931,8
3932,12
3933,2
3934,12
3935,13
3936,9
3937,10
3938,13
3939,4
3940,12
3941,7
3942,8
3943,13
3944,10
3945,9
3946,12
3947,13
3948,14
3949,4
3950,7
3951,6
3952,9
3953,3
3954,7
3955,9
3956,7
3957,5
3958,7
3959,9
3960,9
3961,13
3962,7
3963,12
3964,6
3965,8
3966,4
3967,11
3968,3
3969,9
3970,5
3971,4
3972,12
3973,10
3974,10
3975,10
3976,7
3977,5
3978,10
3979,5
3980,8
3981,6
3982,6
3983,9
3984,7
3985,7
3986,6
3987,9
3988,7
3989,5
3990,6
3991,5
3992,4
3993,7
3994,5
3995,3
3996,8
3997,4
3998,6
3999,10
4000,7
4001,8
4002,8
4003,6
4004,10
4005,7
4006,9
4007,14
4008,8
4009,10
4010,5
4011,7
4012,11
4013,7
4014,11
4015,10
4016,9
4017,11
4018,7
4019,11
4020,10
4021,7
4022,9
4023,7
4024,2
4025,7
4026,4
4027,5
4028,6
4029,4
4030,5
4031,3
4032,8
4033,13
4034,14
4035,4
4036,11
4037,3
4038,9
4039,8
4040,10
4041,13
4042,12
4043,6
4044,12
4045,14
4046,11
4047,7
4048,14
4049,7
4050,18
4051,9
4052,16
4053,17
4054,12
4055,7
4056,17
4057,5
4058,13
4059,10
4060,13
4061,12
4062,12
4063,16
4064,8
4065,11
4066,7
4067,8
4068,13
4069,13
4070,9
4071,15
4072,12
4073,12
4074,6
4075,10
4076,9
4077,5
4078,8
4079,6
4080,6
4081,8
4082,8
4083,8
4084,12
4085,11
4086,10
4087,7
4088,12
4089,2
4090,7
4091,6
4092,5
4093,7
4094,2
4095,6
4096,5
4097,7
4098,10
4099,7
4100,6
4101,10
4102,11
4103,8
4104,12
4105,11
4106,10
4107,11
4108,12
4109,11
4110,11
4111,12
4112,10
4113,12
4114,12
4115,6
4116,14
4117,6
4118,6
4119,6
4120,6
4121,6
4122,7
4123,7
4124,5
4125,8
4126,10
4127,7
4128,8
4129,9
4130,10
4131,7
4132,7
4133,6
4134,11
4135,8
4136,3
4137,6
4138,3
4139,5
4140,8
4141,3
4142,8
4143,9
4144,6
4145,7
4146,11
4147,7
4148,8
4149,9
4150,8
4151,8
4152,9
4153,8
4154,5
4155,5
4156,6
4157,10
4158,8
4159,10
4160,9
4161,4
4162,6
4163,6
4164,4
4165,3
4166,7
4167,3
4168,6
4169,4
4170,7
4171,7
4172,5
4173,4
4174,7
4175,10
4176,5
4177,6
4178,7
4179,13
4180,10
4181,4
4182,7
4183,6
4184,7
4185,5
4186,7
4187,10
4188,6
4189,4
4190,8
4191,4
4192,10
4193,12
4194,5
4195,6
4196,11
4197,7
4198,8
4199,4
4200,9
4201,9
4202,10
4203,14
4204,10
4205,11
4206,18
4207,13
4208,11
4209,17
4210,10
4211,10
4212,9
4213,9
4214,10
4215,9
4216,17
4217,6
4218,12
4219,12
4220,14
4221,9
4222,8
4223,9
4224,12
4225,15
4226,5
4227,12
4228,7
4229,9
4230,4
4231,9
4232,7
4233,10
4234,6
4235,13
4236,10
4237,12
4238,16
4239,14
4240,11
4241,9
4242,6
4243,8
4244,7
4245,7
4246,14
4247,6
4248,9
4249,5
4250,8
4251,5
4252,8
4253,3
4254,3
4255,7
4256,5
4257,7
4258,6
4259,5
4260,3
4261,11
4262,13
4263,7
4264,12
4265,6
4266,11
4267,13
4268,17
4269,8
4270,13
4271,10
4272,13
4273,13
4274,12
4275,7
4276,8
4277,10
4278,5
4279,13
4280,9
4281,7
4282,11
4283,17
4284,15
4285,12
4286,12
4287,13
4288,7
4289,14
4290,9
4291,10
4292,7
4293,9
4294,8
4295,11
4296,7
4297,7
4298,5
4299,7
4300,7
4301,5
4302,5
4303,5
4304,4
4305,8
4306,5
4307,13
4308,6
4309,8
4310,7
4311,6
4312,7
4313,6
4314,11
4315,8
4316,16
4317,8
4318,7
4319,15
4320,11
4321,9
4322,12
4323,7
4324,12
4325,6
4326,6
4327,5
4328,8
4329,6
4330,13
4331,10
4332,7
4333,9
4334,8
4335,6
4336,12
4337,10
4338,9
4339,5
4340,9
4341,10
4342,3
4343,5
4344,6
4345,6
4346,4
4347,8
4348,5
4349,12
4350,4
4351,5
4352,9
4353,6
4354,7
4355,4
4356,5
4357,8
4358,5
4359,5
4360,8
4361,11
4362,14
4363,4
4364,8
4365,7
4366,12
4367,10
4368,6
4369,6
4370,7
4371,5
4372,12
4373,9
4374,6
4375,6
4376,6
4377,9
4378,10
4379,7
4380,7
4381,7
4382,10
4383,4
4384,6
4385,7
4386,5
4387,3
4388,7
4389,4
4390,11
4391,6
4392,3
4393,6
4394,5
4395,5
4396,6
4397,5
4398,4
4399,11
4400,5
4401,4
4402,7
4403,2
4404,7
4405,11
4406,5
4407,7
4408,9
4409,9
4410,6
4411,7
4412,9
4413,12
4414,4
4415,3
4416,6
4417,7
4418,10
4419,6
4420,7
4421,4
4422,2
4423,6
4424,8
4425,5
4426,13
4427,3
4428,9
4429,7
4430,3
4431,7
4432,6
4433,11
4434,11
4435,6
4436,3
4437,6
4438,4
4439,9
4440,11
4441,7
4442,14
4443,9
4444,9
4445,6
4446,8
4447,11
4448,9
4449,7
4450,4
4451,6
4452,7
4453,6
4454,10
4455,5
4456,5
4457,4
4458,11
4459,10
4460,5
4461,12
4462,8
4463,9
4464,7
4465,8
4466,7
4467,11
4468,5
4469,14
4470,8
4471,5
4472,3
4473,5
4474,9
4475,7
4476,8
4477,7
4478,7
4479,6
4480,15
4481,3
4482,8
4483,3
4484,11
4485,7
4486,11
4487,3
4488,1
4489,8
4490,7
4491,7
4492,10
4493,6
4494,11
4495,6
4496,16
4497,8
4498,8
4499,10
4500,8
4501,9
4502,12
4503,9
4504,13
4505,10
4506,11
4507,4
4508,6
4509,6
4510,7
4511,7
4512,4
4513,11
4514,5
4515,3
4516,4
4517,8
4518,9
4519,6
4520,8
4521,11
4522,7
4523,8
4524,3
4525,4
4526,10
4527,7
4528,10
4529,9
4530,9
4531,6
4532,9
4533,14
4534,11
4535,11
4536,11
4537,12
4538,11
4539,6
4540,9
4541,7
4542,8
4543,9
4544,9
4545,8
4546,4
4547,8
4548,9
4549,5
4550,9
4551,10
4552,5
4553,9
4554,10
4555,5
4556,9
4557,11
4558,11
4559,11
4560,10
4561,7
4562,12
4563,10
4564,7
4565,9
4566,7
4567,6
4568,8
4569,7
4570,6
4571,9
4572,8
4573,5
4574,7
4575,9
4576,9
4577,8
4578,6
4579,12
4580,8
4581,13
4582,8
4583,5
4584,6
4585,8
4586,8
4587,5
4588,1
4589,9
4590,6
4591,4
4592,9
4593,4
4594,11
4595,5
4596,7
4597,9
4598,6
4599,6
4600,9
4601,7
4602,5
4603,4
4604,7
4605,4
4606,11
4607,6
4608,4
4609,6
4610,6
4611,4
4612,5
4613,4
4614,5
4615,6
4616,12
4617,10
4618,10
4619,7
4620,4
4621,9
4622,6
4623,9
4624,7
4625,3
4626,4
4627,4
4628,9
4629,10
4630,5
4631,7
4632,7
4633,8
4634,6
4635,10
4636,6
4637,8
4638,14
4639,4
4640,11
4641,11
4642,10
4643,9
4644,9
4645,11
4646,13
4647,8
4648,9
4649,16
4650,15
4651,16
4652,11
4653,11
4654,9
4655,14
4656,12
4657,11
4658,12
4659,12
4660,8
4661,8
4662,14
4663,9
4664,12
4665,7
4666,8
4667,11
4668,8
4669,7
4670,5
4671,4
4672,4
4673,11
4674,6
4675,5
4676,6
4677,9
4678,7
4679,12
4680,7
4681,8
4682,12
4683,7
4684,9
4685,10
4686,7
4687,10
4688,9
4689,12
4690,5
4691,7
4692,7
4693,10
4694,9
4695,10
4696,5
4697,5
4698,5
4699,4
4700,10
4701,3
4702,7
4703,8
4704,5
4705,10
4706,3
4707,5
4708,3
4709,7
4710,3
4711,8
4712,8
4713,3
4714,5
4715,3
4716,2
4717,8
4718,6
4719,6
4720,5
4721,5
4722,8
4723,12
4724,2
4725,8
4726,7
4727,7
4728,6
4729,8
4730,6
4731,6
4732,7
4733,5
4734,5
4735,6
4736,5
4737,6
4738,4
4739,8
4740,5
4741,4
4742,8
4743,6
4744,5
4745,7
4746,12
4747,6
4748,5
4749,5
4750,7
4751,8
4752,6
4753,4
4754,7
4755,1
4756,6
4757,5
4758,8
4759,7
4760,4
4761,4
4762,9
4763,7
4764,3
4765,4
4766,7
4767,6
4768,4
4769,5
4770,6
4771,6
4772,3
4773,4
4774,6
4775,7
4776,7
4777,7
4778,10
4779,9
4780,8
4781,7
4782,9
4783,7
4784,9
4785,9
4786,2
4787,7
4788,6
4789,5
4790,5
4791,6
4792,5
4793,9
4794,4
4795,7
4796,8
4797,8
4798,8
4799,6
4800,5
4801,8
4802,5
4803,4
4804,6
4805,7
4806,8
4807,6
4808,11
4809,9
4810,5
4811,14
4812,6
4813,10
4814,4
4815,6
4816,8
4817,9
4818,8
4819,7
4820,7
4821,9
4822,5
4823,4
4824,8
4825,2
4826,6
4827,6
4828,3
4829,5
4830,6
4831,5
4832,4
4833,8
4834,5
4835,9
4836,9
4837,6
4838,5
4839,11
4840,6
4841,8
4842,7
4843,7
4844,9
4845,5
4846,9
4847,7
4848,3
4849,10
4850,6
4851,5
4852,4
4853,8
4854,10
4855,4
4856,6
4857,6
4858,4
4859,6
4860,8
4861,11
4862,9
4863,14
4864,10
4865,6
4866,10
4867,4
4868,8
4869,7
4870,9
4871,8
4872,16
4873,8
4874,7
4875,16
4876,11
4877,10
4878,11
4879,15
4880,10
4881,11
4882,7
4883,14
4884,11
4885,12
4886,6
4887,10
4888,7
4889,8
4890,8
4891,8
4892,6
4893,7
4894,5
4895,10
4896,6
4897,1
4898,6
4899,8
4900,5
4901,8
4902,5
4903,7
4904,12
4905,8
4906,8
4907,12
4908,11
4909,7
4910,7
4911,13
4912,1
4913,6
4914,9
4915,4
4916,5
4917,8
4918,13
4919,6
4920,10
4921,7
4922,8
4923,5
4924,7
4925,10
4926,4
4927,11
4928,5
4929,13
4930,11
4931,7
4932,10
4933,10
4934,10
4935,10
4936,6
4937,7
4938,10
4939,5
4940,4
4941,5
4942,8
4943,10
4944,10
4945,8
4946,7
4947,12
4948,7
4949,12
4950,9
4951,8
4952,9
4953,4
4954,8
4955,10
4956,10
4957,6
4958,3
4959,6
4960,6
4961,4
4962,4
4963,8
4964,2
4965,4
4966,5
4967,7
4968,6
4969,4
4970,8
4971,3
4972,7
4973,4
4974,10
4975,8
4976,9
4977,8
4978,9
4979,4
4980,2
4981,4
4982,6
4983,5
4984,5
4985,4
4986,5
4987,6
4988,9
4989,8
4990,11
4991,6
4992,5
4993,7
4994,6
4995,9
4996,7
4997,9
4998,6
4999,6
5000,4
5001,6
5002,7
5003,3
5004,7
5005,5
5006,6
5007,8
5008,9
5009,7
5010,2
5011,9
5012,4
5013,8
5014,7
5015,7
5016,6
5017,5
5018,8
5019,6
5020,2
5021,6
5022,5
5023,7
5024,8
5025,10
5026,12
5027,10
5028,9
5029,18
5030,12
5031,12
5032,13
5033,10
5034,7
5035,15
5036,16
5037,12
5038,13
5039,14
5040,17
5041,11
5042,16
5043,9
5044,12
5045,10
5046,10
5047,7
5048,12
5049,9
5050,7
5051,11
5052,9
5053,14
5054,5
5055,16
5056,11
5057,13
5058,7
5059,12
5060,9
5061,7
5062,7
5063,5
5064,12
5065,12
5066,9
5067,11
5068,6
5069,6
5070,7
5071,6
5072,8
5073,14
5074,12
5075,13
5076,11
5077,3
5078,11
5079,13
5080,7
5081,12
5082,11
5083,7
5084,7
5085,14
5086,8
5087,7
5088,10
5089,10
5090,5
5091,8
5092,4
5093,8
5094,9
5095,15
5096,5
5097,10
5098,11
5099,8
5100,13
5101,9
5102,7
5103,8
5104,9
5105,6
5106,8
5107,8
5108,9
5109,9
5110,11
5111,8
5112,12
5113,8
5114,9
5115,7
5116,9
5117,9
5118,8
5119,4
5120,7
5121,10
5122,9
5123,10
5124,12
5125,11
5126,5
5127,13
5128,8
5129,9
5130,6
5131,12
5132,14
5133,6
5134,7
5135,9
5136,11
5137,7
5138,12
5139,7
5140,5
5141,11
5142,8
5143,13
5144,8
5145,11
5146,12
5147,8
5148,11
5149,15
5150,12
5151,12
5152,15
5153,14
5154,13
5155,12
5156,14
5157,10
5158,4
5159,10
5160,16
5161,13
5162,9
5163,10
5164,11
5165,8
5166,7
5167,8
5168,13
5169,8
5170,12
5171,8
5172,10
5173,12
5174,6
5175,10
5176,11
5177,13
5178,6
5179,8
5180,8
5181,11
5182,3
5183,8
5184,12
5185,7
5186,11
5187,8
5188,8
5189,13
5190,7
5191,13
5192,5
5193,8
5194,10
5195,13
5196,11
5197,5
5198,15
5199,8
5200,10
5201,14
5202,11
5203,8
5204,11
5205,7
5206,4
5207,9
5208,11
5209,8
5210,6
5211,5
5212,3
5213,12
5214,6
5215,6
5216,9
5217,3
5218,9
5219,9
5220,8
5221,8
5222,9
5223,10
5224,10
5225,10
5226,9
5227,8
5228,7
5229,7
5230,5
5231,5
5232,10
5233,4
5234,6
5235,5
5236,3
5237,5
5238,3
5239,8
5240,7
5241,9
5242,4
5243,7
5244,9
5245,7
5246,9
5247,13
5248,11
5249,11
5250,11
5251,12
5252,17
5253,11
5254,11
5255,6
5256,9
5257,9
5258,7
5259,4
5260,9
5261,5
5262,6
5263,13
5264,8
5265,15
5266,7
5267,4
5268,6
5269,7
5270,5
5271,1
5272,8
5273,4
5274,4
5275,6
5276,17
5277,5
5278,9
5279,10
5280,3
5281,9
5282,5
5283,14
5284,10
5285,11
5286,3
5287,7
5288,10
5289,7
5290,10
5291,8
5292,11
5293,3
5294,5
5295,9
5296,4
5297,6
5298,1
5299,8
5300,4
5301,10
5302,8
5303,7
5304,7
5305,10
5306,6
5307,6
5308,8
5309,9
5310,6
5311,10
5312,8
5313,16
5314,7
5315,8
5316,12
5317,7
5318,12
5319,13
5320,9
5321,12
5322,20
5323,10
5324,10
5325,14
5326,10
5327,12
5328,4
5329,15
5330,8
5331,12
5332,7
5333,8
5334,12
5335,8
5336,8
5337,1
5338,13
5339,11
5340,9
5341,18
5342,11
5343,14
5344,18
5345,15
5346,11
5347,10
5348,10
5349,14
5350,8
5351,8
5352,11
5353,10
5354,18
5355,10
5356,8
5357,11
5358,14
5359,9
5360,10
5361,13
5362,15
5363,13
5364,12
5365,4
5366,9
5367,8
5368,7
5369,8
5370,14
5371,6
5372,10
5373,8
5374,13
5375,7
5376,8
5377,12
5378,9
5379,9
5380,7
5381,11
5382,3
5383,13
5384,11
5385,9
5386,9
5387,8
5388,7
5389,13
5390,14
5391,7
5392,13
5393,9
5394,6
5395,10
5396,7
5397,9
5398,9
5399,10
5400,9
5401,9
5402,7
5403,10
5404,13
5405,11
5406,17
5407,12
5408,14
5409,11
5410,10
5411,10
5412,13
5413,5
5414,7
5415,13
5416,6
5417,16
5418,18
5419,11
5420,12
5421,4
5422,9
5423,7
5424,12
5425,16
5426,8
5427,9
5428,10
5429,7
5430,11
5431,6
5432,9
5433,15
5434,10
5435,9
5436,9
5437,4
5438,7
5439,10
5440,10
5441,10
5442,3
5443,11
5444,10
5445,6
5446,18
5447,9
5448,11
5449,6
5450,9
5451,5
5452,11
5453,16
5454,10
5455,7
5456,14
5457,9
5458,14
5459,13
5460,7
5461,12
5462,8
5463,9
5464,11
5465,8
5466,9
5467,10
5468,9
5469,3
5470,10
5471,5
5472,14
5473,5
5474,6
5475,8
5476,10
5477,5
5478,9
5479,13
5480,10
5481,6
5482,13
5483,5
5484,14
5485,6
5486,8
5487,9
5488,11
5489,5
5490,9
5491,5
5492,10
5493,9
5494,8
5495,8
5496,8
5497,11
5498,12
5499,12
5500,12
5501,8
5502,16
5503,6
5504,4
5505,2
5506,7
5507,7
5508,8
5509,4
5510,6
5511,6
5512,9
5513,5
5514,8
5515,6
5516,7
5517,7
5518,4
5519,7
5520,8
5521,3
5522,4
5523,4
5524,7
5525,8
5526,11
5527,14
5528,6
5529,10
5530,12
5531,12
5532,13
5533,7
5534,11
5535,9
5536,13
5537,8
5538,7
5539,9
5540,8
5541,6
5542,10
5543,7
5544,10
5545,4
5546,4
5547,12
5548,15
5549,14
5550,9
5551,8
5552,13
5553,12
5554,6
5555,9
5556,4
5557,8
5558,5
5559,7
5560,5
5561,5
5562,7
5563,8
5564,7
5565,5
5566,9
5567,6
5568,7
5569,7
5570,8
5571,11
5572,8
5573,7
5574,6
5575,6
5576,11
5577,6
5578,13
5579,20
5580,17
5581,12
5582,15
5583,15
5584,21
5585,12
5586,17
5587,15
5588,14
5589,10
5590,7
5591,4
5592,13
5593,5
5594,10
5595,8
5596,9
5597,8
5598,15
5599,15
5600,12
5601,8
5602,8
5603,9
5604,15
5605,4
5606,10
5607,10
5608,5
5609,3
5610,11
5611,9
5612,9
5613,8
5614,7
5615,7
5616,9
5617,4
5618,10
5619,13
5620,13
5621,13
5622,15
5623,11
5624,7
5625,14
5626,11
5627,10
5628,6
5629,6
5630,6
5631,9
5632,7
5633,5
5634,8
5635,10
5636,8
5637,5
5638,6
5639,3
5640,10
5641,9
5642,6
5643,3
5644,6
5645,8
5646,4
5647,7
5648,7
5649,2
5650,7
5651,10
5652,5
5653,7
5654,11
5655,9
5656,7
5657,10
5658,11
5659,13
5660,14
5661,6
5662,4
5663,13
5664,7
5665,11
5666,13
5667,13
5668,7
5669,9
5670,7
5671,9
5672,8
5673,13
5674,6
5675,6
5676,7
5677,6
5678,6
5679,9
5680,11
5681,10
5682,5
5683,7
5684,7
5685,3
5686,5
5687,5
5688,4
5689,11
5690,7
5691,6
5692,6
5693,18
5694,5
5695,7
5696,8
5697,7
5698,7
5699,8
5700,7
5701,8
5702,7
5703,4
5704,6
5705,11
5706,6
5707,7
5708,5
5709,3
5710,7
5711,3
5712,7
5713,2
5714,3
5715,7
5716,6
5717,9
5718,11
5719,8
5720,6
5721,7
5722,13
5723,10
5724,10
5725,13
5726,11
5727,9
5728,7
5729,10
5730,7
5731,8
5732,9
5733,15
5734,8
5735,8
5736,8
5737,3
5738,7
5739,8
5740,10
5741,9
5742,10
5743,15
5744,12
5745,16
5746,6
5747,8
5748,11
5749,8
5750,8
5751,6
5752,10
5753,5
5754,8
5755,8
5756,9
5757,5
5758,7
5759,2
5760,2
5761,8
5762,7
5763,4
5764,6
5765,7
5766,6
5767,8
5768,4
5769,6
5770,5
5771,6
5772,4
5773,5
5774,7
5775,10
5776,6
5777,6
5778,10
5779,3
5780,4
5781,6
5782,3
5783,3
5784,5
5785,4
5786,7
5787,4
5788,7
5789,7
5790,7
5791,6
5792,7
5793,6
5794,10
5795,5
5796,13
5797,4
5798,10
5799,11
5800,12
5801,10
5802,18
5803,9
5804,10
5805,10
5806,7
5807,6
5808,4
5809,7
5810,11
5811,10
5812,3
5813,9
5814,11
5815,12
5816,10
5817,8
5818,5
5819,3
5820,3
5821,6
5822,6
5823,6
5824,7
5825,6
5826,13
5827,7
5828,7
5829,11
5830,9
5831,8
5832,9
5833,11
5834,4
5835,10
5836,4
5837,8
5838,4
5839,5
5840,8
5841,11
5842,4
5843,3
5844,11
5845,5
5846,4
5847,7
5848,7
5849,9
5850,8
5851,8
5852,8
5853,6
5854,4
5855,7
5856,8
5857,8
5858,5
5859,6
5860,4
5861,5
5862,3
5863,5
5864,7
5865,8
5866,5
5867,4
5868,5
5869,5
5870,2
5871,5
5872,6
5873,5
5874,2
5875,14
5876,6
5877,4
5878,5
5879,3
5880,9
5881,7
5882,5
5883,8
5884,6
5885,8
5886,7
5887,6
5888,5
5889,7
5890,8
5891,2
5892,7
5893,8
5894,7
5895,8
5896,8
5897,12
5898,12
5899,15
5900,11
5901,8
5902,9
5903,8
5904,5
5905,6
5906,7
5907,12
5908,8
5909,5
5910,8
5911,9
5912,11
5913,7
5914,8
5915,8
5916,6
5917,7
5918,6
5919,11
5920,12
5921,10
5922,10
5923,10
5924,5
5925,9
5926,8
5927,11
5928,7
5929,10
5930,9
5931,10
5932,3
5933,13
5934,11
5935,11
5936,12
5937,10
5938,12
5939,5
5940,7
5941,9
5942,12
5943,6
5944,8
5945,14
5946,9
5947,10
5948,7
5949,10
5950,11
5951,4
5952,13
5953,9
5954,7
5955,13
5956,8
5957,11
5958,8
5959,9
5960,11
5961,10
5962,8
5963,9
5964,10
5965,14
5966,7
5967,7
5968,7
5969,5
5970,2
5971,10
5972,11
5973,6
5974,9
5975,7
5976,4
5977,5
5978,12
5979,8
5980,14
5981,6
5982,5
5983,5
5984,7
5985,5
5986,7
5987,7
5988,2
5989,5
5990,9
5991,3
5992,3
5993,6
5994,7
5995,4
5996,6
5997,6
5998,12
5999,11
6000,7
6001,7
6002,9
6003,14
6004,4
6005,9
6006,5
6007,4
6008,9
6009,5
6010,3
6011,5
6012,6
6013,12
6014,7
6015,7
6016,8
6017,4
6018,9
6019,8
6020,9
6021,7
6022,6
6023,9
6024,7
6025,5
6026,7
6027,4
6028,7
6029,7
6030,6
6031,10
6032,5
6033,5
6034,9
6035,12
6036,11
6037,10
6038,8
6039,7
6040,6
6041,10
6042,5
6043,6
6044,7
6045,6
6046,7
6047,3
6048,6
6049,5
6050,9
6051,7
6052,7
6053,9
6054,5
6055,8
6056,2
6057,6
6058,11
6059,2
6060,10
6061,8
6062,9
6063,8
6064,14
6065,8
6066,8
6067,13
6068,9
6069,12
6070,10
6071,9
6072,8
6073,13
6074,8
6075,8
6076,7
6077,12
6078,10
6079,6
6080,11
6081,7
6082,7
6083,9
6084,9
6085,10
6086,5
6087,9
6088,8
6089,10
6090,8
6091,10
6092,3
6093,7
6094,7
6095,8
6096,8
6097,10
6098,6
6099,10
6100,14
6101,8
6102,11
6103,5
6104,7
6105,11
6106,6
6107,9
6108,10
6109,11
6110,15
6111,6
6112,13
6113,5
6114,9
6115,10
6116,7
6117,7
6118,8
6119,10
6120,8
6121,7
6122,8
6123,7
6124,9
6125,7
6126,8
6127,5
6128,13
6129,11
6130,10
6131,9
6132,10
6133,13
6134,4
6135,8
6136,10
6137,11
6138,10
6139,17
6140,18
6141,3
6142,12
6143,10
6144,9
6145,5
6146,7
6147,7
6148,6
6149,13
6150,8
6151,6
6152,14
6153,6
6154,8
6155,7
6156,6
6157,10
6158,11
6159,8
6160,8
6161,6
6162,5
6163,10
6164,7
6165,9
6166,8
6167,4
6168,4
6169,4
6170,9
6171,7
6172,9
6173,6
6174,9
6175,7
6176,4
6177,6
6178,5
6179,2
6180,7
6181,7
6182,6
6183,7
6184,6
6185,9
6186,12
6187,8
6188,11
6189,9
6190,6
6191,14
6192,5
6193,8
6194,8
6195,8
6196,8
6197,11
6198,5
6199,7
6200,8
6201,5
6202,7
6203,5
6204,8
6205,7
6206,8
6207,7
6208,10
6209,5
6210,8
6211,13
6212,6
6213,8
6214,10
6215,16
6216,9
6217,6
6218,8
6219,18
6220,6
6221,10
6222,8
6223,7
6224,4
6225,7
6226,6
6227,5
6228,6
6229,9
6230,6
6231,9
6232,8
6233,11
6234,10
6235,4
6236,10
6237,7
6238,7
6239,10
6240,7
6241,7
6242,8
6243,5
6244,10
6245,11
6246,5
6247,12
6248,12
6249,9
6250,15
6251,13
6252,7
6253,13
6254,8
6255,9
6256,8
6257,8
6258,15
6259,10
6260,13
6261,12
6262,10
6263,14
6264,11
6265,6
6266,7
6267,7
6268,9
6269,11
6270,12
6271,12
6272,8
6273,16
6274,17
6275,14
6276,6
6277,11
6278,10
6279,9
6280,14
6281,13
6282,10
6283,9
6284,7
6285,15
6286,5
6287,7
6288,9
6289,9
6290,7
6291,3
6292,4
6293,13
6294,8
6295,7
6296,8
6297,10
6298,9
6299,6
6300,9
6301,7
6302,8
6303,8
6304,8
6305,16
6306,11
6307,16
6308,7
6309,10
6310,13
6311,11
6312,11
6313,14
6314,9
6315,12
6316,10
6317,6
6318,12
6319,8
6320,10
6321,10
6322,11
6323,7
6324,10
6325,15
6326,11
6327,12
6328,7
6329,11
6330,7
6331,12
6332,12
6333,15
6334,9
6335,7
6336,5
6337,17
6338,8
6339,8
6340,11
6341,13
6342,8
6343,9
6344,7
6345,14
6346,7
6347,8
6348,9
6349,15
6350,9
6351,13
6352,7
6353,8
6354,5
6355,16
6356,9
6357,10
6358,6
6359,13
6360,9
6361,6
6362,11
6363,10
6364,13
6365,13
6366,15
6367,5
6368,10
6369,13
6370,8
6371,7
6372,6
6373,5
6374,8
6375,6
6376,8
6377,5
6378,10
6379,4
6380,7
6381,7
6382,8
6383,7
6384,11
6385,11
6386,7
6387,6
6388,9
6389,4
6390,9
6391,7
6392,7
6393,4
6394,9
6395,3
6396,4
6397,7
6398,6
6399,9
6400,7
6401,8
6402,10
6403,5
6404,12
6405,11
6406,9
6407,7
6408,5
6409,9
6410,8
6411,7
6412,13
6413,8
6414,9
6415,9
6416,8
6417,8
6418,7
6419,9
6420,9
6421,10
6422,6
6423,10
6424,10
6425,9
6426,10
6427,12
6428,6
6429,6
6430,8
6431,7
6432,9
6433,8
6434,10
6435,9
6436,11
6437,5
6438,7
6439,8
6440,11
6441,6
6442,9
6443,9
6444,11
6445,7
6446,10
6447,9
6448,8
6449,9
6450,7
6451,6
6452,11
6453,14
6454,9
6455,13
6456,9
6457,9
6458,6
6459,8
6460,9
6461,6
6462,6
6463,11
6464,11
6465,5
6466,9
6467,7
6468,5
6469,11
6470,12
6471,11
6472,11
6473,5
6474,10
6475,9
6476,6
6477,9
6478,15
6479,9
6480,7
6481,10
6482,6
6483,11
6484,7
6485,10
6486,8
6487,8
6488,5
6489,8
6490,7
6491,7
6492,7
6493,5
6494,14
6495,6
6496,11
6497,4
6498,7
6499,9
6500,8
6501,6
6502,8
6503,6
6504,7
6505,11
6506,6
6507,8
6508,7
6509,6
6510,7
6511,9
6512,9
6513,6
6514,6
6515,3
6516,8
6517,6
6518,7
6519,3
6520,7
6521,2
6522,8
6523,5
6524,8
6525,4
6526,4
6527,6
6528,6
6529,10
6530,5
6531,5
6532,5
6533,10
6534,8
6535,6
6536,10
6537,6
6538,7
6539,11
6540,9
6541,6
6542,11
6543,10
6544,9
6545,8
6546,12
6547,8
6548,5
6549,7
6550,6
6551,6
6552,6
6553,5
6554,2
6555,9
6556,6
6557,7
6558,9
6559,6
6560,6
6561,9
6562,6
6563,5
6564,5
6565,10
6566,7
6567,11
6568,4
6569,7
6570,5
6571,10
6572,6
6573,5
6574,11
6575,4
6576,10
6577,5
6578,7
6579,6
6580,6
6581,9
6582,4
6583,6
6584,7
6585,9
6586,8
6587,12
6588,11
6589,4
6590,8
6591,9
6592,4
6593,11
6594,14
6595,4
6596,6
6597,11
6598,7
6599,9
6600,7
6601,9
6602,7
6603,6
6604,6
6605,6
6606,6
6607,8
6608,8
6609,7
6610,5
6611,4
6612,9
6613,5
6614,6
6615,8
6616,4
6617,11
6618,5
6619,11
6620,8
6621,5
6622,9
6623,5
6624,12
6625,13
6626,9
6627,5
6628,8
6629,7
6630,6
6631,11
6632,8
6633,9
6634,8
6635,5
6636,10
6637,5
6638,12
6639,6
6640,10
6641,8
6642,11
6643,15
6644,11
6645,12
6646,11
6647,5
6648,10
6649,11
6650,10
6651,7
6652,6
6653,10
6654,9
6655,5
6656,8
6657,4
6658,9
6659,5
6660,11
6661,6
6662,11
6663,5
6664,10
6665,9
6666,7
6667,8
6668,8
6669,10
6670,5
6671,12
6672,11
6673,20
6674,16
6675,11
6676,10
6677,11
6678,12
6679,10
6680,6
6681,6
6682,10
6683,9
6684,8
6685,4
6686,16
6687,3
6688,10
6689,15
6690,6
6691,10
6692,10
6693,10
6694,8
6695,9
6696,12
6697,6
6698,14
6699,6
6700,12
6701,11
6702,11
6703,9
6704,10
6705,11
6706,11
6707,8
6708,14
6709,8
6710,7
6711,8
6712,9
6713,12
6714,5
6715,6
6716,8
6717,10
6718,14
6719,10
6720,11
6721,11
6722,6
6723,14
6724,14
6725,10
6726,8
6727,14
6728,9
6729,9
6730,11
6731,8
6732,8
6733,9
6734,11
6735,9
6736,10
6737,10
6738,12
6739,6
6740,12
6741,11
6742,11
6743,9
6744,8
6745,8
6746,13
6747,14
6748,9
6749,16
6750,9
6751,14
6752,5
6753,13
6754,12
6755,12
6756,14
6757,8
6758,11
6759,10
6760,11
6761,12
6762,12
6763,8
6764,10
6765,8
6766,7
6767,6
6768,10
6769,8
6770,6
6771,7
6772,10
6773,5
6774,10
6775,5
6776,9
6777,12
6778,13
6779,6
6780,9
6781,4
6782,12
6783,15
6784,10
6785,7
6786,13
6787,10
6788,8
6789,2
6790,12
6791,10
6792,6
6793,13
6794,9
6795,8
6796,8
6797,10
6798,10
6799,16
6800,15
6801,16
6802,7
6803,14
6804,8
6805,8
6806,7
6807,8
6808,2
6809,6
6810,7
6811,8
6812,8
6813,10
6814,8
6815,4
6816,8
6817,4
6818,5
6819,6
6820,6
6821,6
6822,12
6823,5
6824,10
6825,7
6826,3
6827,4
6828,6
6829,14
6830,7
6831,12
6832,7
6833,11
6834,11
6835,8
6836,5
6837,6
6838,16
6839,6
6840,7
6841,6
6842,4
6843,11
6844,4
6845,8
6846,8
6847,3
6848,12
6849,3
6850,5
6851,5
6852,7
6853,4
6854,8
6855,10
6856,7
6857,6
6858,10
6859,6
6860,10
6861,5
6862,14
6863,4
6864,7
6865,11
6866,9
6867,7
6868,9
6869,8
6870,9
6871,7
6872,7
6873,9
6874,9
6875,8
6876,6
6877,4
6878,7
6879,8
6880,8
6881,6
6882,7
6883,6
6884,7
6885,7
6886,6
6887,8
6888,10
6889,8
6890,8
6891,11
6892,7
6893,9
6894,4
6895,10
6896,8
6897,9
6898,10
6899,12
6900,10
6901,4
6902,3
6903,13
6904,6
6905,4
6906,10
6907,14
6908,6
6909,3
6910,5
6911,6
6912,7
6913,7
6914,6
6915,4
6916,6
6917,6
6918,7
6919,5
6920,10
6921,11
6922,5
6923,6
6924,12
6925,8
6926,7
6927,9
6928,15
6929,10
6930,7
6931,7
6932,5
6933,10
6934,8
6935,12
6936,5
6937,9
6938,11
6939,5
6940,6
6941,6
6942,5
6943,3
6944,5
6945,4
6946,10
6947,6
6948,10
6949,5
6950,6
6951,4
6952,5
6953,7
6954,7
6955,2
6956,3
6957,6
6958,10
6959,7
6960,2
6961,9
6962,5
6963,5
6964,7
6965,10
6966,5
6967,10
6968,8
6969,11
6970,7
6971,5
6972,11
6973,10
6974,13
6975,9
6976,7
6977,10
6978,11
6979,7
6980,12
6981,13
6982,8
6983,12
6984,9
6985,14
6986,10
6987,7
6988,14
6989,6
6990,12
6991,7
6992,17
6993,10
6994,7
6995,14
6996,6
6997,10
6998,9
6999,15
7000,12
7001,14
7002,10
7003,12
7004,10
7005,11
7006,18
7007,9
7008,15
7009,9
7010,5
7011,11
7012,8
7013,5
7014,8
7015,4
7016,6
7017,8
7018,7
7019,13
7020,9
7021,4
7022,11
7023,6
7024,4
7025,10
7026,8
7027,8
7028,7
7029,13
7030,9
7031,5
7032,9
7033,3
7034,7
7035,5
7036,4
7037,8
7038,5
7039,6
7040,11
7041,7
7042,4
7043,5
7044,7
7045,11
7046,4
7047,5
7048,6
7049,6
7050,6
7051,5
7052,3
7053,7
7054,4
7055,4
7056,8
7057,6
7058,5
7059,6
7060,8
7061,8
7062,7
7063,8
7064,8
7065,3
7066,4
7067,11
7068,5
7069,2
7070,4
7071,4
7072,5
7073,5
7074,2
7075,7
7076,13
7077,9
7078,9
7079,11
7080,10
7081,12
7082,8
7083,6
7084,12
7085,9
7086,12
7087,9
7088,8
7089,10
7090,14
7091,11
7092,8
7093,6
7094,14
7095,10
7096,13
7097,8
7098,7
7099,7
7100,7
7101,9
7102,4
7103,7
7104,8
7105,10
7106,5
7107,8
7108,5
7109,11
7110,9
7111,9
7112,7
7113,8
7114,8
7115,10
7116,14
7117,11
7118,8
7119,13
7120,12
7121,7
7122,9
7123,11
7124,7
7125,15
7126,14
7127,8
7128,10
7129,11
7130,10
7131,9
7132,11
7133,9
7134,10
7135,8
7136,10
7137,7
7138,7
7139,8
7140,5
7141,7
7142,12
7143,6
7144,8
7145,7
7146,7
7147,4
7148,11
7149,11
7150,10
7151,6
7152,7
7153,6
7154,7
7155,10
7156,6
7157,8
7158,17
7159,11
7160,6
7161,10
7162,10
7163,8
7164,12
7165,7
7166,6
7167,6
7168,9
7169,8
7170,6
7171,6
7172,7
7173,13
7174,3
7175,10
7176,4
7177,12
7178,7
7179,9
7180,6
7181,6
7182,11
7183,7
7184,7
7185,7
7186,6
7187,8
7188,3
7189,6
7190,8
7191,7
7192,3
7193,3
7194,10
7195,5
7196,7
7197,3
7198,5
7199,2
7200,8
7201,4
7202,7
7203,9
7204,6
7205,3
7206,8
7207,4
7208,7
7209,3
7210,6
7211,7
7212,6
7213,5
7214,9
7215,4
7216,5
7217,8
7218,6
7219,8
7220,5
7221,8
7222,5
7223,9
7224,7
7225,5
7226,9
7227,8
7228,8
7229,7
7230,3
7231,4
7232,3
7233,6
7234,5
7235,9
7236,2
7237,6
7238,4
7239,13
7240,4
7241,8
7242,4
7243,11
7244,4
7245,11
7246,9
7247,5
7248,10
7249,13
7250,6
7251,4
7252,6
7253,10
7254,7
7255,8
7256,9
7257,6
7258,8
7259,9
7260,9
7261,5
7262,8
7263,4
7264,3
7265,4
7266,5
7267,4
7268,5
7269,4
7270,7
7271,8
7272,6
7273,4
7274,9
7275,6
7276,5
7277,7
7278,6
7279,9
7280,5
7281,10
7282,8
7283,8
7284,7
7285,6
7286,10
7287,9
7288,3
7289,3
7290,11
7291,9
7292,9
7293,6
7294,6
7295,12
7296,12
7297,8
7298,6
7299,12
7300,4
7301,11
7302,9
7303,5
7304,8
7305,9
7306,6
7307,11
7308,14
7309,13
7310,9
7311,13
7312,11
7313,10
7314,12
7315,10
7316,10
7317,11
7318,19
7319,11
7320,9
7321,12
7322,11
7323,14
7324,10
7325,12
7326,8
7327,10
7328,10
7329,4
7330,13
7331,9
7332,12
7333,10
7334,11
7335,5
7336,10
7337,5
7338,10
7339,4
7340,6
7341,7
7342,8
7343,6
7344,4
7345,4
7346,8
7347,8
7348,8
7349,8
7350,10
7351,10
7352,11
7353,13
7354,8
7355,11
7356,9
7357,11
7358,9
7359,10
7360,6
7361,12
7362,14
7363,10
7364,12
7365,9
7366,12
7367,7
7368,4
7369,9
7370,9
7371,7
7372,6
7373,5
7374,17
7375,7
7376,7
7377,12
7378,6
7379,5
7380,9
7381,5
7382,7
7383,4
7384,6
7385,7
7386,8
7387,2
7388,5
7389,5
7390,9
7391,7
7392,7
7393,10
7394,9
7395,13
7396,14
7397,12
7398,5
7399,5
7400,5
7401,5
7402,3
7403,5
7404,4
7405,10
7406,4
7407,5
7408,6
7409,5
7410,4
7411,8
7412,4
7413,10
7414,5
7415,5
7416,2
7417,8
7418,8
7419,8
7420,15
7421,7
7422,5
7423,8
7424,4
7425,5
7426,8
7427,8
7428,15
7429,16
7430,14
7431,7
7432,6
7433,10
7434,11
7435,7
7436,1
7437,16
7438,7
7439,14
7440,8
7441,16
7442,9
7443,12
7444,13
7445,9
7446,7
7447,9
7448,8
7449,5
7450,5
7451,6
7452,5
7453,6
7454,10
7455,2
7456,4
7457,8
7458,7
7459,6
7460,5
7461,6
7462,11
7463,5
7464,10
7465,9
7466,6
7467,8
7468,9
7469,6
7470,5
7471,8
7472,14
7473,9
7474,10
7475,9
7476,8
7477,8
7478,8
7479,6
7480,8
7481,3
7482,7
7483,8
7484,8
7485,8
7486,7
7487,10
7488,7
7489,5
7490,5
7491,6
7492,6
7493,4
7494,5
7495,5
7496,2
7497,9
7498,5
7499,7
7500,4
7501,9
7502,9
7503,6
7504,7
7505,9
7506,3
7507,4
7508,3
7509,6
7510,5
7511,5
7512,6
7513,11
7514,12
7515,10
7516,5
7517,6
7518,4
7519,8
7520,6
7521,8
7522,7
7523,7
7524,12
7525,9
7526,6
7527,6
7528,7
7529,5
7530,11
7531,8
7532,6
7533,9
7534,4
7535,11
7536,6
7537,11
7538,7
7539,6
7540,6
7541,9
7542,12
7543,10
7544,6
7545,10
7546,8
7547,9
7548,10
7549,10
7550,12
7551,9
7552,9
7553,11
7554,9
7555,11
7556,8
7557,9
7558,11
7559,6
7560,5
7561,7
7562,7
7563,8
7564,2
7565,7
7566,8
7567,14
7568,8
7569,9
7570,14
7571,5
7572,4
7573,10
7574,10
7575,6
7576,10
7577,5
7578,7
7579,12
7580,7
7581,8
7582,10
7583,9
7584,10
7585,12
7586,11
7587,9
7588,9
7589,10
7590,7
7591,6
7592,10
7593,8
7594,8
7595,6
7596,13
7597,8
7598,13
7599,10
7600,7
7601,7
7602,7
7603,8
7604,8
7605,9
7606,8
7607,7
7608,5
7609,9
7610,7
7611,4
7612,6
7613,5
7614,5
7615,8
7616,7
7617,3
7618,9
7619,12
7620,4
7621,5
7622,6
7623,8
7624,10
7625,10
7626,7
7627,9
7628,13
7629,13
7630,12
7631,5
7632,11
7633,6
7634,11
7635,10
7636,8
7637,11
7638,9
7639,9
7640,12
7641,7
7642,6
7643,9
7644,8
7645,7
7646,4
7647,10
7648,6
7649,6
7650,8
7651,6
7652,11
7653,7
7654,9
7655,9
7656,5
7657,10
7658,13
7659,8
7660,11
7661,11
7662,6
7663,10
7664,9
7665,8
7666,10
7667,8
7668,8
7669,10
7670,7
7671,9
7672,11
7673,12
7674,11
7675,9
7676,8
7677,9
7678,10
7679,10
7680,8
7681,7
7682,7
7683,5
7684,11
7685,8
7686,11
7687,8
7688,9
7689,4
7690,7
7691,6
7692,5
7693,5
7694,9
7695,4
7696,2
7697,5
7698,4
7699,4
7700,7
7701,7
7702,9
7703,4
7704,6
7705,7
7706,9
7707,4
7708,6
7709,6
7710,4
7711,8
7712,8
7713,7
7714,11
7715,11
7716,8
7717,9
7718,6
7719,6
7720,4
7721,3
7722,6
7723,2
7724,11
7725,4
7726,7
7727,7
7728,9
7729,8
7730,7
7731,6
7732,12
7733,8
7734,8
7735,7
7736,8
7737,5
7738,5
7739,9
7740,4
7741,8
7742,8
7743,6
7744,7
7745,7
7746,9
7747,4
7748,3
7749,7
7750,3
7751,4
7752,7
7753,9
7754,4
7755,7
7756,11
7757,9
7758,10
7759,5
7760,8
7761,6
7762,8
7763,7
7764,7
7765,5
7766,10
7767,9
7768,8
7769,6
7770,7
7771,5
7772,4
7773,8
7774,8
7775,7
7776,10
7777,6
7778,3
7779,5
7780,5
7781,12
7782,5
7783,10
7784,3
7785,6
7786,11
7787,6
7788,7
7789,16
7790,10
7791,12
7792,13
7793,11
7794,12
7795,17
7796,10
7797,18
7798,6
7799,14
7800,12
7801,11
7802,14
7803,8
7804,8
7805,11
7806,10
7807,4
7808,12
7809,11
7810,13
7811,8
7812,14
7813,11
7814,7
7815,8
7816,9
7817,7
7818,6
7819,8
7820,12
7821,13
7822,9
7823,11
7824,11
7825,8
7826,7
7827,16
7828,11
7829,6
7830,8
7831,14
7832,9
7833,10
7834,13
7835,11
7836,7
7837,9
7838,12
7839,10
7840,8
7841,7
7842,13
7843,11
7844,9
7845,15
7846,5
7847,6
7848,7
7849,7
7850,12
7851,7
7852,9
7853,10
7854,8
7855,9
7856,7
7857,7
7858,6
7859,8
7860,13
7861,9
7862,13
7863,10
7864,12
7865,10
7866,13
7867,12
7868,15
7869,11
7870,11
7871,5
7872,6
7873,10
7874,9
7875,10
7876,13
7877,7
7878,5
7879,12
7880,7
7881,10
7882,7
7883,3
7884,4
7885,6
7886,5
7887,9
7888,5
7889,9
7890,3
7891,5
7892,7
7893,8
7894,10
7895,8
7896,6
7897,10
7898,5
7899,8
7900,8
7901,6
7902,6
7903,6
7904,5
7905,11
7906,4
7907,9
7908,4
7909,7
7910,8
7911,7
7912,4
7913,4
7914,7
7915,12
7916,7
7917,4
7918,7
7919,7
7920,13
7921,8
7922,6
7923,4
7924,3
7925,8
7926,3
7927,8
7928,8
7929,4
7930,6
7931,5
7932,5
7933,11
7934,5
7935,6
7936,11
7937,4
7938,9
7939,10
7940,7
7941,4
7942,6
7943,6
7944,5
7945,7
7946,8
7947,3
7948,10
7949,5
7950,3
7951,8
7952,9
7953,5
7954,4
7955,9
7956,4
7957,7
7958,5
7959,6
7960,7
7961,5
7962,11
7963,7
7964,4
7965,12
7966,8
7967,15
7968,10
7969,10
7970,7
7971,8
7972,9
7973,7
7974,13
7975,9
7976,8
7977,10
7978,14
7979,6
7980,5
7981,9
7982,8
7983,11
7984,9
7985,8
7986,7
7987,9
7988,10
7989,7
7990,8
7991,15
7992,7
7993,18
7994,10
7995,14
7996,6
7997,11
7998,8
7999,10
8000,8
8001,14
8002,11
8003,9
8004,14
8005,16
8006,14
8007,13
8008,11
8009,8
8010,13
8011,5
8012,8
8013,3
8014,8
8015,8
8016,10
8017,9
8018,8
8019,10
8020,5
8021,6
8022,8
8023,6
8024,1
8025,7
8026,8
8027,8
8028,8
8029,11
8030,6
8031,4
8032,4
8033,7
8034,6
8035,7
8036,5
8037,9
8038,8
8039,4
8040,7
8041,6
8042,6
8043,12
8044,6
8045,9
8046,3
8047,15
8048,6
8049,12
8050,3
8051,11
8052,9
8053,9
8054,7
8055,4
8056,7
8057,7
8058,6
8059,7
8060,7
8061,5
8062,11
8063,4
8064,6
8065,10
8066,7
8067,9
8068,10
8069,7
8070,8
8071,10
8072,7
8073,9
8074,12
8075,7
8076,9
8077,8
8078,9
8079,11
8080,7
8081,11
8082,8
8083,5
8084,9
8085,7
8086,4
8087,8
8088,1
8089,5
8090,5
8091,4
8092,6
8093,10
8094,9
8095,6
8096,12
8097,8
8098,4
8099,12
8100,4
8101,6
8102,10
8103,9
8104,10
8105,7
8106,9
8107,9
8108,9
8109,7
8110,7
8111,7
8112,6
8113,7
8114,8
8115,7
8116,8
8117,11
8118,10
8119,9
8120,6
8121,9
8122,11
8123,5
8124,10
8125,8
8126,13
8127,11
8128,10
8129,7
8130,7
8131,9
8132,7
8133,9
8134,9
8135,8
8136,9
8137,8
8138,9
8139,10
8140,16
8141,5
8142,5
8143,12
8144,9
8145,8
8146,9
8147,8
8148,13
8149,8
8150,6
8151,8
8152,11
8153,8
8154,8
8155,3
8156,12
8157,8
8158,9
8159,4
8160,13
8161,10
8162,5
8163,8
8164,8
8165,10
8166,9
8167,5
8168,7
8169,10
8170,9
8171,8
8172,9
8173,12
8174,8
8175,12
8176,8
8177,12
8178,9
8179,12
8180,4
8181,7
8182,9
8183,13
8184,7
8185,6
8186,6
8187,14
8188,7
8189,14
8190,8
8191,11
8192,5
8193,5
8194,6
8195,9
8196,13
8197,12
8198,7
8199,5
8200,8
8201,6
8202,10
8203,8
8204,14
8205,7
8206,12
8207,6
8208,8
8209,8
8210,4
8211,8
8212,7
8213,5
8214,8
8215,5
8216,11
8217,9
8218,2
8219,7
8220,4
8221,8
8222,4
8223,10
8224,8
8225,12
8226,6
8227,7
8228,10
8229,11
8230,6
8231,13
8232,15
8233,9
8234,9
8235,12
8236,9
8237,6
8238,7
8239,12
8240,10
8241,13
8242,8
8243,7
8244,12
8245,15
8246,6
8247,11
8248,13
8249,10
8250,8
8251,10
8252,9
8253,10
8254,11
8255,7
8256,12
8257,8
8258,12
8259,6
8260,9
8261,6
8262,14
8263,11
8264,9
8265,7
8266,10
8267,12
8268,9
8269,12
8270,14
8271,11
8272,6
8273,9
8274,12
8275,8
8276,8
8277,4
8278,10
8279,6
8280,6
8281,11
8282,13
8283,10
8284,11
8285,7
8286,4
8287,6
8288,8
8289,7
8290,4
8291,9
8292,7
8293,4
8294,6
8295,8
8296,4
8297,3
8298,7
8299,11
8300,8
8301,14
8302,10
8303,9
8304,5
8305,4
8306,4
8307,4
8308,4
8309,3
8310,7
8311,4
8312,4
8313,2
8314,9
8315,3
8316,8
8317,2
8318,4
8319,12
8320,6
8321,9
8322,6
8323,4
8324,7
8325,6
8326,7
8327,10
8328,6
8329,12
8330,9
8331,5
8332,9
8333,11
8334,12
8335,6
8336,7
8337,6
8338,10
8339,15
8340,10
8341,9
8342,8
8343,9
8344,7
8345,15
8346,7
8347,7
8348,12
8349,9
8350,11
8351,10
8352,6
8353,7
8354,5
8355,7
8356,6
8357,6
8358,7
8359,7
8360,4
8361,4
8362,9
8363,10
8364,5
8365,6
8366,8
8367,5
8368,9
8369,10
8370,6
8371,8
8372,8
8373,10
8374,5
8375,7
8376,10
8377,7
8378,11
8379,6
8380,7
8381,8
8382,9
8383,11
8384,10
8385,7
8386,11
8387,10
8388,9
8389,9
8390,9
8391,9
8392,9
8393,7
8394,8
8395,8
8396,8
8397,6
8398,10
8399,4
8400,8
8401,10
8402,8
8403,8
8404,8
8405,7
8406,12
8407,11
8408,12
8409,9
8410,7
8411,7
8412,10
8413,7
8414,12
8415,4
8416,17
8417,12
8418,13
8419,15
8420,7
8421,10
8422,10
8423,16
8424,14
8425,4
8426,13
8427,4
8428,8
8429,7
8430,10
8431,6
8432,8
8433,7
8434,16
8435,5
8436,14
8437,9
8438,11
8439,8
8440,15
8441,9
8442,9
8443,6
8444,19
8445,8
8446,12
8447,11
8448,10
8449,10
8450,14
8451,13
8452,8
8453,8
8454,6
8455,10
8456,14
8457,7
8458,9
8459,8
8460,9
8461,11
8462,8
8463,9
8464,4
8465,12
8466,6
8467,6
8468,9
8469,8
8470,6
8471,8
8472,3
8473,6
8474,6
8475,8
8476,6
8477,9
8478,7
8479,10
8480,10
8481,10
8482,4
8483,9
8484,9
8485,10
8486,5
8487,5
8488,3
8489,4
8490,10
8491,8
8492,3
8493,6
8494,10
8495,6
8496,9
8497,11
8498,9
8499,7
8500,6
8501,7
8502,9
8503,12
8504,10
8505,12
8506,14
8507,6
8508,11
8509,12
8510,8
8511,14
8512,15
8513,17
8514,13
8515,8
8516,11
8517,7
8518,12
8519,7
8520,8
8521,15
8522,11
8523,10
8524,8
8525,10
8526,10
8527,10
8528,6
8529,7
8530,8
8531,15
8532,6
8533,8
8534,7
8535,11
8536,7
8537,6
8538,10
8539,10
8540,6
8541,11
8542,10
8543,6
8544,5
8545,9
8546,8
8547,8
8548,5
8549,4
8550,6
8551,9
8552,9
8553,4
8554,6
8555,4
8556,6
8557,5
8558,4
8559,16
8560,10
8561,10
8562,9
8563,9
8564,6
8565,8
8566,7
8567,12
8568,9
8569,4
8570,8
8571,9
8572,7
8573,2
8574,7
8575,5
8576,5
8577,8
8578,6
8579,3
8580,8
8581,6
8582,6
8583,10
8584,5
8585,9
8586,11
8587,9
8588,3
8589,7
8590,3
8591,5
8592,6
8593,3
8594,7
8595,7
8596,10
8597,6
8598,4
8599,8
8600,9
8601,7
8602,4
8603,10
8604,4
8605,12
8606,4
8607,10
8608,9
8609,9
8610,7
8611,8
8612,6
8613,6
8614,7
8615,8
8616,7
8617,8
8618,15
8619,5
8620,16
8621,9
8622,18
8623,12
8624,6
8625,11
8626,11
8627,11
8628,9
8629,6
8630,10
8631,12
8632,8
8633,13
8634,9
8635,12
8636,11
8637,7
8638,12
8639,9
8640,8
8641,4
8642,9
8643,6
8644,6
8645,8
8646,8
8647,6
8648,10
8649,8
8650,9
8651,10
8652,14
8653,12
8654,9
8655,8
8656,11
8657,9
8658,8
8659,13
8660,9
8661,11
8662,12
8663,13
8664,7
8665,6
8666,6
8667,11
8668,3
8669,12
8670,9
8671,7
8672,9
8673,11
8674,6
8675,4
8676,8
8677,8
8678,6
8679,11
8680,11
8681,12
8682,8
8683,8
8684,10
8685,7
8686,10
8687,10
8688,9
8689,5
8690,8
8691,11
8692,14
8693,13
8694,11
8695,17
8696,12
8697,17
8698,15
8699,12
8700,10
8701,9
8702,16
8703,12
8704,14
8705,7
8706,11
8707,12
8708,10
8709,12
8710,10
8711,11
8712,12
8713,9
8714,7
8715,9
8716,10
8717,6
8718,8
8719,4
8720,12
8721,9
8722,6
8723,11
8724,5
8725,13
8726,8
8727,14
8728,15
8729,12
8730,13
8731,17
8732,13
8733,12
8734,13
8735,16
8736,15
8737,14
8738,18
8739,12
8740,16
8741,15
8742,11
8743,18
8744,9
8745,13
8746,9
8747,8
8748,13
8749,10
8750,8
8751,10
8752,14
8753,16
8754,10
8755,7
8756,12
8757,19
8758,14
8759,10
8760,10
8761,16
8762,6
8763,20
8764,13
8765,12
8766,7
8767,8
8768,13
8769,8
8770,10
8771,8
8772,11
8773,10
8774,11
8775,13
8776,7
8777,8
8778,8
8779,12
8780,16
8781,4
8782,15
8783,9
8784,8
8785,15
8786,12
8787,7
8788,7
8789,10
8790,15
8791,14
8792,11
8793,14
8794,12
8795,10
8796,16
8797,13
8798,16
8799,15
8800,9
8801,14
8802,11
8803,15
8804,14
8805,10
8806,12
8807,11
8808,11
8809,13
8810,6
8811,13
8812,14
8813,9
8814,13
8815,10
8816,10
8817,15
8818,10
8819,17
8820,11
8821,13
8822,11
8823,7
8824,12
8825,16
8826,10
8827,7
8828,11
8829,9
8830,12
8831,7
8832,9
8833,5
8834,7
8835,10
8836,6
8837,5
8838,8
8839,14
8840,8
8841,4
8842,11
8843,9
8844,6
8845,6
8846,6
8847,9
8848,6
8849,5
8850,11
8851,5
8852,13
8853,9
8854,9
8855,7
8856,14
8857,14
8858,15
8859,7
8860,7
8861,6
8862,9
8863,6
8864,5
8865,4
8866,11
8867,12
8868,14
8869,17
8870,11
8871,9
8872,10
8873,16
8874,13
8875,10
8876,14
8877,12
8878,14
8879,18
8880,11
8881,6
8882,13
8883,12
8884,11
8885,10
8886,9
8887,6
8888,15
8889,13
8890,14
8891,11
8892,19
8893,8
8894,15
8895,12
8896,5
8897,14
8898,9
8899,9
8900,7
8901,11
8902,10
8903,11
8904,8
8905,6
8906,11
8907,4
8908,11
8909,7
8910,9
8911,10
8912,3
8913,10
8914,10
8915,13
8916,6
8917,13
8918,12
8919,13
8920,10
8921,16
8922,10
8923,15
8924,10
8925,18
8926,6
8927,6
8928,5
8929,12
8930,7
8931,11
8932,9
8933,11
8934,13
8935,19
8936,10
8937,11
8938,12
8939,15
8940,15
8941,17
8942,16
8943,11
8944,10
8945,22
8946,14
8947,15
8948,8
8949,8
8950,9
8951,9
8952,8
8953,15
8954,8
8955,13
8956,9
8957,14
8958,5
8959,11
8960,10
8961,11
8962,13
8963,9
8964,11
8965,8
8966,6
8967,12
8968,6
8969,10
8970,10
8971,17
8972,13
8973,9
8974,10
8975,8
8976,11
8977,6
8978,12
8979,4
8980,6
8981,8
8982,8
8983,6
8984,5
8985,9
8986,4
8987,8
8988,7
8989,5
8990,11
8991,9
8992,5
8993,14
8994,6
8995,6
8996,5
8997,9
8998,7
8999,6
9000,9
9001,9
9002,3
9003,6
9004,5
9005,9
9006,6
9007,7
9008,4
9009,7
9010,6
9011,6
9012,4
9013,4
9014,8
9015,7
9016,8
9017,7
9018,4
9019,4
9020,7
9021,7
9022,8
9023,7
9024,7
9025,3
9026,7
9027,4
9028,4
9029,3
9030,4
9031,4
9032,6
9033,5
9034,7
9035,5
9036,6
9037,3
9038,10
9039,3
9040,6
9041,7
9042,7
9043,7
9044,5
9045,6
9046,5
9047,6
9048,6
9049,7
9050,4
9051,3
9052,11
9053,14
9054,9
9055,10
9056,5
9057,4
9058,6
9059,3
9060,5
9061,6
9062,6
9063,7
9064,7
9065,7
9066,9
9067,7
9068,7
9069,9
9070,10
9071,11
9072,7
9073,4
9074,5
9075,8
9076,4
9077,6
9078,4
9079,7
9080,3
9081,5
9082,8
9083,8
9084,9
9085,8
9086,5
9087,8
9088,7
9089,12
9090,9
9091,8
9092,8
9093,7
9094,10
9095,11
9096,7
9097,9
9098,10
9099,10
9100,6
9101,4
9102,3
9103,11
9104,8
9105,7
9106,6
9107,10
9108,2
9109,10
9110,3
9111,5
9112,6
9113,4
9114,5
9115,6
9116,8
9117,7
9118,6
9119,6
9120,5
9121,15
9122,10
9123,16
9124,9
9125,9
9126,9
9127,8
9128,6
9129,14
9130,9
9131,10
9132,8
9133,9
9134,11
9135,12
9136,8
9137,5
9138,9
9139,5
9140,12
9141,9
9142,6
9143,9
9144,9
9145,8
9146,4
9147,3
9148,3
9149,11
9150,6
9151,4
9152,4
9153,7
9154,10
9155,6
9156,10
9157,9
9158,3
9159,5
9160,7
9161,8
9162,14
9163,7
9164,5
9165,5
9166,7
9167,12
9168,10
9169,8
9170,10
9171,10
9172,13
9173,4
9174,10
9175,6
9176,9
9177,14
9178,6
9179,11
9180,10
9181,11
9182,5
9183,10
9184,8
9185,11
9186,6
9187,10
9188,9
9189,5
9190,7
9191,7
9192,3
9193,10
9194,8
9195,7
9196,10
9197,6
9198,5
9199,8
9200,9
9201,6
9202,15
9203,8
9204,10
9205,5
9206,12
9207,9
9208,9
9209,9
9210,8
9211,6
9212,5
9213,7
9214,5
9215,11
9216,6
9217,12
9218,9
9219,11
9220,12
9221,11
9222,10
9223,10
9224,11
9225,11
9226,8
9227,13
9228,7
9229,9
9230,4
9231,7
9232,11
9233,11
9234,8
9235,6
9236,10
9237,6
9238,9
9239,6
9240,6
9241,6
9242,10
9243,7
9244,5
9245,11
9246,10
9247,5
9248,8
9249,6
9250,13
9251,6
9252,10
9253,8
9254,3
9255,5
9256,7
9257,10
9258,9
9259,14
9260,6
9261,7
9262,8
9263,10
9264,8
9265,8
9266,7
9267,11
9268,3
9269,8
9270,8
9271,8
9272,10
9273,16
9274,8
9275,13
9276,8
9277,12
9278,11
9279,12
9280,8
9281,6
9282,14
9283,15
9284,8
9285,8
9286,6
9287,6
9288,8
9289,11
9290,6
9291,10
9292,11
9293,8
9294,8
9295,9
9296,5
9297,10
9298,11
9299,11
9300,14
9301,11
9302,10
9303,9
9304,12
9305,9
9306,9
9307,11
9308,14
9309,4
9310,7
9311,6
9312,10
9313,6
9314,8
9315,7
9316,13
9317,6
9318,10
9319,7
9320,10
9321,12
9322,7
9323,8
9324,18
9325,13
9326,11
9327,11
9328,9
9329,7
9330,11
9331,11
9332,12
9333,13
9334,9
9335,13
9336,12
9337,9
9338,10
9339,16
9340,5
9341,12
9342,8
9343,12
9344,11
9345,9
9346,5
9347,9
9348,10
9349,6
9350,5
9351,7
9352,9
9353,9
9354,12
9355,10
9356,5
9357,6
9358,6
9359,6
9360,6
9361,7
9362,10
9363,9
9364,8
9365,8
9366,2
9367,7
9368,7
9369,10
9370,7
9371,12
9372,12
9373,4
9374,6
9375,12
9376,8
9377,9
9378,10
9379,10
9380,7
9381,8
9382,15
9383,10
9384,10
9385,16
9386,16
9387,10
9388,8
9389,14
9390,8
9391,14
9392,6
9393,8
9394,11
9395,9
9396,9
9397,16
9398,10
9399,8
9400,13
9401,14
9402,11
9403,7
9404,15
9405,5
9406,14
9407,10
9408,7
9409,6
9410,7
9411,9
9412,10
9413,9
9414,7
9415,10
9416,8
9417,11
9418,7
9419,8
9420,9
9421,4
9422,11
9423,7
9424,9
9425,7
9426,10
9427,5
9428,3
9429,4
9430,11
9431,8
9432,14
9433,7
9434,12
9435,9
9436,4
9437,6
9438,13
9439,10
9440,16
9441,7
9442,7
9443,6
9444,6
9445,6
9446,5
9447,9
9448,7
9449,6
9450,5
9451,8
9452,7
9453,10
9454,10
9455,11
9456,10
9457,9
9458,11
9459,12
9460,9
9461,13
9462,13
9463,11
9464,15
9465,9
9466,9
9467,10
9468,13
9469,10
9470,11
9471,14
9472,6
9473,10
9474,9
9475,9
9476,12
9477,5
9478,13
9479,5
9480,10
9481,12
9482,14
9483,16
9484,13
9485,12
9486,10
9487,16
9488,11
9489,15
9490,14
9491,7
9492,10
9493,9
9494,8
9495,9
9496,6
9497,5
9498,16
9499,9
9500,12
9501,12
9502,11
9503,8
9504,6
9505,10
9506,9
9507,7
9508,20
9509,5
9510,7
9511,6
9512,11
9513,9
9514,13
9515,7
9516,6
9517,10
9518,15
9519,7
9520,8
9521,13
9522,12
9523,9
9524,6
9525,11
9526,7
9527,8
9528,8
9529,9
9530,8
9531,12
9532,5
9533,6
9534,6
9535,9
9536,4
9537,7
9538,6
9539,5
9540,6
9541,8
9542,7
9543,4
9544,8
9545,9
9546,7
9547,6
9548,7
9549,8
9550,11
9551,6
9552,5
9553,7
9554,9
9555,8
9556,11
9557,5
9558,9
9559,12
9560,6
9561,6
9562,17
9563,10
9564,6
9565,9
9566,5
9567,15
9568,6
9569,8
9570,9
9571,10
9572,8
9573,9
9574,5
9575,9
9576,10
9577,12
9578,6
9579,10
9580,9
9581,15
9582,10
9583,7
9584,5
9585,9
9586,7
9587,8
9588,9
9589,6
9590,10
9591,10
9592,10
9593,9
9594,10
9595,9
9596,8
9597,10
9598,9
9599,12
9600,11
9601,11
9602,8
9603,7
9604,15
9605,9
9606,6
9607,8
9608,6
9609,10
9610,12
9611,5
9612,4
9613,8
9614,7
9615,6
9616,9
9617,8
9618,7
9619,8
9620,6
9621,8
9622,8
9623,11
9624,15
9625,16
9626,9
9627,15
9628,9
9629,13
9630,11
9631,10
9632,12
9633,21
9634,12
9635,10
9636,11
9637,14
9638,9
9639,5
9640,9
9641,15
9642,9
9643,11
9644,14
9645,18
9646,13
9647,9
9648,10
9649,11
9650,8
9651,9
9652,12
9653,6
9654,6
9655,6
9656,6
9657,8
9658,8
9659,8
9660,6
9661,7
9662,7
9663,2
9664,8
9665,6
9666,12
9667,6
9668,14
9669,11
9670,10
9671,15
9672,11
9673,14
9674,10
9675,13
9676,8
9677,9
9678,8
9679,8
9680,11
9681,8
9682,7
9683,14
9684,13
9685,10
9686,11
9687,10
9688,8
9689,15
9690,12
9691,9
9692,12
9693,9
9694,15
9695,8
9696,8
9697,12
9698,11
9699,8
9700,6
9701,9
9702,11
9703,4
9704,6
9705,12
9706,5
9707,6
9708,8
9709,8
9710,7
9711,4
9712,8
9713,8
9714,5
9715,5
9716,8
9717,10
9718,7
9719,8
9720,4
9721,7
9722,8
9723,6
9724,11
9725,15
9726,7
9727,10
9728,12
9729,10
9730,11
9731,9
9732,11
9733,9
9734,9
9735,7
9736,12
9737,18
9738,13
9739,11
9740,14
9741,8
9742,10
9743,9
9744,9
9745,7
9746,10
9747,11
9748,12
9749,4
9750,7
9751,8
9752,10
9753,7
9754,5
9755,6
9756,6
9757,6
9758,8
9759,9
9760,7
9761,11
9762,6
9763,8
9764,5
9765,3
9766,5
9767,12
9768,7
9769,10
9770,13
9771,7
9772,15
9773,9
9774,13
9775,10
9776,7
9777,8
9778,9
9779,3
9780,7
9781,9
9782,5
9783,9
9784,13
9785,13
9786,18
9787,10
9788,9
9789,11
9790,11
9791,15
9792,11
9793,13
9794,9
9795,6
9796,10
9797,7
9798,10
9799,10
9800,7
9801,12
9802,12
9803,9
9804,13
9805,5
9806,13
9807,14
9808,14
9809,13
9810,14
9811,9
9812,19
9813,12
9814,4
9815,10
9816,13
9817,13
9818,11
9819,5
9820,9
9821,10
9822,7
9823,9
9824,7
9825,8
9826,9
9827,8
9828,12
9829,7
9830,8
9831,6
9832,7
9833,10
9834,8
9835,13
9836,12
9837,7
9838,11
9839,9
9840,8
9841,15
9842,14
9843,11
9844,7
9845,4
9846,7
9847,14
9848,2
9849,5
9850,7
9851,7
9852,13
9853,4
9854,9
9855,7
9856,5
9857,10
9858,7
9859,7
9860,8
9861,6
9862,3
9863,8
9864,6
9865,4
9866,7
9867,11
9868,5
9869,8
9870,13
9871,6
9872,6
9873,8
9874,6
9875,9
9876,5
9877,5
9878,6
9879,4
9880,5
9881,6
9882,7
9883,7
9884,10
9885,9
9886,9
9887,6
9888,8
9889,8
9890,5
9891,6
9892,10
9893,6
9894,5
9895,4
9896,8
9897,5
9898,5
9899,8
9900,5
9901,4
9902,7
9903,6
9904,4
9905,6
9906,7
9907,7
9908,6
9909,6
9910,8
9911,8
9912,13
9913,5
9914,5
9915,11
9916,11
9917,9
9918,5
9919,7
9920,11
9921,10
9922,9
9923,7
9924,6
9925,9
9926,13
9927,10
9928,8
9929,10
9930,11
9931,10
9932,8
9933,10
9934,9
9935,12
9936,7
9937,6
9938,11
9939,7
9940,8
9941,8
9942,6
9943,11
9944,12
9945,8
9946,9
9947,8
9948,8
9949,8
9950,6
9951,2
9952,3
9953,4
9954,6
9955,2
9956,8
9957,5
9958,6
9959,3
9960,9
9961,6
9962,10
9963,10
9964,7
9965,9
9966,8
9967,10
9968,8
9969,6
9970,6
9971,10
9972,9
9973,10
9974,5
9975,11
9976,11
9977,15
9978,10
9979,12
9980,11
9981,5
9982,6
9983,8
9984,9
9985,8
9986,6
9987,7
9988,9
9989,6
9990,8
9991,10
9992,5
9993,8
9994,5
9995,12
9996,13
9997,5
9998,7
9999,3
10000,5
10001,9
10002,7
10003,5
10004,10
10005,4
10006,14
10007,13
10008,4
10009,9
10010,9
10011,9
10012,4
10013,10
10014,10
10015,11
10016,14
10017,9
10018,12
10019,8
10020,9
10021,9
10022,8
10023,5
10024,9
10025,14
10026,7
10027,9
10028,9
10029,13
10030,9
10031,8
10032,5
10033,14
10034,4
10035,13
10036,8
10037,11
10038,16
10039,14
10040,7
10041,11
10042,13
10043,8
10044,10
10045,11
10046,9
10047,10
10048,10
10049,10
10050,15
10051,18
10052,12
10053,8
10054,11
10055,10
10056,11
10057,15
10058,11
10059,17
10060,11
10061,9
10062,12
10063,11
10064,11
10065,11
10066,8
10067,14
10068,10
10069,11
10070,11
10071,10
10072,12
10073,15
10074,11
10075,16
10076,11
10077,14
10078,6
10079,12
10080,15
10081,5
10082,14
10083,14
10084,12
10085,16
10086,14
10087,12
10088,12
10089,16
10090,16
10091,8
10092,13
10093,15
10094,17
10095,10
10096,8
10097,16
10098,15
10099,13
10100,9
10101,5
10102,11
10103,18
10104,9
10105,9
10106,13
10107,7
10108,9
10109,12
10110,11
10111,14
10112,6
10113,7
10114,8
10115,13
10116,9
10117,11
10118,15
10119,11
10120,15
10121,10
10122,6
10123,10
10124,8
10125,9
10126,7
10127,8
10128,14
10129,7
10130,12
10131,9
10132,8
10133,11
10134,10
10135,14
10136,8
10137,11
10138,9
10139,14
10140,10
10141,10
10142,11
10143,9
10144,7
10145,10
10146,9
10147,10
10148,7
10149,12
10150,10
10151,13
10152,9
10153,16
10154,15
10155,8
10156,10
10157,13
10158,11
10159,10
10160,9
10161,10
10162,11
10163,14
10164,8
10165,8
10166,12
10167,12
10168,9
10169,8
10170,8
10171,9
10172,12
10173,14
10174,12
10175,13
10176,15
10177,8
10178,9
10179,8
10180,11
10181,10
10182,8
10183,10
10184,9
10185,10
10186,5
10187,11
10188,10
10189,9
10190,8
10191,9
10192,15
10193,9
10194,6
10195,6
10196,13
10197,8
10198,7
10199,17
10200,10
10201,5
10202,8
10203,8
10204,9
10205,11
10206,11
10207,13
10208,4
10209,4
10210,4
10211,11
10212,8
10213,7
10214,4
10215,4
10216,7
10217,7
10218,10
10219,8
10220,6
10221,6
10222,10
10223,6
10224,9
10225,9
10226,10
10227,10
10228,6
10229,8
10230,2
10231,8
10232,8
10233,6
10234,10
10235,8
10236,6
10237,5
10238,7
10239,11
10240,8
10241,7
10242,8
10243,7
10244,6
10245,11
10246,6
10247,7
10248,9
10249,3
10250,9
10251,6
10252,7
10253,7
10254,9
10255,9
10256,10
10257,8
10258,10
10259,9
10260,9
10261,11
10262,11
10263,8
10264,7
10265,5
10266,8
10267,5
10268,8
10269,5
10270,7
10271,4
10272,2
10273,3
10274,6
10275,6
10276,9
10277,5
10278,6
10279,5
10280,9
10281,4
10282,7
10283,6
10284,5
10285,6
10286,7
10287,5
10288,11
10289,9
10290,11
10291,8
10292,9
10293,9
10294,6
10295,8
10296,10
10297,11
10298,9
10299,7
10300,13
10301,6
10302,13
10303,9
10304,8
10305,5
10306,12
10307,6
10308,9
10309,9
10310,10
10311,4
10312,8
10313,8
10314,11
10315,4
10316,12
10317,8
10318,6
10319,13
10320,6
10321,18
10322,5
10323,13
10324,9
10325,17
10326,12
10327,12
10328,10
10329,7
10330,15
10331,12
10332,7
10333,4
10334,10
10335,5
10336,9
10337,10
10338,5
10339,8
10340,14
10341,10
10342,7
10343,9
10344,10
10345,14
10346,16
10347,13
10348,14
10349,11
10350,5
10351,4
10352,7
10353,9
10354,10
10355,11
10356,11
10357,5
10358,7
10359,14
10360,12
10361,7
10362,10
10363,12
10364,9
10365,13
10366,11
10367,14
10368,8
10369,10
10370,8
10371,9
10372,12
10373,8
10374,13
10375,12
10376,6
10377,12
10378,13
10379,13
10380,6
10381,12
10382,11
10383,7
10384,12
10385,10
10386,14
10387,13
10388,14
10389,8
10390,10
10391,13
10392,7
10393,15
10394,10
10395,13
10396,8
10397,10
10398,12
10399,3
10400,12
10401,6
10402,8
10403,4
10404,14
10405,8
10406,11
10407,9
10408,7
10409,13
10410,10
10411,14
10412,7
10413,15
10414,10
10415,13
10416,9
10417,6
10418,10
10419,7
10420,9
10421,12
10422,13
10423,8
10424,10
10425,11
10426,14
10427,9
10428,6
10429,8
10430,5
10431,5
10432,7
10433,7
10434,5
10435,12
10436,8
10437,11
10438,10
10439,16
10440,13
10441,6
10442,7
10443,13
10444,15
10445,7
10446,16
10447,14
10448,12
10449,16
10450,11
10451,12
10452,11
10453,14
10454,6
10455,11
10456,9
10457,13
10458,7
10459,8
10460,10
10461,11
10462,8
10463,8
10464,10
10465,11
10466,9
10467,6
10468,10
10469,11
10470,7
10471,11
10472,14
10473,9
10474,14
10475,6
10476,11
10477,9
10478,8
10479,8
10480,6
10481,11
10482,6
10483,12
10484,10
10485,13
10486,8
10487,6
10488,10
10489,13
10490,8
10491,7
10492,11
10493,17
10494,8
10495,8
10496,5
10497,8
10498,8
10499,3
10500,8
10501,12
10502,10
10503,9
10504,6
10505,3
10506,9
10507,9
10508,7
10509,6
10510,8
10511,9
10512,12
10513,5
10514,9
10515,10
10516,7
10517,8
10518,9
10519,5
10520,8
10521,6
10522,8
10523,8
10524,8
10525,8
10526,11
10527,7
10528,8
10529,7
10530,5
10531,4
10532,8
10533,5
10534,8
10535,8
10536,10
10537,9
10538,10
10539,7
10540,11
10541,9
10542,5
10543,10
10544,6
10545,10
10546,13
10547,7
10548,12
10549,8
10550,8
10551,8
10552,7
10553,12
10554,8
10555,6
10556,6
10557,10
10558,7
10559,12
10560,5
10561,7
10562,6
10563,10
10564,5
10565,10
10566,12
10567,11
10568,11
10569,9
10570,8
10571,7
10572,6
10573,11
10574,15
10575,11
10576,11
10577,12
10578,9
10579,8
10580,10
10581,9
10582,11
10583,8
10584,5
10585,6
10586,6
10587,6
10588,12
10589,4
10590,6
10591,7
10592,8
10593,9
10594,5
10595,13
10596,9
10597,7
10598,9
10599,7
10600,13
10601,10
10602,9
10603,11
10604,7
10605,6
10606,9
10607,9
10608,11
10609,5
10610,9
10611,9
10612,8
10613,10
10614,8
10615,7
10616,12
10617,8
10618,8
10619,11
10620,5
10621,12
10622,10
10623,11
10624,5
10625,7
10626,10
10627,13
10628,10
10629,14
10630,10
10631,13
10632,8
10633,11
10634,11
10635,12
10636,10
10637,12
10638,13
10639,9
10640,11
10641,11
10642,8
10643,12
10644,8
10645,15
10646,7
10647,10
10648,9
10649,6
10650,12
10651,10
10652,12
10653,11
10654,14
10655,15
10656,12
10657,10
10658,12
10659,8
10660,15
10661,7
10662,11
10663,9
10664,8
10665,8
10666,17
10667,8
10668,11
10669,7
10670,7
10671,15
10672,13
10673,14
10674,14
10675,13
10676,13
10677,17
10678,12
10679,13
10680,10
10681,14
10682,10
10683,9
10684,17
10685,15
10686,11
10687,9
10688,7
10689,8
10690,5
10691,4
10692,8
10693,6
10694,10
10695,10
10696,14
10697,5
10698,12
10699,14
10700,12
10701,12
10702,9
10703,14
10704,8
10705,12
10706,14
10707,13
10708,7
10709,11
10710,12
10711,6
10712,6
10713,9
10714,5
10715,9
10716,5
10717,7
10718,6
10719,9
10720,9
10721,7
10722,8
10723,6
10724,9
10725,10
10726,10
10727,6
10728,9
10729,9
10730,11
10731,10
10732,11
10733,5
10734,11
10735,8
10736,7
10737,6
10738,8
10739,8
10740,13
10741,10
10742,8
10743,7
10744,7
10745,11
10746,5
10747,4
10748,8
10749,9
10750,13
10751,9
10752,14
10753,11
10754,8
10755,9
10756,6
10757,5
10758,8
10759,8
10760,3
10761,9
10762,6
10763,9
10764,11
10765,19
10766,15
10767,10
10768,11
10769,14
10770,14
10771,12
10772,11
10773,12
10774,11
10775,7
10776,7
10777,11
10778,11
10779,5
10780,18
10781,8
10782,11
10783,14
10784,12
10785,12
10786,13
10787,11
10788,10
10789,12
10790,11
10791,7
10792,15
10793,13
10794,10
10795,4
10796,19
10797,9
10798,15
10799,12
10800,14
10801,16
10802,19
10803,15
10804,13
10805,12
10806,21
10807,17
10808,13
10809,19
10810,16
10811,24
10812,12
10813,16
10814,13
10815,14
10816,12
10817,15
10818,10
10819,12
10820,17
10821,9
10822,7
10823,11
10824,11
10825,6
10826,8
10827,12
10828,4
10829,11
10830,9
10831,11
10832,11
10833,13
10834,6
10835,15
10836,9
10837,8
10838,10
10839,14
10840,8
10841,12
10842,10
10843,12
10844,12
10845,9
10846,8
10847,14
10848,7
10849,15
10850,6
10851,10
10852,11
10853,8
10854,6
10855,10
10856,6
10857,10
10858,7
10859,6
10860,9
10861,10
10862,7
10863,10
10864,12
10865,7
10866,9
10867,4
10868,10
10869,6
10870,6
10871,11
10872,9
10873,6
10874,8
10875,2
10876,11
10877,6
10878,10
10879,14
10880,13
10881,14
10882,15
10883,10
10884,15
10885,11
10886,12
10887,10
10888,15
10889,13
10890,13
10891,12
10892,9
10893,9
10894,9
10895,9
10896,15
10897,9
10898,11
10899,8
10900,13
10901,13
10902,9
10903,11
10904,8
10905,11
10906,9
10907,9
10908,8
10909,8
10910,16
10911,11
10912,8
10913,8
10914,7
10915,10
10916,11
10917,12
10918,9
10919,12
10920,15
10921,9
10922,10
10923,8
10924,8
10925,11
10926,12
10927,13
10928,7
10929,13
10930,8
10931,6
10932,8
10933,8
10934,11
10935,6
10936,3
10937,11
10938,13
10939,6
10940,12
10941,10
10942,8
10943,10
10944,6
10945,9
10946,5
10947,14
10948,16
10949,10
10950,9
10951,10
10952,9
10953,12
10954,13
10955,11
10956,7
10957,10
10958,14
10959,8
10960,9
10961,9
10962,7
10963,13
10964,11
10965,11
10966,12
10967,9
10968,8
10969,14
10970,9
10971,8
10972,14
10973,7
10974,11
10975,5
10976,11
10977,11
10978,10
10979,8
10980,10
10981,8
10982,10
10983,12
10984,10
10985,4
10986,10
10987,7
10988,12
10989,10
10990,6
10991,9
10992,6
10993,6
10994,12
10995,6
10996,15
10997,5
10998,13
10999,9
11000,18
11001,14
11002,10
11003,9
11004,11
11005,6
11006,17
11007,9
11008,11
11009,14
11010,10
11011,7
11012,7
11013,11
11014,9
11015,9
11016,5
11017,10
11018,9
11019,8
11020,4
11021,9
11022,8
11023,4
11024,9
11025,7
11026,5
11027,9
11028,7
11029,4
11030,5
11031,6
11032,12
11033,12
11034,15
11035,6
11036,9
11037,7
11038,14
11039,8
11040,11
11041,11
11042,15
11043,12
11044,8
11045,4
11046,12
11047,11
11048,11
11049,10
11050,10
11051,8
11052,12
11053,13
11054,7
11055,9
11056,12
11057,12
11058,16
11059,10
11060,10
11061,10
11062,10
11063,11
11064,9
11065,13
11066,11
11067,10
11068,14
11069,19
11070,17
11071,12
11072,14
11073,15
11074,10
11075,7
11076,10
11077,7
11078,19
11079,10
11080,12
11081,9
11082,10
11083,11
11084,14
11085,9
11086,8
11087,17
11088,11
11089,12
11090,9
11091,13
11092,11
11093,10
11094,11
11095,11
11096,8
11097,9
11098,9
11099,11
11100,9
11101,11
11102,15
11103,15
11104,10
11105,9
11106,11
11107,12
11108,10
11109,14
11110,9
11111,7
11112,11
11113,17
11114,12
11115,9
11116,13
11117,21
11118,11
11119,10
11120,18
11121,10
11122,11
11123,17
11124,5
11125,11
11126,15
11127,12
11128,11
11129,13
11130,6
11131,9
11132,9
11133,8
11134,10
11135,8
11136,11
11137,11
11138,7
11139,11
11140,13
11141,10
11142,8
11143,14
11144,12
11145,8
11146,13
11147,11
11148,14
11149,14
11150,9
11151,12
11152,12
11153,11
11154,12
11155,10
11156,10
11157,16
11158,11
11159,8
11160,15
11161,8
11162,9
11163,11
11164,8
11165,12
11166,12
11167,11
11168,8
11169,6
11170,12
11171,10
11172,10
11173,12
11174,12
11175,9
11176,17
11177,9
11178,14
11179,13
11180,21
11181,11
11182,8
11183,8
11184,10
11185,15
11186,8
11187,10
11188,8
11189,13
11190,8
11191,7
11192,9
11193,9
11194,9
11195,6
11196,10
11197,8
11198,14
11199,9
11200,11
11201,9
11202,9
11203,9
11204,8
11205,5
11206,7
11207,8
11208,7
11209,11
11210,12
11211,10
11212,5
11213,10
11214,11
11215,11
11216,6
11217,6
11218,12
11219,8
11220,21
11221,8
11222,14
11223,9
11224,10
11225,3
11226,5
11227,13
11228,14
11229,6
11230,9
11231,11
11232,8
11233,9
11234,8
11235,9
11236,9
11237,12
11238,11
11239,12
11240,5
11241,12
11242,10
11243,8
11244,7
11245,11
11246,9
11247,5
11248,6
11249,13
11250,7
11251,14
11252,14
11253,14
11254,12
11255,18
11256,14
11257,17
11258,8
11259,5
11260,12
11261,11
11262,9
11263,8
11264,11
11265,5
11266,12
11267,11
11268,12
11269,10
11270,8
11271,11
11272,10
11273,10
11274,3
11275,7
11276,8
11277,5
11278,14
11279,10
11280,13
11281,10
11282,9
11283,11
11284,7
11285,12
11286,6
11287,19
11288,11
11289,13
11290,9
11291,16
11292,15
11293,15
11294,11
11295,17
11296,11
11297,10
11298,14
11299,14
11300,12
11301,17
11302,12
11303,16
11304,12
11305,11
11306,13
11307,13
11308,8
11309,11
11310,7
11311,8
11312,9
11313,11
11314,13
11315,11
11316,10
11317,8
11318,13
11319,7
11320,12
11321,8
11322,5
11323,8
11324,9
11325,15
11326,9
11327,8
11328,7
11329,9
11330,10
11331,9
11332,7
11333,15
11334,7
11335,11
11336,10
11337,1
11338,7
11339,13
11340,12
11341,7
11342,11
11343,10
11344,7
11345,7
11346,19
11347,10
11348,7
11349,6
11350,8
11351,6
11352,3
11353,15
11354,10
11355,11
11356,9
11357,9
11358,3
11359,8
11360,6
11361,9
11362,9
11363,10
11364,13
11365,11
11366,10
11367,6
11368,4
11369,6
11370,8
11371,4
11372,11
11373,7
11374,6
11375,6
11376,12
11377,15
11378,6
11379,7
11380,9
11381,10
11382,14
11383,10
11384,9
11385,7
11386,12
11387,7
11388,7
11389,13
11390,11
11391,12
11392,14
11393,8
11394,12
11395,13
11396,14
11397,14
11398,8
11399,10
11400,13
11401,10
11402,10
11403,18
11404,16
11405,8
11406,13
11407,16
11408,19
11409,7
11410,16
11411,8
11412,11
11413,13
11414,13
11415,17
11416,17
11417,13
11418,14
11419,15
11420,7
11421,10
11422,13
11423,11
11424,13
11425,13
11426,7
11427,18
11428,19
11429,11
11430,15
11431,13
11432,13
11433,15
11434,12
11435,15
11436,13
11437,15
11438,13
11439,13
11440,17
11441,12
11442,15
11443,16
11444,9
11445,10
11446,8
11447,11
11448,9
11449,7
11450,10
11451,6
11452,9
11453,8
11454,8
11455,9
11456,8
11457,13
11458,11
11459,12
11460,13
11461,12
11462,9
11463,8
11464,11
11465,16
11466,12
11467,10
11468,13
11469,12
11470,14
11471,10
11472,14
11473,16
11474,14
11475,11
11476,10
11477,9
11478,16
11479,9
11480,16
11481,12
11482,14
11483,10
11484,2
11485,13
11486,8
11487,10
11488,17
11489,12
11490,7
11491,12
11492,7
11493,16
11494,8
11495,5
11496,16
11497,16
11498,5
11499,16
11500,9
11501,11
11502,8
11503,8
11504,8
11505,10
11506,9
11507,4
11508,11
11509,9
11510,11
11511,6
11512,7
11513,12
11514,14
11515,5
11516,9
11517,9
11518,10
11519,9
11520,8
11521,11
11522,8
11523,8
11524,13
11525,11
11526,10
11527,9
11528,8
11529,9
11530,6
11531,9
11532,7
11533,9
11534,5
11535,12
11536,9
11537,5
11538,10
11539,12
11540,8
11541,8
11542,10
11543,10
11544,6
11545,7
11546,5
11547,7
11548,9
11549,8
11550,8
11551,8
11552,7
11553,7
11554,9
11555,3
11556,4
11557,6
11558,9
11559,3
11560,5
11561,7
11562,7
11563,14
11564,10
11565,13
11566,8
11567,5
11568,12
11569,7
11570,11
11571,9
11572,6
11573,15
11574,14
11575,9
11576,15
11577,6
11578,9
11579,10
11580,10
11581,14
11582,7
11583,12
11584,10
11585,15
11586,6
11587,9
11588,8
11589,7
11590,12
11591,12
11592,11
11593,14
11594,9
11595,9
11596,11
11597,12
11598,12
11599,15
11600,8
11601,9
11602,5
11603,9
11604,13
11605,9
11606,12
11607,9
11608,9
11609,13
11610,7
11611,11
11612,11
11613,8
11614,14
11615,9
11616,11
11617,9
11618,8
11619,15
11620,7
11621,12
11622,12
11623,13
11624,9
11625,11
11626,13
11627,11
11628,11
11629,7
11630,8
11631,4
11632,9
11633,11
11634,14
11635,12
11636,9
11637,11
11638,15
11639,10
11640,9
11641,8
11642,11
11643,13
11644,4
11645,10
11646,9
11647,10
11648,9
11649,12
11650,11
11651,9
11652,12
11653,13
11654,16
11655,12
11656,13
11657,14
11658,6
11659,11
11660,9
11661,8
11662,7
11663,9
11664,10
11665,6
11666,9
11667,7
11668,12
11669,12
11670,9
11671,9
11672,9
11673,5
11674,14
11675,6
11676,7
11677,7
11678,5
11679,9
11680,8
11681,8
11682,9
11683,10
11684,10
11685,8
11686,9
11687,4
11688,11
11689,8
11690,11
11691,13
11692,8
11693,10
11694,10
11695,8
11696,6
11697,6
11698,12
11699,8
11700,8
11701,13
11702,9
11703,12
11704,14
11705,8
11706,7
11707,13
11708,8
11709,13
11710,10
11711,17
11712,14
11713,8
11714,9
11715,5
11716,10
11717,4
11718,12
11719,11
11720,8
11721,8
11722,6
11723,9
11724,12
11725,12
11726,10
11727,11
11728,15
11729,10
11730,12
11731,11
11732,14
11733,9
11734,11
11735,19
11736,13
11737,11
11738,13
11739,8
11740,6
11741,5
11742,8
11743,5
11744,12
11745,6
11746,12
11747,10
11748,9
11749,10
11750,7
11751,5
11752,12
11753,6
11754,8
11755,8
11756,9
11757,7
11758,11
11759,6
11760,4
11761,10
11762,8
11763,14
11764,6
11765,6
11766,6
11767,13
11768,9
11769,8
11770,6
11771,9
11772,8
11773,17
11774,9
11775,5
11776,15
11777,10
11778,9
11779,12
11780,13
11781,8
11782,7
11783,11
11784,8
11785,6
11786,7
11787,13
11788,11
11789,8
11790,12
11791,8
11792,7
11793,8
11794,9
11795,7
11796,10
11797,5
11798,7
11799,8
11800,9
11801,4
11802,5
11803,8
11804,6
11805,10
11806,1
11807,6
11808,7
11809,10
11810,6
11811,7
11812,6
11813,12
11814,11
11815,9
11816,15
11817,13
11818,7
11819,4
11820,9
11821,13
11822,8
11823,13
11824,13
11825,10
11826,14
11827,12
11828,13
11829,11
11830,8
11831,7
11832,8
11833,12
11834,7
11835,9
11836,13
11837,10
11838,7
11839,8
11840,7
11841,5
11842,7
11843,7
11844,6
11845,14
11846,9
11847,7
11848,10
11849,11
11850,9
11851,9
11852,10
11853,10
11854,9
11855,11
11856,9
11857,12
11858,12
11859,10
11860,8
11861,10
11862,8
11863,10
11864,15
11865,9
11866,15
11867,8
11868,7
11869,9
11870,6
11871,17
11872,7
11873,4
11874,8
11875,10
11876,5
11877,6
11878,10
11879,12
11880,9
11881,8
11882,11
11883,9
11884,14
11885,11
11886,12
11887,5
11888,9
11889,7
11890,7
11891,9
11892,15
11893,6
11894,13
11895,11
11896,16
11897,9
11898,12
11899,10
11900,17
11901,9
11902,11
11903,10
11904,13
11905,14
11906,15
11907,9
11908,14
11909,18
11910,12
11911,13
11912,13
11913,5
11914,10
11915,8
11916,11
11917,10
11918,13
11919,13
11920,11
11921,10
11922,12
11923,12
11924,13
11925,10
11926,9
11927,8
11928,6
11929,7
11930,7
11931,10
11932,12
11933,9
11934,15
11935,6
11936,9
11937,11
11938,12
11939,10
11940,13
11941,14
11942,10
11943,6
11944,5
11945,9
11946,7
11947,9
11948,9
11949,11
11950,14
11951,9
11952,6
11953,9
11954,10
11955,8
11956,9
11957,13
11958,6
11959,14
11960,12
11961,8
11962,6
11963,7
11964,9
11965,5
11966,13
11967,11
11968,7
11969,9
11970,11
11971,8
11972,5
11973,10
11974,8
11975,10
11976,20
11977,11
11978,11
11979,8
11980,12
11981,16
11982,16
11983,7
11984,13
11985,14
11986,7
11987,6
11988,8
11989,9
11990,7
11991,10
11992,8
11993,9
11994,12
11995,13
11996,4
11997,6
11998,10
11999,3
12000,9
12001,5
12002,10
12003,10
12004,6
12005,9
12006,8
12007,11
12008,11
12009,8
12010,11
12011,7
12012,13
12013,7
12014,7
12015,8
12016,12
12017,11
12018,10
12019,7
12020,11
12021,6
12022,7
12023,7
12024,5
12025,9
12026,7
12027,10
12028,7
12029,9
12030,7
12031,11
12032,13
12033,12
12034,8
12035,10
12036,7
12037,9
12038,6
12039,10
12040,12
12041,13
12042,10
12043,9
12044,14
12045,6
12046,8
12047,15
12048,8
12049,10
12050,12
12051,6
12052,9
12053,10
12054,4
12055,11
12056,5
12057,4
12058,5
12059,7
12060,6
12061,11
12062,7
12063,13
12064,11
12065,8
12066,13
12067,9
12068,12
12069,13
12070,10
12071,11
12072,13
12073,11
12074,8
12075,15
12076,13
12077,17
12078,12
12079,7
12080,14
12081,8
12082,7
12083,6
12084,8
12085,11
12086,6
12087,11
12088,10
12089,8
12090,14
12091,10
12092,8
12093,14
12094,6
12095,9
12096,6
12097,3
12098,4
12099,12
12100,10
12101,8
12102,11
12103,9
12104,10
12105,13
12106,7
12107,11
12108,7
12109,13
12110,12
12111,7
12112,17
12113,9
12114,8
12115,12
12116,12
12117,9
12118,10
12119,12
12120,10
12121,15
12122,14
12123,11
12124,11
12125,16
12126,14
12127,6
12128,14
12129,12
12130,14
12131,11
12132,7
12133,12
12134,10
12135,10
12136,14
12137,12
12138,19
12139,12
12140,18
12141,15
12142,10
12143,17
12144,8
12145,11
12146,16
12147,6
12148,10
12149,14
12150,10
12151,10
12152,7
12153,6
12154,11
12155,14
12156,9
12157,16
12158,9
12159,12
12160,7
12161,11
12162,7
12163,12
12164,13
12165,15
12166,8
12167,6
12168,12
12169,10
12170,8
12171,11
12172,8
12173,13
12174,12
12175,8
12176,8
12177,3
12178,14
12179,9
12180,10
12181,7
12182,10
12183,10
12184,10
12185,9
12186,12
12187,9
12188,4
12189,10
12190,11
12191,9
12192,12
12193,9
12194,10
12195,7
12196,12
12197,11
12198,9
12199,13
12200,14
12201,12
12202,17
12203,11
12204,10
12205,16
12206,13
12207,9
12208,8
12209,12
12210,15
12211,12
12212,11
12213,12
12214,12
12215,8
12216,13
12217,14
12218,12
12219,12
12220,10
12221,12
12222,8
12223,14
12224,9
12225,9
12226,14
12227,10
12228,12
12229,11
12230,16
12231,15
12232,23
12233,14
12234,20
12235,13
12236,16
12237,14
12238,11
12239,13
12240,19
12241,14
12242,26
12243,17
12244,14
12245,14
12246,18
12247,13
12248,14
12249,24
12250,14
12251,17
12252,11
12253,12
12254,11
12255,16
12256,13
12257,17
12258,14
12259,11
12260,13
12261,14
12262,15
12263,10
12264,19
12265,11
12266,9
12267,9
12268,15
12269,10
12270,12
12271,8
12272,11
12273,11
12274,8
12275,17
12276,6
12277,8
12278,13
12279,8
12280,12
12281,10
12282,7
12283,9
12284,8
12285,9
12286,15
12287,10
12288,4
12289,8
12290,7
12291,11
12292,11
12293,10
12294,5
12295,9
12296,6
12297,4
12298,6
12299,14
12300,10
12301,9
12302,11
12303,10
12304,11
12305,11
12306,7
12307,14
12308,9
12309,16
12310,12
12311,9
12312,12
12313,13
12314,14
12315,7
12316,11
12317,14
12318,14
12319,11
12320,12
12321,6
12322,7
12323,11
12324,12
12325,4
12326,13
12327,15
12328,17
12329,11
12330,16
12331,11
12332,9
12333,14
12334,16
12335,9
12336,7
12337,10
12338,12
12339,13
12340,12
12341,10
12342,14
12343,7
12344,9
12345,9
12346,9
12347,15
12348,11
12349,12
12350,8
12351,9
12352,10
12353,10
12354,11
12355,11
12356,12
12357,13
12358,11
12359,16
12360,17
12361,15
12362,11
12363,15
12364,9
12365,9
12366,10
12367,13
12368,11
12369,13
12370,13
12371,15
12372,10
12373,15
12374,10
12375,18
12376,10
12377,14
12378,8
12379,6
12380,10
12381,10
12382,3
12383,5
12384,9
12385,6
12386,15
12387,7
12388,13
12389,11
12390,6
12391,7
12392,6
12393,5
12394,10
12395,11
12396,10
12397,9
12398,11
12399,9
12400,5
12401,8
12402,13
12403,6
12404,9
12405,9
12406,7
12407,9
12408,8
12409,3
12410,8
12411,11
12412,5
12413,6
12414,13
12415,6
12416,7
12417,6
12418,8
12419,12
12420,12
12421,6
12422,9
12423,10
12424,13
12425,8
12426,9
12427,9
12428,6
12429,10
12430,10
12431,13
12432,14
12433,11
12434,8
12435,11
12436,9
12437,14
12438,13
12439,14
12440,16
12441,11
12442,13
12443,13
12444,12
12445,14
12446,11
12447,12
12448,12
12449,16
12450,10
12451,11
12452,11
12453,8
12454,10
12455,13
12456,13
12457,6
12458,15
12459,15
12460,13
12461,14
12462,16
12463,12
12464,10
12465,10
12466,10
12467,15
12468,13
12469,8
12470,8
12471,10
12472,12
12473,8
12474,11
12475,8
12476,10
12477,8
12478,2
12479,9
12480,12
12481,10
12482,7
12483,21
12484,6
12485,18
12486,10
12487,12
12488,13
12489,14
12490,10
12491,11
12492,16
12493,11
12494,14
12495,10
12496,13
12497,15
12498,11
12499,7
12500,16
12501,6
12502,16
12503,9
12504,15
12505,15
12506,8
12507,15
12508,7
12509,18
12510,11
12511,11
12512,10
12513,9
12514,14
12515,12
12516,9
12517,9
12518,12
12519,11
12520,7
12521,14
12522,6
12523,8
12524,7
12525,4
12526,7
12527,6
12528,9
12529,7
12530,7
12531,9
12532,10
12533,10
12534,7
12535,13
12536,11
12537,13
12538,12
12539,8
12540,9
12541,6
12542,9
12543,14
12544,7
12545,12
12546,4
12547,15
12548,8
12549,12
12550,4
12551,13
12552,8
12553,11
12554,8
12555,16
12556,3
12557,12
12558,9
12559,7
12560,10
12561,12
12562,11
12563,16
12564,13
12565,11
12566,5
12567,6
12568,5
12569,5
12570,6
12571,10
12572,7
12573,12
12574,9
12575,11
12576,11
12577,14
12578,13
12579,12
12580,10
12581,13
12582,10
12583,7
12584,11
12585,10
12586,8
12587,10
12588,12
12589,11
12590,11
12591,5
12592,9
12593,8
12594,6
12595,10
12596,8
12597,11
12598,14
12599,15
12600,11
12601,16
12602,15
12603,12
12604,13
12605,6
12606,9
12607,12
12608,9
12609,10
12610,7
12611,11
12612,12
12613,9
12614,15
12615,7
12616,11
12617,11
12618,8
12619,12
12620,7
12621,9
12622,6
12623,7
12624,9
12625,8
12626,4
12627,6
12628,6
12629,10
12630,9
12631,5
12632,9
12633,6
12634,10
12635,7
12636,9
12637,8
12638,7
12639,3
12640,9
12641,14
12642,5
12643,9
12644,8
12645,11
12646,6
12647,6
12648,11
12649,8
12650,9
12651,8
12652,8
12653,13
12654,9
12655,8
12656,9
12657,12
12658,6
12659,7
12660,11
12661,10
12662,8
12663,12
12664,12
12665,10
12666,13
12667,6
12668,7
12669,11
12670,7
12671,8
12672,7
12673,2
12674,10
12675,11
12676,3
12677,9
12678,10
12679,9
12680,7
12681,9
12682,9
12683,7
12684,9
12685,7
12686,8
12687,10
12688,7
12689,8
12690,7
12691,7
12692,7
12693,8
12694,9
12695,9
12696,8
12697,11
12698,6
12699,8
12700,9
12701,16
12702,16
12703,11
12704,12
12705,7
12706,7
12707,14
12708,5
12709,7
12710,9
12711,9
12712,6
12713,12
12714,12
12715,12
12716,7
12717,7
12718,11
12719,9
12720,11
12721,8
12722,12
12723,12
12724,10
12725,14
12726,11
12727,11
12728,14
12729,8
12730,11
12731,6
12732,11
12733,8
12734,4
12735,9
12736,10
12737,8
12738,16
12739,10
12740,9
12741,11
12742,17
12743,5
12744,3
12745,6
12746,7
12747,7
12748,7
12749,13
12750,7
12751,7
12752,8
12753,8
12754,10
12755,10
12756,7
12757,4
12758,10
12759,11
12760,11
12761,11
12762,5
12763,8
12764,9
12765,10
12766,5
12767,5
12768,8
12769,6
12770,8
12771,13
12772,4
12773,11
12774,5
12775,6
12776,7
12777,11
12778,13
12779,12
12780,6
12781,7
12782,7
12783,10
12784,5
12785,11
12786,11
12787,8
12788,8
12789,9
12790,9
12791,16
12792,16
12793,14
12794,14
12795,7
12796,14
12797,9
12798,8
12799,7
12800,11
12801,14
12802,12
12803,6
12804,6
12805,8
12806,6
12807,13
12808,11
12809,9
12810,11
12811,9
12812,12
12813,12
12814,12
12815,7
12816,9
12817,14
12818,5
12819,8
12820,16
12821,12
12822,8
12823,9
12824,10
12825,7
12826,5
12827,5
12828,11
12829,6
12830,7
12831,8
12832,7
12833,9
12834,7
12835,7
12836,6
12837,6
12838,12
12839,6
12840,13
12841,8
12842,9
12843,12
12844,13
12845,8
12846,10
12847,7
12848,9
12849,7
12850,13
12851,8
12852,11
12853,18
12854,7
12855,7
12856,8
12857,7
12858,6
12859,6
12860,8
12861,12
12862,14
12863,13
12864,10
12865,6
12866,7
12867,12
12868,7
12869,12
12870,8
12871,9
12872,10
12873,5
12874,13
12875,9
12876,8
12877,11
12878,12
12879,13
12880,13
12881,13
12882,14
12883,11
12884,17
12885,9
12886,12
12887,10
12888,13
12889,13
12890,9
12891,9
12892,17
12893,10
12894,9
12895,12
12896,11
12897,12
12898,14
12899,11
12900,10
12901,9
12902,10
12903,9
12904,10
12905,11
12906,9
12907,9
12908,9
12909,6
12910,10
12911,8
12912,5
12913,11
12914,10
12915,7
12916,10
12917,8
12918,9
12919,9
12920,13
12921,6
12922,9
12923,11
12924,11
12925,10
12926,10
12927,11
12928,14
12929,14
12930,13
12931,19
12932,15
12933,7
12934,8
12935,13
12936,12
12937,8
12938,9
12939,9
12940,8
12941,6
12942,8
12943,12
12944,16
12945,8
12946,10
12947,9
12948,8
12949,4
12950,8
12951,10
12952,5
12953,11
12954,9
12955,9
12956,18
12957,16
12958,11
12959,13
12960,7
12961,19
12962,8
12963,15
12964,10
12965,8
12966,10
12967,8
12968,9
12969,4
12970,12
12971,7
12972,11
12973,8
12974,5
12975,4
12976,12
12977,7
12978,10
12979,7
12980,10
12981,3
12982,3
12983,11
12984,8
12985,9
12986,13
12987,9
12988,8
12989,13
12990,12
12991,14
12992,9
12993,6
12994,8
12995,9
12996,12
12997,9
12998,10
12999,12
13000,16
13001,11
13002,7
13003,7
13004,15
13005,9
13006,21
13007,14
13008,9
13009,12
13010,9
13011,6
13012,11
13013,5
13014,10
13015,11
13016,13
13017,9
13018,5
13019,9
13020,10
13021,8
13022,10
13023,8
13024,4
13025,4
13026,10
13027,3
13028,11
13029,2
13030,5
13031,10
13032,6
13033,8
13034,7
13035,11
13036,10
13037,13
13038,9
13039,11
13040,9
13041,6
13042,11
13043,6
13044,6
13045,8
13046,7
13047,8
13048,9
13049,9
13050,6
13051,4
13052,7
13053,4
13054,3
13055,9
13056,6
13057,10
13058,9
13059,11
13060,9
13061,15
13062,6
13063,4
13064,9
13065,8
13066,10
13067,6
13068,6
13069,7
13070,4
13071,6
13072,5
13073,8
13074,6
13075,5
13076,8
13077,6
13078,7
13079,12
13080,10
13081,16
13082,7
13083,8
13084,5
13085,6
13086,9
13087,6
13088,10
13089,8
13090,6
13091,13
13092,12
13093,9
13094,9
13095,7
13096,7
13097,8
13098,9
13099,5
13100,11
13101,3
13102,8
13103,8
13104,10
13105,7
13106,9
13107,7
13108,9
13109,11
13110,6
13111,11
13112,3
13113,8
13114,5
13115,12
13116,6
13117,5
13118,9
13119,13
13120,7
13121,9
13122,7
13123,11
13124,5
13125,5
13126,8
13127,8
13128,8
13129,9
13130,6
13131,6
13132,5
13133,13
13134,7
13135,3
13136,5
13137,7
13138,4
13139,7
13140,6
13141,10
13142,8
13143,10
13144,5
13145,6
13146,7
13147,10
13148,8
13149,9
13150,6
13151,9
13152,13
13153,5
13154,7
13155,7
13156,8
13157,7
13158,8
13159,9
13160,7
13161,5
13162,10
13163,5
13164,8
13165,9
13166,7
13167,7
13168,7
13169,12
13170,7
13171,7
13172,9
13173,6
13174,6
13175,6
13176,7
13177,8
13178,8
13179,9
13180,6
13181,10
13182,12
13183,8
13184,11
13185,5
13186,6
13187,6
13188,4
13189,9
13190,4
13191,11
13192,8
13193,9
13194,8
13195,7
13196,9
13197,9
13198,7
13199,5
13200,8
13201,6
13202,12
13203,7
13204,9
13205,11
13206,7
13207,6
13208,11
13209,7
13210,9
13211,10
13212,8
13213,9
13214,8
13215,7
13216,9
13217,10
13218,13
13219,8
13220,14
13221,8
13222,8
13223,13
13224,10
13225,14
13226,14
13227,11
13228,13
13229,6
13230,14
13231,9
13232,8
13233,5
13234,13
13235,7
13236,9
13237,9
13238,7
13239,11
13240,12
13241,7
13242,10
13243,5
13244,8
13245,7
13246,10
13247,6
13248,11
13249,10
13250,11
13251,4
13252,7
13253,8
13254,3
13255,7
13256,5
13257,7
13258,7
13259,3
13260,7
13261,10
13262,11
13263,6
13264,16
13265,4
13266,6
13267,9
13268,13
13269,11
13270,9
13271,6
13272,8
13273,12
13274,10
13275,11
13276,10
13277,7
13278,6
13279,11
13280,7
13281,9
13282,4
13283,7
13284,6
13285,7
13286,5
13287,8
13288,13
13289,11
13290,10
13291,11
13292,9
13293,8
13294,8
13295,6
13296,11
13297,4
13298,4
13299,7
13300,7
13301,9
13302,7
13303,8
13304,9
13305,11
13306,7
13307,15
13308,7
13309,5
13310,13
13311,16
13312,13
13313,19
13314,10
13315,13
13316,13
13317,10
13318,14
13319,12
13320,14
13321,6
13322,16
13323,9
13324,10
13325,19
13326,8
13327,10
13328,15
13329,13
13330,11
13331,11
13332,15
13333,14
13334,17
13335,17
13336,9
13337,10
13338,10
13339,10
13340,7
13341,9
13342,7
13343,7
13344,4
13345,10
13346,7
13347,6
13348,9
13349,4
13350,6
13351,5
13352,6
13353,4
13354,10
13355,3
13356,5
13357,4
13358,14
13359,6
13360,7
13361,7
13362,5
13363,7
13364,10
13365,8
13366,0
13367,8
13368,5
13369,10
13370,9
13371,5
13372,15
13373,9
13374,7
13375,4
13376,11
13377,4
13378,9
13379,6
13380,4
13381,11
13382,11
13383,14
13384,10
13385,6
13386,8
13387,11
13388,7
13389,10
13390,15
13391,10
13392,13
13393,13
13394,13
13395,6
13396,9
13397,5
13398,6
13399,14
13400,8
13401,9
13402,9
13403,6
13404,10
13405,8
13406,7
13407,7
13408,11
13409,6
13410,10
13411,9
13412,7
13413,8
13414,7
13415,4
13416,7
13417,8
13418,10
13419,4
13420,5
13421,10
13422,13
13423,18
13424,9
13425,13
13426,8
13427,8
13428,11
13429,15
13430,3
13431,9
13432,9
13433,8
13434,7
13435,8
13436,9
13437,10
13438,4
13439,15
13440,6
13441,11
13442,7
13443,8
13444,11
13445,8
13446,6
13447,11
13448,4
13449,12
13450,7
13451,6
13452,9
13453,8
13454,9
13455,11
13456,7
13457,9
13458,14
13459,10
13460,8
13461,12
13462,11
13463,13
13464,6
13465,6
13466,10
13467,10
13468,8
13469,7
13470,11
13471,11
13472,11
13473,5
13474,10
13475,5
13476,8
13477,8
13478,8
13479,11
13480,9
13481,6
13482,10
13483,9
13484,15
13485,6
13486,9
13487,7
13488,14
13489,6
13490,10
13491,7
13492,14
13493,12
13494,10
13495,10
13496,9
13497,6
13498,8
13499,9
13500,11
13501,3
13502,9
13503,4
13504,12
13505,7
13506,7
13507,7
13508,6
13509,10
13510,8
13511,6
13512,12
13513,13
13514,9
13515,11
13516,8
13517,7
13518,8
13519,5
13520,7
13521,8
13522,7
13523,8
13524,11
13525,10
13526,11
13527,11
13528,10
13529,13
13530,10
13531,10
13532,12
13533,11
13534,5
13535,6
13536,10
13537,12
13538,9
13539,11
13540,9
13541,8
13542,8
13543,7
13544,13
13545,7
13546,11
13547,11
13548,11
13549,7
13550,11
13551,12
13552,11
13553,8
13554,12
13555,8
13556,8
13557,11
13558,7
13559,11
13560,8
13561,12
13562,8
13563,9
13564,14
13565,13
13566,6
13567,9
13568,12
13569,8
13570,10
13571,8
13572,9
13573,12
13574,10
13575,9
13576,11
13577,12
13578,8
13579,6
13580,10
13581,11
13582,11
13583,9
13584,8
13585,13
13586,10
13587,10
13588,12
13589,8
13590,11
13591,9
13592,11
13593,16
13594,15
13595,9
13596,11
13597,11
13598,8
13599,10
13600,13
13601,17
13602,7
13603,7
13604,12
13605,12
13606,13
13607,13
13608,9
13609,13
13610,13
13611,11
13612,7
13613,8
13614,5
13615,13
13616,6
13617,8
13618,5
13619,6
13620,11
13621,8
13622,7
13623,8
13624,13
13625,13
13626,10
13627,12
13628,11
13629,11
13630,10
13631,10
13632,14
13633,9
13634,12
13635,14
13636,14
13637,15
13638,10
13639,14
13640,8
13641,9
13642,10
13643,9
13644,13
13645,10
13646,13
13647,15
13648,13
13649,16
13650,12
13651,13
13652,14
13653,9
13654,11
13655,11
13656,13
13657,10
13658,9
13659,5
13660,10
13661,7
13662,7
13663,8
13664,10
13665,9
13666,11
13667,9
13668,5
13669,6
13670,4
13671,8
13672,10
13673,9
13674,13
13675,6
13676,10
13677,15
13678,11
13679,11
13680,17
13681,8
13682,15
13683,16
13684,15
13685,15
13686,16
13687,11
13688,14
13689,6
13690,16
13691,15
13692,5
13693,12
13694,9
13695,8
13696,11
13697,6
13698,8
13699,13
13700,11
13701,8
13702,13
13703,12
13704,7
13705,11
13706,9
13707,11
13708,9
13709,9
13710,9
13711,6
13712,12
13713,13
13714,10
13715,6
13716,18
13717,11
13718,18
13719,17
13720,5
13721,9
13722,10
13723,8
13724,9
13725,4
13726,15
13727,8
13728,11
13729,12
13730,7
13731,6
13732,7
13733,10
13734,7
13735,11
13736,9
13737,8
13738,7
13739,9
13740,11
13741,7
13742,1
13743,7
13744,7
13745,3
13746,11
13747,11
13748,4
13749,7
13750,7
13751,7
13752,11
13753,10
13754,9
13755,8
13756,14
13757,8
13758,11
13759,10
13760,8
13761,12
13762,14
13763,5
13764,9
13765,13
13766,9
13767,7
13768,16
13769,7
13770,13
13771,15
13772,5
13773,10
13774,7
13775,4
13776,5
13777,9
13778,6
13779,6
13780,12
13781,8
13782,7
13783,11
13784,12
13785,5
13786,7
13787,9
13788,13
13789,10
13790,12
13791,7
13792,5
13793,17
13794,5
13795,8
13796,10
13797,11
13798,13
13799,9
13800,11
13801,11
13802,10
13803,11
13804,14
13805,14
13806,14
13807,7
13808,10
13809,10
13810,8
13811,7
13812,10
13813,7
13814,6
13815,12
13816,7
13817,10
13818,10
13819,5
13820,7
13821,4
13822,6
13823,10
13824,5
13825,8
13826,7
13827,4
13828,7
13829,7
13830,7
13831,8
13832,9
13833,3
13834,12
13835,6
13836,12
13837,13
13838,13
13839,8
13840,14
13841,9
13842,12
13843,8
13844,10
13845,7
13846,12
13847,8
13848,7
13849,5
13850,8
13851,4
13852,8
13853,4
13854,11
13855,7
13856,11
13857,8
13858,12
13859,12
13860,8
13861,13
13862,9
13863,7
13864,4
13865,7
13866,12
13867,8
13868,12
13869,8
13870,17
13871,13
13872,11
13873,13
13874,13
13875,13
13876,11
13877,7
13878,16
13879,13
13880,14
13881,9
13882,14
13883,17
13884,6
13885,16
13886,11
13887,12
13888,9
13889,9
13890,8
13891,6
13892,9
13893,10
13894,12
13895,9
13896,10
13897,10
13898,5
13899,11
13900,8
13901,11
13902,6
13903,11
13904,8
13905,15
13906,9
13907,12
13908,10
13909,16
13910,11
13911,7
13912,12
13913,12
13914,13
13915,12
13916,15
13917,15
13918,13
13919,16
13920,14
13921,9
13922,6
13923,12
13924,6
13925,7
13926,16
13927,8
13928,9
13929,10
13930,11
13931,10
13932,9
13933,9
13934,11
13935,12
13936,13
13937,12
13938,12
13939,10
13940,14
13941,7
13942,7
13943,14
13944,14
13945,16
13946,11
13947,14
13948,13
13949,9
13950,8
13951,11
13952,11
13953,11
13954,11
13955,10
13956,13
13957,16
13958,14
13959,19
13960,11
13961,14
13962,14
13963,12
13964,10
13965,8
13966,18
13967,10
13968,9
13969,13
13970,14
13971,9
13972,9
13973,6
13974,10
13975,11
13976,4
13977,15
13978,6
13979,11
13980,9
13981,7
13982,13
13983,12
13984,9
13985,12
13986,12
13987,7
13988,7
13989,5
13990,7
13991,7
13992,12
13993,6
13994,6
13995,9
13996,9
13997,8
13998,16
13999,8
14000,7
14001,7
14002,12
14003,7
14004,8
14005,8
14006,8
14007,9
14008,10
14009,11
14010,7
14011,8
14012,5
14013,7
14014,8
14015,13
14016,4
14017,11
14018,6
14019,10
14020,4
14021,6
14022,9
14023,7
14024,5
14025,6
14026,12
14027,7
14028,10
14029,12
14030,10
14031,11
14032,18
14033,10
14034,16
14035,8
14036,6
14037,15
14038,11
14039,10
14040,10
14041,11
14042,10
14043,15
14044,14
14045,17
14046,11
14047,19
14048,14
14049,17
14050,16
14051,13
14052,10
14053,17
14054,12
14055,11
14056,10
14057,14
14058,9
14059,16
14060,11
14061,12
14062,10
14063,14
14064,8
14065,11
14066,11
14067,10
14068,17
14069,11
14070,16
14071,6
14072,11
14073,8
14074,9
14075,17
14076,22
14077,12
14078,16
14079,14
14080,7
14081,11
14082,10
14083,15
14084,9
14085,10
14086,10
14087,12
14088,11
14089,8
14090,10
14091,8
14092,9
14093,9
14094,8
14095,12
14096,10
14097,11
14098,9
14099,5
14100,7
14101,13
14102,8
14103,9
14104,10
14105,3
14106,13
14107,4
14108,9
14109,6
14110,5
14111,6
14112,10
14113,4
14114,7
14115,9
14116,6
14117,6
14118,8
14119,10
14120,8
14121,9
14122,6
14123,12
14124,10
14125,4
14126,10
14127,9
14128,8
14129,6
14130,5
14131,11
14132,5
14133,9
14134,11
14135,12
14136,9
14137,4
14138,11
14139,3
14140,9
14141,7
14142,6
14143,8
14144,4
14145,7
14146,10
14147,11
14148,9
14149,15
14150,11
14151,8
14152,9
14153,8
14154,13
14155,12
14156,8
14157,9
14158,7
14159,12
14160,11
14161,6
14162,7
14163,10
14164,4
14165,14
14166,9
14167,7
14168,16
14169,13
14170,10
14171,11
14172,9
14173,10
14174,9
14175,10
14176,9
14177,11
14178,8
14179,5
14180,12
14181,9
14182,8
14183,12
14184,17
14185,17
14186,5
14187,13
14188,16
14189,7
14190,9
14191,16
14192,5
14193,12
14194,10
14195,14
14196,9
14197,14
14198,7
14199,11
14200,14
14201,8
14202,9
14203,11
14204,9
14205,9
14206,9
14207,4
14208,12
14209,6
14210,12
14211,14
14212,9
14213,16
14214,11
14215,11
14216,9
14217,18
14218,12
14219,10
14220,11
14221,7
14222,12
14223,14
14224,9
14225,7
14226,10
14227,8
14228,15
14229,11
14230,11
14231,7
14232,13
14233,16
14234,10
14235,11
14236,13
14237,12
14238,11
14239,13
14240,14
14241,11
14242,18
14243,16
14244,15
14245,14
14246,11
14247,9
14248,9
14249,11
14250,17
14251,11
14252,15
14253,16
14254,20
14255,8
14256,11
14257,8
14258,10
14259,15
14260,15
14261,19
14262,10
14263,13
14264,7
14265,14
14266,12
14267,13
14268,9
14269,12
14270,15
14271,13
14272,16
14273,13
14274,16
14275,18
14276,7
14277,14
14278,15
14279,10
14280,12
14281,19
14282,18
14283,12
14284,15
14285,13
14286,13
14287,15
14288,16
14289,14
14290,16
14291,14
14292,12
14293,13
14294,10
14295,10
14296,17
14297,9
14298,15
14299,6
14300,10
14301,9
14302,12
14303,9
14304,16
14305,13
14306,12
14307,7
14308,11
14309,11
14310,11
14311,7
14312,18
14313,12
14314,10
14315,17
14316,12
14317,12
14318,15
14319,12
14320,8
14321,7
14322,13
14323,9
14324,11
14325,11
14326,11
14327,8
14328,13
14329,8
14330,7
14331,10
14332,11
14333,10
14334,4
14335,7
14336,8
14337,5
14338,5
14339,6
14340,7
14341,5
14342,6
14343,5
14344,6
14345,9
14346,6
14347,7
14348,12
14349,9
14350,7
14351,10
14352,10
14353,8
14354,8
14355,8
14356,7
14357,11
14358,13
14359,12
14360,8
14361,11
14362,9
14363,7
14364,11
14365,11
14366,5
14367,9
14368,11
14369,12
14370,7
14371,7
14372,7
14373,3
14374,11
14375,9
14376,5
14377,11
14378,9
14379,8
14380,5
14381,14
14382,8
14383,9
14384,11
14385,13
14386,12
14387,10
14388,7
14389,10
14390,13
14391,13
14392,13
14393,17
14394,12
14395,7
14396,13
14397,20
14398,7
14399,5
14400,7
14401,15
14402,8
14403,8
14404,13
14405,12
14406,11
14407,12
14408,13
14409,11
14410,8
14411,13
14412,11
14413,17
14414,13
14415,8
14416,11
14417,10
14418,18
14419,16
14420,11
14421,9
14422,13
14423,14
14424,18
14425,7
14426,15
14427,17
14428,15
14429,14
14430,10
14431,13
14432,10
14433,11
14434,10
14435,14
14436,10
14437,9
14438,9
14439,13
14440,19
14441,17
14442,12
14443,10
14444,15
14445,17
14446,12
14447,12
14448,5
14449,8
14450,6
14451,10
14452,12
14453,12
14454,11
14455,9
14456,9
14457,11
14458,14
14459,12
14460,16
14461,15
14462,11
14463,12
14464,13
14465,21
14466,8
14467,14
14468,13
14469,7
14470,12
14471,15
14472,13
14473,21
14474,11
14475,15
14476,12
14477,13
14478,16
14479,14
14480,9
14481,11
14482,7
14483,7
14484,6
14485,10
14486,11
14487,12
14488,10
14489,6
14490,12
14491,6
14492,5
14493,7
14494,7
14495,6
14496,7
14497,12
14498,8
14499,14
14500,13
14501,8
14502,10
14503,13
14504,6
14505,9
14506,10
14507,11
14508,13
14509,8
14510,16
14511,9
14512,14
14513,13
14514,13
14515,22
14516,14
14517,26
14518,10
14519,11
14520,9
14521,15
14522,22
14523,13
14524,10
14525,8
14526,15
14527,14
14528,8
14529,13
14530,11
14531,17
14532,13
14533,12
14534,12
14535,14
14536,14
14537,10
14538,12
14539,16
14540,13
14541,13
14542,9
14543,17
14544,18
14545,12
14546,12
14547,13
14548,13
14549,12
14550,15
14551,15
14552,9
14553,10
14554,9
14555,9
14556,9
14557,11
14558,11
14559,11
14560,9
14561,10
14562,4
14563,11
14564,16
14565,20
14566,12
14567,14
14568,15
14569,13
14570,8
14571,16
14572,12
14573,12
14574,14
14575,8
14576,11
14577,14
14578,13
14579,13
14580,17
14581,11
14582,17
14583,9
14584,8
14585,7
14586,15
14587,6
14588,11
14589,9
14590,14
14591,11
14592,14
14593,13
14594,12
14595,6
14596,11
14597,7
14598,0
14599,0
14600,0
14601,0
14602,0
14603,0
14604,0
14605,0
14606,0
14607,0
14608,0
14609,0
14610,0
14611,0
14612,0
14613,0
14614,0
14615,0
14616,0
14617,0
14618,0
14619,0
14620,0
14621,0
14622,0
14623,0
14624,0
14625,0
14626,0
14627,0
14628,0
14629,0
14630,0
14631,0
14632,0
14633,0
14634,0
14635,0
14636,0
14637,0
14638,0
14639,0
14640,0
14641,0
14642,0
14643,0
14644,0
14645,0
14646,0
14647,0
14648,0
14649,0
14650,0
14651,0
14652,0
14653,0
14654,0
14655,0
14656,0
14657,0
14658,0
14659,0
14660,0
14661,0
14662,0
14663,0
14664,0
14665,0
14666,0
14667,0
14668,0
14669,0
14670,0
14671,0
14672,0
14673,0
14674,0
14675,0
14676,0
14677,0
14678,0
14679,0
14680,0
14681,0
14682,0
14683,0
14684,0
14685,0
14686,0
14687,0
14688,0
14689,0
14690,0
14691,0
14692,0
14693,0
14694,0
14695,0
14696,0
14697,0
14698,0
14699,0
14700,0
14701,0
14702,0
14703,0
14704,0
14705,0
14706,0
14707,0
14708,0
14709,0
14710,0
14711,0
14712,0
14713,0
14714,0
14715,0
14716,0
14717,0
14718,0
14719,0
14720,0
14721,0
14722,0
14723,0
14724,0
14725,0
14726,0
14727,0
14728,0
14729,0
14730,0
14731,0
14732,0
14733,0
14734,0
14735,0
14736,0
14737,0
14738,0
14739,0
14740,0
14741,0
14742,0
14743,0
14744,0
14745,0
14746,0
14747,0
14748,0
14749,0
14750,0
14751,0
14752,0
14753,0
14754,0
14755,0
14756,0
14757,0
14758,0
14759,0
14760,0
14761,0
14762,0
14763,0
14764,0
14765,0
14766,0
14767,0
14768,0
14769,0
14770,0
14771,0
14772,0
14773,0
14774,0
14775,0
14776,0
14777,0
14778,0
14779,0
14780,0
14781,0
14782,0
14783,0
14784,0
14785,0
14786,0
14787,0
14788,0
14789,0
14790,0
14791,0
14792,0
14793,0
14794,0
14795,0
14796,0
14797,0
14798,0
14799,0
14800,0
14801,0
14802,0
14803,0
14804,0
14805,0
14806,0
14807,0
14808,0
14809,0
14810,0
14811,0
14812,0
14813,0
14814,0
14815,0
14816,0
14817,0
14818,0
14819,0
14820,0
14821,0
14822,0
14823,0
14824,0
14825,0
14826,0
14827,0
14828,0
14829,0
14830,0
14831,0
14832,0
14833,0
14834,0
14835,0
14836,0
14837,0
14838,0
14839,0
14840,0
14841,0
14842,0
14843,0
14844,0
14845,0
14846,0
14847,0
14848,0
14849,0
14850,0
14851,0
14852,0
14853,0
14854,0
14855,0
14856,0
14857,0
14858,0
14859,0
14860,0
14861,0
14862,0
14863,0
14864,0
14865,0
14866,0
14867,0
14868,0
14869,0
14870,0
14871,0
14872,0
14873,0
14874,0
14875,0
14876,0
14877,0
14878,0
14879,0
14880,0
14881,0
14882,0
14883,0
14884,0
14885,0
14886,0
14887,0
14888,0
14889,0
14890,0
14891,0
14892,0
14893,0
14894,0
14895,0
14896,0
14897,0
14898,0
14899,0
14900,0
14901,0
14902,0
14903,0
14904,0
14905,0
14906,0
14907,0
14908,0
14909,0
14910,0
14911,0
14912,0
14913,0
14914,0
14915,0
14916,0
14917,0
14918,0
14919,0
14920,0
14921,0
14922,0
14923,0
14924,0
14925,0
14926,0
14927,0
14928,0
14929,0
14930,0
14931,0
14932,0
14933,0
14934,0
14935,0
14936,0
14937,0
14938,0
14939,0
14940,0
14941,0
14942,0
14943,0
14944,0
14945,0
14946,0
14947,0
14948,0
14949,0
14950,0
14951,0
14952,0
14953,0
14954,0
14955,0
14956,0
14957,0
14958,0
14959,0
14960,0
14961,0
14962,0
14963,0
14964,0
14965,0
14966,0
14967,0
14968,0
14969,0
14970,0
14971,0
14972,0
14973,0
14974,0
14975,0
14976,0
14977,0
14978,0
14979,0
14980,0
14981,0
14982,0
14983,0
14984,0
14985,0
14986,0
14987,0
14988,0
14989,0
14990,0
14991,0
14992,0
14993,0
14994,0
14995,0
14996,0
14997,0
14998,0
14999,0
15000,0
15001,0
15002,0
15003,0
15004,0
15005,0
15006,0
15007,0
15008,0
15009,0
15010,0
15011,0
15012,0
15013,0
15014,0
15015,0
15016,0
15017,0
15018,0
15019,0
15020,0
15021,0
15022,0
15023,0
15024,0
15025,0
15026,0
15027,0
15028,0
15029,0
15030,0
15031,0
15032,0
15033,0
15034,0
15035,0
15036,0
15037,0
15038,0
15039,0
15040,0
15041,0
15042,0
15043,0
15044,0
15045,0
15046,0
15047,0
15048,0
15049,0
15050,0
15051,0
15052,0
15053,0
15054,0
15055,0
15056,0
15057,0
15058,0
15059,0
15060,0
15061,0
15062,0
15063,0
15064,0
15065,0
15066,0
15067,0
15068,0
15069,0
15070,0
15071,0
15072,0
15073,0
15074,0
15075,0
15076,0
15077,0
15078,0
15079,0
15080,0
15081,0
15082,0
15083,0
15084,0
15085,0
15086,0
15087,0
15088,0
15089,0
15090,0
15091,0
15092,0
15093,0
15094,0
15095,0
15096,0
15097,0
15098,0
15099,0
15100,0
15101,0
15102,0
15103,0
15104,0
15105,0
15106,0
15107,0
15108,0
15109,0
15110,0
15111,0
15112,0
15113,0
15114,0
15115,0
15116,0
15117,0
15118,0
15119,0
15120,0
15121,0
15122,0
15123,0
15124,0
15125,0
15126,0
15127,0
15128,0
15129,0
15130,0
15131,0
15132,0
15133,0
15134,0
15135,0
15136,0
15137,0
15138,0
15139,0
15140,0
15141,0
15142,0
15143,0
15144,0
15145,0
15146,0
15147,0
15148,0
15149,0
15150,0
15151,0
15152,0
15153,0
15154,0
15155,0
15156,0
15157,0
15158,0
15159,0
15160,0
15161,0
15162,0
15163,0
15164,0
15165,0
15166,0
15167,0
15168,0
15169,0
15170,0
15171,0
15172,0
15173,0
15174,0
15175,0
15176,0
15177,0
15178,4
15179,4
15180,2
15181,4
15182,6
15183,7
15184,7
15185,6
15186,6
15187,11
15188,6
15189,11
15190,6
15191,8
15192,9
15193,7
15194,7
15195,10
15196,6
15197,5
15198,10
15199,10
15200,9
15201,10
15202,8
15203,14
15204,9
15205,10
15206,7
15207,8
15208,4
15209,4
15210,7
15211,7
15212,9
15213,9
15214,8
15215,9
15216,13
15217,8
15218,10
15219,12
15220,10
15221,9
15222,10
15223,8
15224,7
15225,9
15226,4
15227,11
15228,14
15229,17
15230,17
15231,12
15232,9
15233,7
15234,11
15235,13
15236,13
15237,10
15238,14
15239,11
15240,10
15241,8
15242,7
15243,8
15244,13
15245,7
15246,12
15247,11
15248,7
15249,12
15250,13
15251,15
15252,12
15253,15
15254,19
15255,8
15256,12
15257,20
15258,13
15259,11
15260,10
15261,9
15262,13
15263,10
15264,7
15265,6
15266,12
15267,14
15268,13
15269,9
15270,9
15271,8
15272,6
15273,9
15274,6
15275,5
15276,14
15277,9
15278,11
15279,14
15280,9
15281,11
15282,12
15283,11
15284,16
15285,14
15286,10
15287,16
15288,11
15289,11
15290,7
15291,11
15292,11
15293,16
15294,7
15295,10
15296,6
15297,10
15298,4
15299,14
15300,11
15301,6
15302,5
15303,4
15304,7
15305,8
15306,10
15307,7
15308,7
15309,8
15310,6
15311,10
15312,4
15313,9
15314,6
15315,6
15316,11
15317,14
15318,8
15319,9
15320,13
15321,7
15322,9
15323,10
15324,3
15325,5
15326,7
15327,6
15328,12
15329,7
15330,16
15331,13
15332,12
15333,9
15334,16
15335,13
15336,14
15337,13
15338,15
15339,10
15340,13
15341,12
15342,9
15343,11
15344,15
15345,17
15346,20
15347,17
15348,17
15349,9
15350,19
15351,9
15352,19
15353,15
15354,13
15355,19
15356,13
15357,10
15358,15
15359,12
15360,13
15361,15
15362,12
15363,9
15364,11
15365,6
15366,10
15367,12
15368,14
15369,15
15370,9
15371,16
15372,13
15373,12
15374,10
15375,12
15376,12
15377,8
15378,14
15379,12
15380,7
15381,14
15382,9
15383,16
15384,9
15385,9
15386,9
15387,8
15388,13
15389,15
15390,12
15391,7
15392,13
15393,12
15394,9
15395,12
15396,15
15397,11
15398,9
15399,16
15400,15
15401,15
15402,13
15403,15
15404,11
15405,13
15406,5
15407,13
15408,12
15409,10
15410,18
15411,12
15412,17
15413,14
15414,14
15415,11
15416,9
15417,12
15418,10
15419,13
15420,13
15421,8
15422,11
15423,7
15424,11
15425,11
15426,12
15427,9
15428,9
15429,8
15430,8
15431,6
15432,15
15433,8
15434,10
15435,8
15436,2
15437,12
15438,10
15439,7
15440,12
15441,12
15442,9
15443,11
15444,11
15445,13
15446,6
15447,12
15448,11
15449,13
15450,11
15451,9
15452,13
15453,9
15454,16
15455,9
15456,12
15457,7
15458,16
15459,13
15460,15
15461,16
15462,17
15463,18
15464,16
15465,16
15466,14
15467,13
15468,8
15469,14
15470,16
15471,10
15472,14
15473,8
15474,14
15475,15
15476,13
15477,10
15478,17
15479,15
15480,13
15481,10
15482,6
15483,9
15484,14
15485,14
15486,14
15487,11
15488,12
15489,9
15490,10
15491,13
15492,15
15493,18
15494,9
15495,14
15496,12
15497,9
15498,11
15499,14
15500,12
15501,12
15502,8
15503,17
15504,15
15505,11
15506,12
15507,13
15508,17
15509,17
15510,15
15511,12
15512,12
15513,11
15514,13
15515,8
15516,10
15517,18
15518,9
15519,9
15520,10
15521,11
15522,19
15523,4
15524,12
15525,15
15526,11
15527,12
15528,11
15529,12
15530,9
15531,18
15532,17
15533,12
15534,17
15535,12
15536,15
15537,14
15538,11
15539,8
15540,10
15541,11
15542,14
15543,12
15544,8
15545,17
15546,10
15547,6
15548,7
15549,11
15550,8
15551,13
15552,14
15553,7
15554,8
15555,12
15556,11
15557,10
15558,11
15559,15
15560,19
15561,11
15562,11
15563,13
15564,13
15565,6
15566,13
15567,5
15568,13
15569,7
15570,14
15571,11
15572,14
15573,13
15574,8
15575,7
15576,5
15577,11
15578,7
15579,11
15580,11
15581,13
15582,13
15583,12
15584,10
15585,12
15586,16
15587,16
15588,13
15589,5
15590,14
15591,11
15592,10
15593,6
15594,14
15595,11
15596,12
15597,9
15598,6
15599,9
15600,10
15601,5
15602,5
15603,12
15604,11
15605,9
15606,6
15607,11
15608,11
15609,11
15610,9
15611,10
15612,15
15613,10
15614,8
15615,10
15616,10
15617,12
15618,6
15619,11
15620,12
15621,14
15622,14
15623,11
15624,12
15625,9
15626,7
15627,10
15628,10
15629,11
15630,7
15631,12
15632,9
15633,15
15634,14
15635,7
15636,11
15637,12
15638,10
15639,11
15640,6
15641,9
15642,9
15643,9
15644,8
15645,12
15646,9
15647,8
15648,9
15649,8
15650,10
15651,10
15652,14
15653,13
15654,7
15655,9
15656,6
15657,11
15658,15
15659,9
15660,12
15661,9
15662,14
15663,7
15664,12
15665,11
15666,16
15667,13
15668,8
15669,9
15670,20
15671,11
15672,12
15673,9
15674,19
15675,16
15676,14
15677,7
15678,11
15679,10
15680,10
15681,14
15682,15
15683,13
15684,9
15685,8
15686,5
15687,10
15688,9
15689,8
15690,10
15691,12
15692,5
15693,14
15694,17
15695,15
15696,13
15697,10
15698,15
15699,10
15700,16
15701,19
15702,12
15703,8
15704,17
15705,14
15706,5
15707,15
15708,11
15709,7
15710,12
15711,15
15712,8
15713,10
15714,9
15715,11
15716,10
15717,12
15718,10
15719,15
15720,8
15721,14
15722,8
15723,12
15724,10
15725,11
15726,15
15727,10
15728,7
15729,5
15730,8
15731,11
15732,7
15733,10
15734,9
15735,14
15736,15
15737,9
15738,16
15739,12
15740,7
15741,11
15742,14
15743,15
15744,10
15745,13
15746,9
15747,8
15748,15
15749,9
15750,4
15751,17
15752,13
15753,14
15754,19
15755,22
15756,20
15757,11
15758,13
15759,16
15760,11
15761,14
15762,11
15763,14
15764,7
15765,9
15766,4
15767,19
15768,11
15769,7
15770,11
15771,14
15772,14
15773,13
15774,22
15775,7
15776,17
15777,11
15778,9
15779,8
15780,8
15781,11
15782,6
15783,13
15784,4
15785,14
15786,10
15787,15
15788,15
15789,13
15790,7
15791,13
15792,16
15793,13
15794,12
15795,10
15796,15
15797,17
15798,13
15799,8
15800,15
15801,13
15802,12
15803,15
15804,16
15805,12
15806,18
15807,18
15808,20
15809,8
15810,10
15811,13
15812,10
15813,10
15814,16
15815,13
15816,12
15817,17
15818,19
15819,13
15820,12
15821,10
15822,20
15823,9
15824,16
15825,10
15826,14
15827,12
15828,12
15829,11
15830,8
15831,9
15832,10
15833,13
15834,13
15835,11
15836,9
15837,12
15838,12
15839,10
15840,12
15841,12
15842,12
15843,12
15844,8
15845,16
15846,14
15847,14
15848,9
15849,16
15850,18
15851,6
15852,15
15853,10
15854,15
15855,11
15856,12
15857,15
15858,13
15859,6
15860,11
15861,10
15862,10
15863,11
15864,3
15865,10
15866,11
15867,9
15868,6
15869,12
15870,7
15871,11
15872,7
15873,10
15874,9
15875,9
15876,11
15877,9
15878,12
15879,6
15880,12
15881,13
15882,9
15883,7
15884,11
15885,8
15886,6
15887,8
15888,12
15889,9
15890,7
15891,7
15892,9
15893,6
15894,9
15895,9
15896,9
15897,7
15898,11
15899,10
15900,10
15901,10
15902,8
15903,12
15904,8
15905,9
15906,10
15907,8
15908,10
15909,12
15910,9
15911,7
15912,15
15913,9
15914,12
15915,10
15916,12
15917,8
15918,10
15919,9
15920,11
15921,10
15922,10
15923,8
15924,17
15925,11
15926,19
15927,9
15928,11
15929,11
15930,14
15931,5
15932,10
15933,8
15934,5
15935,13
15936,10
15937,10
15938,10
15939,8
15940,10
15941,10
15942,11
15943,8
15944,16
15945,7
15946,17
15947,12
15948,13
15949,10
15950,4
15951,9
15952,11
15953,11
15954,8
15955,9
15956,10
15957,13
15958,9
15959,8
15960,8
15961,13
15962,13
15963,15
15964,8
15965,8
15966,16
15967,8
15968,11
15969,14
15970,16
15971,12
15972,14
15973,11
15974,5
15975,11
15976,9
15977,15
15978,6
15979,9
15980,9
15981,10
15982,12
15983,15
15984,9
15985,8
15986,5
15987,9
15988,15
15989,4
15990,8
15991,8
15992,12
15993,10
15994,13
15995,5
15996,10
15997,10
15998,10
15999,12
16000,8
16001,10
16002,16
16003,8
16004,3
16005,13
16006,12
16007,14
16008,10
16009,7
16010,10
16011,8
16012,18
16013,11
16014,14
16015,16
16016,8
16017,10
16018,9
16019,9
16020,12
16021,8
16022,6
16023,11
16024,10
16025,7
16026,7
16027,14
16028,11
16029,9
16030,11
16031,8
16032,10
16033,7
16034,11
16035,9
16036,10
16037,12
16038,10
16039,11
16040,11
16041,14
16042,8
16043,10
16044,8
16045,7
16046,9
16047,8
16048,13
16049,10
16050,21
16051,11
16052,14
16053,9
16054,14
16055,16
16056,13
16057,16
16058,20
16059,18
16060,16
16061,24
16062,7
16063,11
16064,9
16065,11
16066,15
16067,11
16068,17
16069,14
16070,10
16071,16
16072,12
16073,14
16074,10
16075,9
16076,10
16077,14
16078,11
16079,12
16080,13
16081,10
16082,8
16083,19
16084,12
16085,13
16086,11
16087,13
16088,10
16089,12
16090,7
16091,11
16092,10
16093,10
16094,13
16095,16
16096,16
16097,11
16098,16
16099,13
16100,11
16101,13
16102,15
16103,10
16104,10
16105,13
16106,9
16107,11
16108,9
16109,14
16110,14
16111,7
16112,11
16113,12
16114,7
16115,7
16116,6
16117,9
16118,8
16119,10
16120,15
16121,7
16122,14
16123,8
16124,14
16125,6
16126,7
16127,10
16128,10
16129,12
16130,12
16131,10
16132,10
16133,8
16134,13
16135,9
16136,8
16137,12
16138,10
16139,7
16140,12
16141,10
16142,5
16143,12
16144,7
16145,12
16146,10
16147,10
16148,13
16149,17
16150,11
16151,12
16152,16
16153,7
16154,9
16155,10
16156,6
16157,16
16158,7
16159,6
16160,11
16161,15
16162,9
16163,6
16164,9
16165,9
16166,10
16167,13
16168,6
16169,13
16170,10
16171,12
16172,10
16173,5
16174,11
16175,12
16176,13
16177,11
16178,11
16179,16
16180,14
16181,16
16182,14
16183,13
16184,9
16185,9
16186,15
16187,8
16188,10
16189,15
16190,9
16191,15
16192,13
16193,14
16194,13
16195,12
16196,11
16197,9
16198,11
16199,11
16200,9
16201,11
16202,9
16203,9
16204,5
16205,14
16206,9
16207,10
16208,10
16209,8
16210,12
16211,7
16212,12
16213,9
16214,10
16215,11
16216,11
16217,8
16218,7
16219,11
16220,9
16221,11
16222,12
16223,12
16224,9
16225,8
16226,10
16227,8
16228,6
16229,9
16230,10
16231,8
16232,8
16233,6
16234,6
16235,4
16236,9
16237,10
16238,5
16239,6
16240,10
16241,4
16242,6
16243,4
16244,7
16245,6
16246,11
16247,8
16248,9
16249,4
16250,7
16251,10
16252,10
16253,13
16254,15
16255,10
16256,7
16257,6
16258,12
16259,10
16260,12
16261,14
16262,14
16263,10
16264,10
16265,14
16266,9
16267,14
16268,11
16269,8
16270,9
16271,12
16272,15
16273,12
16274,11
16275,9
16276,15
16277,11
16278,15
16279,14
16280,9
16281,17
16282,6
16283,6
16284,11
16285,8
16286,20
16287,9
16288,3
16289,13
16290,9
16291,9
16292,13
16293,13
16294,12
16295,9
16296,10
16297,14
16298,7
16299,2
16300,7
16301,5
16302,7
16303,15
16304,9
16305,15
16306,8
16307,11
16308,11
16309,20
16310,12
16311,16
16312,15
16313,12
16314,21
16315,13
16316,17
16317,11
16318,14
16319,14
16320,15
16321,10
16322,12
16323,9
16324,13
16325,6
16326,11
16327,14
16328,10
16329,21
16330,10
16331,12
16332,12
16333,10
16334,8
16335,7
16336,8
16337,9
16338,13
16339,13
16340,12
16341,9
16342,10
16343,16
16344,14
16345,7
16346,12
16347,7
16348,8
16349,11
16350,10
16351,8
16352,10
16353,12
16354,11
16355,11
16356,10
16357,9
16358,10
16359,9
16360,14
16361,13
16362,12
16363,11
16364,11
16365,16
16366,10
16367,15
16368,8
16369,6
16370,5
16371,12
16372,8
16373,9
16374,12
16375,12
16376,11
16377,14
16378,9
16379,8
16380,9
16381,11
16382,10
16383,7
16384,9
16385,13
16386,9
16387,15
16388,8
16389,15
16390,8
16391,12
16392,10
16393,10
16394,9
16395,7
16396,8
16397,5
16398,9
16399,8
16400,4
16401,10
16402,7
16403,10
16404,10
16405,13
16406,14
16407,6
16408,6
16409,11
16410,4
16411,10
16412,10
16413,13
16414,6
16415,13
16416,7
16417,14
16418,8
16419,8
16420,11
16421,15
16422,10
16423,10
16424,5
16425,9
16426,17
16427,11
16428,5
16429,11
16430,10
16431,10
16432,8
16433,6
16434,8
16435,10
16436,5
16437,5
16438,5
16439,11
16440,9
16441,4
16442,11
16443,5
16444,5
16445,12
16446,8
16447,6
16448,15
16449,3
16450,3
16451,7
16452,9
16453,6
16454,8
16455,8
16456,8
16457,6
16458,6
16459,9
16460,6
16461,7
16462,11
16463,10
16464,7
16465,4
16466,7
16467,7
16468,5
16469,14
16470,9
16471,7
16472,8
16473,5
16474,9
16475,10
16476,12
16477,6
16478,5
16479,12
16480,4
16481,13
16482,6
16483,9
16484,7
16485,9
16486,5
16487,9
16488,6
16489,9
16490,8
16491,5
16492,8
16493,10
16494,8
16495,7
16496,5
16497,6
16498,5
16499,6
16500,3
16501,7
16502,11
16503,5
16504,9
16505,6
16506,15
16507,9
16508,14
16509,9
16510,14
16511,11
16512,7
16513,13
16514,8
16515,9
16516,8
16517,8
16518,7
16519,10
16520,9
16521,7
16522,10
16523,11
16524,6
16525,15
16526,11
16527,5
16528,18
16529,8
16530,14
16531,7
16532,10
16533,10
16534,9
16535,8
16536,14
16537,9
16538,12
16539,13
16540,12
16541,9
16542,15
16543,15
16544,9
16545,6
16546,12
16547,11
16548,8
16549,4
16550,8
16551,8
16552,12
16553,7
16554,9
16555,11
16556,11
16557,9
16558,14
16559,9
16560,18
16561,9
16562,7
16563,9
16564,8
16565,11
16566,16
16567,8
16568,17
16569,16
16570,9
16571,13
16572,8
16573,8
16574,16
16575,11
16576,8
16577,8
16578,6
16579,11
16580,11
16581,11
16582,8
16583,8
16584,22
16585,12
16586,12
16587,17
16588,20
16589,16
16590,18
16591,10
16592,12
16593,14
16594,14
16595,13
16596,20
16597,14
16598,15
16599,10
16600,10
16601,10
16602,6
16603,9
16604,12
16605,4
16606,9
16607,9
16608,8
16609,8
16610,12
16611,10
16612,14
16613,8
16614,11
16615,5
16616,12
16617,10
16618,14
16619,5
16620,13
16621,13
16622,6
16623,15
16624,17
16625,6
16626,5
16627,11
16628,5
16629,8
16630,13
16631,13
16632,13
16633,16
16634,11
16635,10
16636,13
16637,6
16638,12
16639,11
16640,9
16641,13
16642,13
16643,11
16644,10
16645,9
16646,15
16647,13
16648,22
16649,11
16650,17
16651,13
16652,8
16653,16
16654,8
16655,16
16656,8
16657,13
16658,10
16659,16
16660,16
16661,13
16662,15
16663,14
16664,14
16665,9
16666,16
16667,17
16668,7
16669,16
16670,15
16671,22
16672,14
16673,20
16674,15
16675,20
16676,12
16677,12
16678,17
16679,11
16680,11
16681,17
16682,14
16683,19
16684,10
16685,12
16686,18
16687,13
16688,14
16689,23
16690,18
16691,15
16692,19
16693,13
16694,14
16695,15
16696,10
16697,15
16698,8
16699,13
16700,11
16701,9
16702,8
16703,14
16704,17
16705,9
16706,10
16707,11
16708,9
16709,7
16710,9
16711,10
16712,13
16713,10
16714,6
16715,9
16716,12
16717,14
16718,10
16719,15
16720,14
16721,13
16722,15
16723,17
16724,15
16725,15
16726,8
16727,21
16728,10
16729,14
16730,8
16731,15
16732,10
16733,6
16734,15
16735,11
16736,12
16737,14
16738,11
16739,11
16740,11
16741,14
16742,14
16743,9
16744,7
16745,12
16746,13
16747,13
16748,8
16749,6
16750,11
16751,8
16752,12
16753,10
16754,13
16755,9
16756,11
16757,11
16758,10
16759,16
16760,15
16761,9
16762,8
16763,12
16764,7
16765,11
16766,8
16767,12
16768,15
16769,9
16770,6
16771,14
16772,13
16773,9
16774,12
16775,12
16776,9
16777,15
16778,8
16779,11
16780,8
16781,10
16782,11
16783,13
16784,7
16785,8
16786,12
16787,12
16788,12
16789,12
16790,6
16791,11
16792,14
16793,9
16794,12
16795,9
16796,7
16797,11
16798,8
16799,9
16800,6
16801,9
16802,7
16803,8
16804,3
16805,7
16806,10
16807,8
16808,6
16809,10
16810,4
16811,10
16812,11
16813,11
16814,15
16815,11
16816,10
16817,5
16818,5
16819,13
16820,4
16821,12
16822,13
16823,7
16824,14
16825,9
16826,9
16827,6
16828,11
16829,7
16830,11
16831,8
16832,12
16833,10
16834,10
16835,9
16836,12
16837,12
16838,13
16839,13
16840,7
16841,10
16842,10
16843,11
16844,9
16845,10
16846,15
16847,7
16848,6
16849,9
16850,12
16851,13
16852,11
16853,10
16854,8
16855,8
16856,4
16857,12
16858,9
16859,5
16860,12
16861,6
16862,9
16863,16
16864,7
16865,10
16866,12
16867,9
16868,12
16869,7
16870,5
16871,15
16872,4
16873,9
16874,10
16875,9
16876,13
16877,7
16878,9
16879,8
16880,12
16881,14
16882,11
16883,10
16884,6
16885,8
16886,11
16887,7
16888,15
16889,9
16890,11
16891,8
16892,11
16893,3
16894,9
16895,6
16896,8
16897,9
16898,10
16899,16
16900,6
16901,9
16902,6
16903,8
16904,7
16905,12
16906,6
16907,14
16908,11
16909,10
16910,19
16911,9
16912,11
16913,7
16914,10
16915,9
16916,11
16917,14
16918,7
16919,13
16920,10
16921,11
16922,7
16923,7
16924,13
16925,4
16926,11
16927,13
16928,8
16929,17
16930,9
16931,9
16932,14
16933,8
16934,13
16935,11
16936,10
16937,12
16938,9
16939,15
16940,10
16941,6
16942,11
16943,15
16944,14
16945,8
16946,18
16947,15
16948,12
16949,10
16950,9
16951,11
16952,7
16953,11
16954,13
16955,20
16956,11
16957,14
16958,15
16959,12
16960,12
16961,11
16962,11
16963,17
16964,15
16965,13
16966,13
16967,12
16968,7
16969,13
16970,24
16971,8
16972,18
16973,16
16974,12
16975,11
16976,15
16977,14
16978,15
16979,19
16980,18
16981,17
16982,11
16983,11
16984,12
16985,21
16986,13
16987,21
16988,10
16989,10
16990,16
16991,16
16992,13
16993,18
16994,12
16995,14
16996,10
16997,10
16998,9
16999,13
17000,5
17001,16
17002,14
17003,9
17004,17
17005,14
17006,11
17007,9
17008,12
17009,10
17010,9
17011,20
17012,9
17013,7
17014,14
17015,14
17016,14
17017,14
17018,10
17019,13
17020,10
17021,15
17022,15
17023,13
17024,12
17025,12
17026,15
17027,18
17028,12
17029,13
17030,16
17031,8
17032,13
17033,12
17034,10
17035,11
17036,9
17037,11
17038,10
17039,13
17040,13
17041,10
17042,9
17043,7
17044,14
17045,1
17046,8
17047,10
17048,9
17049,11
17050,9
17051,7
17052,9
17053,9
17054,9
17055,9
17056,11
17057,6
17058,11
17059,13
17060,7
17061,10
17062,8
17063,9
17064,9
17065,6
17066,7
17067,11
17068,19
17069,10
17070,15
17071,14
17072,7
17073,17
17074,8
17075,14
17076,11
17077,12
17078,8
17079,10
17080,4
17081,12
17082,6
17083,10
17084,6
17085,10
17086,7
17087,8
17088,6
17089,11
17090,16
17091,15
17092,11
17093,10
17094,5
17095,11
17096,12
17097,9
17098,9
17099,10
17100,5
17101,5
17102,9
17103,16
17104,5
17105,10
17106,12
17107,10
17108,16
17109,11
17110,15
17111,11
17112,13
17113,12
17114,11
17115,11
17116,7
17117,6
17118,11
17119,14
17120,9
17121,10
17122,9
17123,10
17124,8
17125,14
17126,6
17127,6
17128,12
17129,9
17130,6
17131,10
17132,7
17133,7
17134,8
17135,7
17136,11
17137,9
17138,6
17139,10
17140,11
17141,7
17142,8
17143,9
17144,11
17145,8
17146,8
17147,6
17148,11
17149,11
17150,7
17151,9
17152,10
17153,8
17154,7
17155,8
17156,10
17157,10
17158,12
17159,7
17160,11
17161,5
17162,9
17163,8
17164,8
17165,5
17166,9
17167,13
17168,12
17169,11
17170,14
17171,10
17172,7
17173,10
17174,14
17175,7
17176,14
17177,6
17178,10
17179,10
17180,11
17181,8
17182,14
17183,14
17184,10
17185,12
17186,15
17187,16
17188,13
17189,16
17190,17
17191,13
17192,12
17193,7
17194,8
17195,14
17196,14
17197,12
17198,17
17199,9
17200,11
17201,10
17202,9
17203,9
17204,5
17205,7
17206,11
17207,12
17208,17
17209,14
17210,12
17211,14
17212,9
17213,11
17214,12
17215,12
17216,10
17217,11
17218,16
17219,11
17220,13
17221,7
17222,15
17223,16
17224,10
17225,13
17226,12
17227,18
17228,10
17229,14
17230,18
17231,11
17232,16
17233,8
17234,16
17235,9
17236,9
17237,12
17238,9
17239,12
17240,13
17241,10
17242,10
17243,9
17244,8
17245,12
17246,10
17247,11
17248,11
17249,11
17250,6
17251,7
17252,6
17253,14
17254,13
17255,8
17256,11
17257,8
17258,3
17259,13
17260,9
17261,11
17262,8
17263,6
17264,12
17265,13
17266,9
17267,13
17268,10
17269,7
17270,19
17271,12
17272,12
17273,12
17274,5
17275,11
17276,11
17277,13
17278,11
17279,12
17280,7
17281,8
17282,9
17283,5
17284,11
17285,10
17286,3
17287,13
17288,9
17289,8
17290,6
17291,9
17292,11
17293,11
17294,11
17295,7
17296,8
17297,11
17298,4
17299,4
17300,10
17301,9
17302,4
17303,12
17304,9
17305,6
17306,13
17307,12
17308,19
17309,12
17310,10
17311,11
17312,11
17313,10
17314,10
17315,11
17316,6
17317,10
17318,6
17319,13
17320,9
17321,9
17322,11
17323,10
17324,13
17325,7
17326,12
17327,8
17328,10
17329,17
17330,7
17331,9
17332,11
17333,8
17334,4
17335,11
17336,12
17337,14
17338,14
17339,7
17340,6
17341,6
17342,10
17343,6
17344,10
17345,9
17346,6
17347,10
17348,8
17349,8
17350,15
17351,10
17352,14
17353,10
17354,9
17355,10
17356,12
17357,11
17358,6
17359,15
17360,6
17361,15
17362,10
17363,10
17364,17
17365,7
17366,13
17367,8
17368,6
17369,11
17370,5
17371,13
17372,8
17373,14
17374,13
17375,14
17376,9
17377,7
17378,8
17379,13
17380,7
17381,9
17382,11
17383,14
17384,12
17385,10
17386,14
17387,15
17388,14
17389,11
17390,10
17391,7
17392,4
17393,8
17394,15
17395,7
17396,8
17397,9
17398,14
17399,8
17400,9
17401,10
17402,9
17403,12
17404,13
17405,18
17406,15
17407,16
17408,16
17409,19
17410,16
17411,12
17412,9
17413,15
17414,4
17415,15
17416,9
17417,8
17418,8
17419,6
17420,9
17421,8
17422,11
17423,7
17424,8
17425,14
17426,9
17427,9
17428,10
17429,11
17430,7
17431,13
17432,13
17433,12
17434,9
17435,11
17436,9
17437,9
17438,6
17439,9
17440,11
17441,13
17442,9
17443,5
17444,10
17445,6
17446,10
17447,12
17448,12
17449,9
17450,11
17451,15
17452,10
17453,9
17454,16
17455,11
17456,14
17457,6
17458,7
17459,17
17460,11
17461,14
17462,6
17463,16
17464,9
17465,15
17466,6
17467,10
17468,5
17469,9
17470,8
17471,15
17472,9
17473,11
17474,11
17475,14
17476,7
17477,5
17478,11
17479,12
17480,11
17481,9
17482,11
17483,6
17484,8
17485,10
17486,13
17487,10
17488,6
17489,9
17490,8
17491,6
17492,11
17493,11
17494,9
17495,14
17496,16
17497,10
17498,9
17499,7
17500,14
17501,9
17502,11
17503,17
17504,13
17505,19
17506,12
17507,8
17508,10
17509,11
17510,10
17511,7
17512,12
17513,6
17514,10
17515,15
17516,10
17517,16
17518,13
17519,14
17520,13
17521,12
17522,9
17523,10
17524,17
17525,12
17526,7
17527,10
17528,14
17529,16
17530,11
17531,5
17532,12
17533,16
17534,10
17535,10
17536,11
17537,9
17538,14
17539,12
17540,12
17541,7
17542,9
17543,9
17544,14
17545,16
17546,11
17547,17
17548,16
17549,11
17550,8
17551,16
17552,13
17553,10
17554,14
17555,13
17556,15
17557,12
17558,8
17559,14
17560,12
17561,11
17562,13
17563,9
17564,13
17565,9
17566,16
17567,11
17568,11
17569,11
17570,8
17571,9
17572,8
17573,6
17574,8
17575,8
17576,4
17577,11
17578,7
17579,4
17580,10
17581,11
17582,7
17583,11
17584,12
17585,11
17586,11
17587,10
17588,14
17589,10
17590,12
17591,17
17592,13
17593,8
17594,16
17595,10
17596,10
17597,9
17598,6
17599,12
17600,8
17601,10
17602,3
17603,11
17604,10
17605,7
17606,7
17607,6
17608,6
17609,5
17610,7
17611,4
17612,8
17613,9
17614,12
17615,8
17616,10
17617,9
17618,8
17619,6
17620,7
17621,7
17622,6
17623,6
17624,11
17625,7
17626,9
17627,11
17628,6
17629,7
17630,14
17631,7
17632,12
17633,16
17634,10
17635,7
17636,7
17637,10
17638,4
17639,6
17640,16
17641,13
17642,6
17643,12
17644,8
17645,10
17646,13
17647,12
17648,9
17649,8
17650,16
17651,8
17652,15
17653,7
17654,6
17655,8
17656,9
17657,6
17658,7
17659,5
17660,8
17661,8
17662,5
17663,5
17664,7
17665,13
17666,12
17667,8
17668,12
17669,8
17670,5
17671,5
17672,7
17673,4
17674,5
17675,7
17676,7
17677,8
17678,6
17679,9
17680,6
17681,13
17682,10
17683,5
17684,5
17685,10
17686,12
17687,6
17688,11
17689,8
17690,6
17691,4
17692,10
17693,4
17694,7
17695,7
17696,11
17697,10
17698,10
17699,4
17700,11
17701,11
17702,5
17703,8
17704,8
17705,12
17706,8
17707,15
17708,5
17709,12
17710,7
17711,8
17712,13
17713,7
17714,10
17715,4
17716,15
17717,9
17718,4
17719,13
17720,9
17721,8
17722,7
17723,8
17724,12
17725,9
17726,10
17727,14
17728,7
17729,9
17730,17
17731,10
17732,13
17733,10
17734,11
17735,14
17736,10
17737,10
17738,10
17739,10
17740,11
17741,12
17742,9
17743,15
17744,14
17745,13
17746,7
17747,10
17748,9
17749,13
17750,10
17751,12
17752,11
17753,14
17754,10
17755,15
17756,10
17757,9
17758,6
17759,14
17760,10
17761,10
17762,14
17763,10
17764,5
17765,11
17766,11
17767,6
17768,11
17769,12
17770,2
17771,5
17772,8
17773,5
17774,8
17775,7
17776,10
17777,9
17778,14
17779,12
17780,14
17781,13
17782,12
17783,11
17784,14
17785,7
17786,9
17787,7
17788,13
17789,10
17790,12
17791,5
17792,11
17793,10
17794,8
17795,15
17796,11
17797,8
17798,9
17799,5
17800,13
17801,8
17802,10
17803,8
17804,8
17805,10
17806,5
17807,11
17808,6
17809,8
17810,6
17811,7
17812,8
17813,6
17814,7
17815,6
17816,6
17817,11
17818,7
17819,7
17820,9
17821,10
17822,5
17823,6
17824,6
17825,6
17826,7
17827,6
17828,5
17829,8
17830,5
17831,9
17832,5
17833,13
17834,7
17835,4
17836,6
17837,13
17838,13
17839,5
17840,9
17841,5
17842,13
17843,7
17844,5
17845,10
17846,10
17847,8
17848,11
17849,9
17850,10
17851,8
17852,10
17853,15
17854,10
17855,8
17856,10
17857,9
17858,9
17859,9
17860,7
17861,14
17862,11
17863,12
17864,5
17865,5
17866,9
17867,9
17868,8
17869,3
17870,10
17871,4
17872,10
17873,5
17874,8
17875,6
17876,8
17877,2
17878,9
17879,13
17880,6
17881,7
17882,7
17883,6
17884,8
17885,13
17886,6
17887,12
17888,10
17889,10
17890,6
17891,8
17892,9
17893,8
17894,5
17895,10
17896,1
17897,11
17898,9
17899,9
17900,13
17901,9
17902,9
17903,11
17904,10
17905,11
17906,14
17907,13
17908,10
17909,9
17910,10
17911,9
17912,12
17913,14
17914,11
17915,8
17916,18
17917,11
17918,17
17919,15
17920,17
17921,11
17922,13
17923,9
17924,15
17925,10
17926,17
17927,7
17928,14
17929,16
17930,8
17931,9
17932,15
17933,13
17934,8
17935,12
17936,11
17937,7
17938,8
17939,9
17940,11
17941,10
17942,9
17943,5
17944,12
17945,9
17946,6
17947,6
17948,8
17949,7
17950,6
17951,8
17952,7
17953,10
17954,4
17955,9
17956,12
17957,9
17958,11
17959,8
17960,12
17961,15
17962,6
17963,10
17964,13
17965,7
17966,10
17967,8
17968,10
17969,13
17970,9
17971,8
17972,9
17973,14
17974,9
17975,10
17976,9
17977,10
17978,9
17979,11
17980,9
17981,12
17982,6
17983,9
17984,8
17985,14
17986,14
17987,10
17988,7
17989,12
17990,9
17991,10
17992,9
17993,13
17994,10
17995,11
17996,14
17997,8
17998,10
17999,12
18000,8
18001,9
18002,10
18003,12
18004,10
18005,8
18006,11
18007,11
18008,9
18009,6
18010,12
18011,15
18012,11
18013,12
18014,14
18015,13
18016,14
18017,12
18018,11
18019,7
18020,13
18021,12
18022,4
18023,6
18024,11
18025,9
18026,10
18027,10
18028,8
18029,9
18030,11
18031,9
18032,14
18033,10
18034,10
18035,13
18036,8
18037,7
18038,10
18039,7
18040,12
18041,8
18042,15
18043,15
18044,12
18045,10
18046,12
18047,10
18048,14
18049,8
18050,12
18051,11
18052,2
18053,6
18054,15
18055,12
18056,9
18057,13
18058,10
18059,8
18060,12
18061,9
18062,8
18063,13
18064,7
18065,15
18066,10
18067,5
18068,12
18069,11
18070,9
18071,13
18072,5
18073,9
18074,7
18075,9
18076,4
18077,7
18078,9
18079,7
18080,7
18081,13
18082,6
18083,4
18084,9
18085,10
18086,7
18087,10
18088,5
18089,7
18090,9
18091,5
18092,10
18093,12
18094,11
18095,8
18096,7
18097,11
18098,12
18099,6
18100,10
18101,12
18102,3
18103,6
18104,7
18105,7
18106,10
18107,4
18108,10
18109,9
18110,4
18111,9
18112,14
18113,6
18114,17
18115,10
18116,9
18117,8
18118,7
18119,10
18120,9
18121,9
18122,10
18123,8
18124,13
18125,14
18126,10
18127,9
18128,6
18129,10
18130,14
18131,8
18132,8
18133,10
18134,6
18135,11
18136,11
18137,6
18138,9
18139,5
18140,7
18141,8
18142,9
18143,8
18144,8
18145,6
18146,10
18147,7
18148,9
18149,5
18150,4
18151,5
18152,12
18153,7
18154,8
18155,7
18156,10
18157,14
18158,11
18159,11
18160,13
18161,5
18162,8
18163,8
18164,6
18165,7
18166,7
18167,5
18168,6
18169,6
18170,6
18171,8
18172,11
18173,7
18174,7
18175,18
18176,6
18177,9
18178,11
18179,7
18180,15
18181,16
18182,9
18183,10
18184,8
18185,13
18186,11
18187,10
18188,5
18189,13
18190,10
18191,8
18192,12
18193,13
18194,12
18195,15
18196,11
18197,9
18198,9
18199,6
18200,11
18201,8
18202,12
18203,6
18204,10
18205,12
18206,12
18207,8
18208,15
18209,8
18210,13
18211,11
18212,11
18213,8
18214,8
18215,9
18216,10
18217,11
18218,14
18219,14
18220,11
18221,14
18222,10
18223,15
18224,14
18225,12
18226,13
18227,14
18228,11
18229,10
18230,16
18231,10
18232,13
18233,8
18234,14
18235,11
18236,8
18237,8
18238,9
18239,8
18240,14
18241,11
18242,6
18243,8
18244,12
18245,14
18246,7
18247,13
18248,8
18249,13
18250,8
18251,14
18252,12
18253,12
18254,11
18255,12
18256,9
18257,12
18258,13
18259,7
18260,13
18261,15
18262,13
18263,11
18264,8
18265,11
18266,7
18267,17
18268,7
18269,13
18270,6
18271,10
18272,12
18273,13
18274,12
18275,10
18276,8
18277,8
18278,14
18279,6
18280,7
18281,14
18282,9
18283,18
18284,24
18285,13
18286,7
18287,7
18288,7
18289,5
18290,9
18291,11
18292,10
18293,9
18294,6
18295,15
18296,12
18297,10
18298,10
18299,11
18300,9
18301,11
18302,9
18303,15
18304,14
18305,12
18306,12
18307,10
18308,11
18309,9
18310,11
18311,16
18312,16
18313,16
18314,19
18315,16
18316,14
18317,16
18318,15
18319,16
18320,12
18321,5
18322,9
18323,8
18324,13
18325,12
18326,13
18327,11
18328,13
18329,10
18330,15
18331,9
18332,13
18333,14
18334,5
18335,15
18336,11
18337,12
18338,15
18339,16
18340,8
18341,14
18342,18
18343,7
18344,11
18345,11
18346,10
18347,10
18348,10
18349,5
18350,9
18351,5
18352,10
18353,8
18354,7
18355,11
18356,10
18357,12
18358,13
18359,14
18360,14
18361,11
18362,10
18363,16
18364,12
18365,15
18366,16
18367,9
18368,9
18369,15
18370,6
18371,12
18372,8
18373,11
18374,7
18375,11
18376,12
18377,9
18378,14
18379,10
18380,7
18381,12
18382,10
18383,10
18384,7
18385,10
18386,9
18387,11
18388,13
18389,12
18390,8
18391,12
18392,9
18393,9
18394,10
18395,9
18396,11
18397,11
18398,8
18399,11
18400,4
18401,10
18402,11
18403,13
18404,6
18405,10
18406,10
18407,11
18408,11
18409,8
18410,14
18411,10
18412,8
18413,9
18414,14
18415,10
18416,7
18417,13
18418,8
18419,3
18420,14
18421,13
18422,12
18423,8
18424,11
18425,6
18426,10
18427,13
18428,7
18429,11
18430,4
18431,10
18432,9
18433,13
18434,7
18435,9
18436,7
18437,7
18438,12
18439,11
18440,5
18441,13
18442,11
18443,11
18444,11
18445,10
18446,13
18447,14
18448,8
18449,9
18450,16
18451,11
18452,15
18453,14
18454,11
18455,15
18456,14
18457,15
18458,7
18459,15
18460,12
18461,17
18462,11
18463,17
18464,14
18465,13
18466,13
18467,8
18468,17
18469,9
18470,13
18471,9
18472,6
18473,11
18474,14
18475,14
18476,12
18477,14
18478,8
18479,14
18480,7
18481,16
18482,14
18483,15
18484,7
18485,16
18486,12
18487,16
18488,13
18489,12
18490,13
18491,13
18492,13
18493,12
18494,11
18495,12
18496,14
18497,8
18498,7
18499,11
18500,9
18501,14
18502,11
18503,10
18504,13
18505,10
18506,6
18507,9
18508,7
18509,9
18510,8
18511,5
18512,14
18513,10
18514,10
18515,13
18516,12
18517,7
18518,10
18519,7
18520,9
18521,9
18522,12
18523,12
18524,6
18525,11
18526,6
18527,13
18528,13
18529,11
18530,12
18531,14
18532,10
18533,12
18534,11
18535,5
18536,12
18537,11
18538,10
18539,11
18540,9
18541,12
18542,14
18543,14
18544,15
18545,7
18546,8
18547,11
18548,10
18549,4
18550,17
18551,11
18552,9
18553,8
18554,9
18555,14
18556,8
18557,7
18558,9
18559,12
18560,8
18561,13
18562,6
18563,12
18564,10
18565,15
18566,9
18567,15
18568,14
18569,14
18570,11
18571,15
18572,9
18573,9
18574,10
18575,14
18576,12
18577,16
18578,12
18579,15
18580,12
18581,9
18582,10
18583,13
18584,9
18585,10
18586,12
18587,9
18588,9
18589,12
18590,9
18591,14
18592,7
18593,10
18594,15
18595,7
18596,10
18597,9
18598,9
18599,10
18600,9
18601,12
18602,5
18603,12
18604,12
18605,11
18606,9
18607,8
18608,10
18609,9
18610,6
18611,12
18612,17
18613,12
18614,7
18615,12
18616,10
18617,11
18618,13
18619,8
18620,10
18621,10
18622,6
18623,12
18624,14
18625,7
18626,12
18627,11
18628,20
18629,14
18630,17
18631,13
18632,16
18633,13
18634,7
18635,15
18636,6
18637,6
18638,12
18639,16
18640,15
18641,13
18642,12
18643,16
18644,16
18645,14
18646,15
18647,11
18648,12
18649,10
18650,14
18651,16
18652,10
18653,14
18654,15
18655,9
18656,15
18657,8
18658,7
18659,17
18660,12
18661,10
18662,12
18663,11
18664,13
18665,10
18666,12
18667,13
18668,12
18669,7
18670,13
18671,8
18672,12
18673,15
18674,8
18675,10
18676,13
18677,13
18678,13
18679,8
18680,11
18681,2
18682,11
18683,9
18684,9
18685,13
18686,10
18687,8
18688,10
18689,9
18690,7
18691,11
18692,15
18693,10
18694,7
18695,6
18696,15
18697,10
18698,7
18699,7
18700,18
18701,11
18702,13
18703,19
18704,12
18705,19
18706,12
18707,12
18708,13
18709,6
18710,13
18711,13
18712,15
18713,6
18714,7
18715,8
18716,7
18717,7
18718,11
18719,10
18720,12
18721,11
18722,12
18723,4
18724,12
18725,12
18726,11
18727,12
18728,12
18729,13
18730,14
18731,9
18732,5
18733,13
18734,7
18735,14
18736,10
18737,10
18738,16
18739,10
18740,10
18741,8
18742,14
18743,15
18744,13
18745,16
18746,15
18747,11
18748,10
18749,11
18750,15
18751,10
18752,14
18753,12
18754,9
18755,11
18756,14
18757,11
18758,11
18759,10
18760,10
18761,14
18762,7
18763,12
18764,7
18765,11
18766,7
18767,12
18768,10
18769,14
18770,9
18771,8
18772,8
18773,8
18774,15
18775,7
18776,10
18777,12
18778,16
18779,14
18780,6
18781,12
18782,11
18783,8
18784,12
18785,8
18786,14
18787,12
18788,10
18789,10
18790,8
18791,11
18792,8
18793,10
18794,14
18795,8
18796,11
18797,8
18798,12
18799,10
18800,11
18801,11
18802,10
18803,11
18804,10
18805,8
18806,8
18807,9
18808,10
18809,9
18810,11
18811,8
18812,9
18813,4
18814,10
18815,9
18816,14
18817,9
18818,8
18819,13
18820,9
18821,12
18822,10
18823,10
18824,8
18825,13
18826,16
18827,8
18828,10
18829,7
18830,7
18831,13
18832,13
18833,13
18834,12
18835,11
18836,8
18837,12
18838,16
18839,9
18840,14
18841,10
18842,15
18843,9
18844,10
18845,10
18846,9
18847,10
18848,13
18849,8
18850,10
18851,8
18852,8
18853,13
18854,7
18855,8
18856,7
18857,12
18858,11
18859,12
18860,12
18861,9
18862,12
18863,10
18864,9
18865,8
18866,6
18867,11
18868,9
18869,8
18870,14
18871,10
18872,10
18873,13
18874,10
18875,16
18876,8
18877,5
18878,7
18879,11
18880,7
18881,14
18882,11
18883,7
18884,13
18885,13
18886,8
18887,8
18888,13
18889,6
18890,8
18891,4
18892,7
18893,14
18894,10
18895,8
18896,6
18897,13
18898,8
18899,9
18900,13
18901,11
18902,14
18903,10
18904,7
18905,14
18906,11
18907,11
18908,12
18909,10
18910,10
18911,16
18912,19
18913,10
18914,10
18915,18
18916,11
18917,13
18918,9
18919,12
18920,11
18921,12
18922,14
18923,11
18924,15
18925,15
18926,14
18927,13
18928,12
18929,4
18930,8
18931,10
18932,17
18933,11
18934,12
18935,6
18936,3
18937,9
18938,8
18939,8
18940,8
18941,11
18942,11
18943,11
18944,14
18945,5
18946,10
18947,13
18948,13
18949,5
18950,10
18951,15
18952,13
18953,10
18954,10
18955,14
18956,4
18957,13
18958,9
18959,13
18960,11
18961,9
18962,15
18963,18
18964,15
18965,15
18966,14
18967,16
18968,8
18969,13
18970,15
18971,7
18972,8
18973,6
18974,8
18975,6
18976,13
18977,8
18978,10
18979,9
18980,10
18981,9
18982,7
18983,10
18984,9
18985,7
18986,7
18987,18
18988,8
18989,7
18990,5
18991,12
18992,9
18993,12
18994,14
18995,4
18996,9
18997,10
18998,7
18999,10
19000,5
19001,3
19002,11
19003,4
19004,14
19005,10
19006,11
19007,7
19008,5
19009,7
19010,11
19011,7
19012,11
19013,3
19014,11
19015,5
19016,9
19017,6
19018,7
19019,5
19020,6
19021,9
19022,8
19023,10
19024,8
19025,7
19026,6
19027,8
19028,3
19029,6
19030,5
19031,4
19032,4
19033,9
19034,10
19035,10
19036,10
19037,9
19038,9
19039,11
19040,8
19041,12
19042,12
19043,11
19044,7
19045,9
19046,5
19047,13
19048,6
19049,12
19050,4
19051,11
19052,9
19053,5
19054,7
19055,8
19056,7
19057,13
19058,4
19059,7
19060,10
19061,10
19062,6
19063,7
19064,10
19065,12
19066,6
19067,5
19068,7
19069,11
19070,9
19071,11
19072,16
19073,7
19074,9
19075,4
19076,10
19077,7
19078,15
19079,6
19080,12
19081,10
19082,12
19083,5
19084,9
19085,4
19086,9
19087,6
19088,7
19089,3
19090,8
19091,6
19092,8
19093,5
19094,12
19095,11
19096,10
19097,7
19098,8
19099,6
19100,8
19101,8
19102,9
19103,13
19104,3
19105,6
19106,5
19107,10
19108,7
19109,10
19110,8
19111,12
19112,12
19113,11
19114,9
19115,8
19116,14
19117,5
19118,11
19119,9
19120,8
19121,11
19122,10
19123,6
19124,9
19125,10
19126,7
19127,10
19128,10
19129,10
19130,9
19131,12
19132,7
19133,10
19134,10
19135,14
19136,8
19137,14
19138,9
19139,13
19140,14
19141,13
19142,7
19143,6
19144,7
19145,11
19146,8
19147,8
19148,11
19149,11
19150,9
19151,11
19152,14
19153,11
19154,10
19155,6
19156,14
19157,11
19158,13
19159,10
19160,7
19161,9
19162,10
19163,8
19164,8
19165,10
19166,7
19167,10
19168,14
19169,10
19170,11
19171,15
19172,13
19173,14
19174,15
19175,10
19176,13
19177,11
19178,10
19179,10
19180,8
19181,8
19182,10
19183,14
19184,10
19185,13
19186,12
19187,11
19188,7
19189,6
19190,14
19191,9
19192,4
19193,14
19194,8
19195,14
19196,11
19197,5
19198,10
19199,6
19200,9
19201,8
19202,6
19203,8
19204,9
19205,9
19206,7
19207,6
19208,7
19209,9
19210,7
19211,9
19212,11
19213,11
19214,7
19215,12
19216,6
19217,12
19218,8
19219,8
19220,9
19221,8
19222,10
19223,9
19224,7
19225,14
19226,12
19227,7
19228,10
19229,16
19230,13
19231,12
19232,6
19233,16
19234,14
19235,10
19236,10
19237,12
19238,9
19239,9
19240,11
19241,11
19242,8
19243,9
19244,8
19245,12
19246,6
19247,11
19248,8
19249,12
19250,6
19251,10
19252,10
19253,8
19254,11
19255,12
19256,9
19257,9
19258,12
19259,16
19260,10
19261,9
19262,8
19263,12
19264,10
19265,9
19266,16
19267,11
19268,12
19269,7
19270,9
19271,7
19272,8
19273,11
19274,9
19275,15
19276,10
19277,14
19278,19
19279,14
19280,17
19281,17
19282,9
19283,14
19284,9
19285,8
19286,6
19287,9
19288,11
19289,6
19290,8
19291,13
19292,10
19293,10
19294,8
19295,12
19296,10
19297,10
19298,18
19299,14
19300,13
19301,11
19302,11
19303,11
19304,14
19305,14
19306,14
19307,17
19308,13
19309,12
19310,10
19311,11
19312,13
19313,16
19314,11
19315,14
19316,12
19317,14
19318,15
19319,10
19320,11
19321,12
19322,9
19323,9
19324,9
19325,8
19326,12
19327,13
19328,9
19329,9
19330,12
19331,18
19332,12
19333,14
19334,11
19335,16
19336,15
19337,11
19338,13
19339,10
19340,8
19341,10
19342,9
19343,10
19344,13
19345,18
19346,13
19347,12
19348,7
19349,20
19350,14
19351,18
19352,15
19353,11
19354,12
19355,12
19356,15
19357,11
19358,14
19359,11
19360,5
19361,11
19362,15
19363,12
19364,9
19365,10
19366,13
19367,12
19368,14
19369,8
19370,8
19371,19
19372,12
19373,11
19374,8
19375,12
19376,9
19377,15
19378,12
19379,13
19380,12
19381,13
19382,9
19383,7
19384,4
19385,8
19386,10
19387,7
19388,9
19389,13
19390,11
19391,8
19392,13
19393,11
19394,14
19395,14
19396,14
19397,9
19398,10
19399,8
19400,6
19401,13
19402,8
19403,14
19404,9
19405,16
19406,11
19407,13
19408,9
19409,9
19410,13
19411,11
19412,14
19413,10
19414,12
19415,15
19416,13
19417,20
19418,14
19419,16
19420,10
19421,14
19422,14
19423,11
19424,12
19425,11
19426,12
19427,14
19428,8
19429,6
19430,9
19431,10
19432,11
19433,13
19434,11
19435,9
19436,11
19437,6
19438,9
19439,15
19440,9
19441,12
19442,7
19443,10
19444,12
19445,9
19446,14
19447,8
19448,14
19449,7
19450,4
19451,10
19452,5
19453,9
19454,8
19455,8
19456,8
19457,7
19458,8
19459,6
19460,9
19461,6
19462,14
19463,2
19464,5
19465,3
19466,9
19467,6
19468,13
19469,10
19470,9
19471,11
19472,7
19473,9
19474,17
19475,7
19476,7
19477,11
19478,14
19479,8
19480,7
19481,15
19482,13
19483,14
19484,10
19485,14
19486,9
19487,12
19488,8
19489,9
19490,14
19491,6
19492,9
19493,9
19494,14
19495,8
19496,6
19497,15
19498,14
19499,12
19500,9
19501,11
19502,11
19503,10
19504,7
19505,9
19506,7
19507,9
19508,9
19509,6
19510,11
19511,10
19512,8
19513,17
19514,11
19515,10
19516,8
19517,14
19518,12
19519,13
19520,10
19521,10
19522,10
19523,9
19524,10
19525,9
19526,13
19527,5
19528,13
19529,14
19530,7
19531,7
19532,8
19533,13
19534,17
19535,10
19536,18
19537,16
19538,17
19539,11
19540,10
19541,4
19542,8
19543,6
19544,11
19545,18
19546,7
19547,11
19548,6
19549,11
19550,7
19551,9
19552,16
19553,7
19554,10
19555,11
19556,15
19557,10
19558,9
19559,13
19560,6
19561,11
19562,8
19563,11
19564,9
19565,9
19566,11
19567,8
19568,12
19569,17
19570,15
19571,15
19572,14
19573,13
19574,17
19575,10
19576,9
19577,12
19578,9
19579,14
19580,13
19581,8
19582,16
19583,11
19584,12
19585,7
19586,8
19587,13
19588,12
19589,9
19590,11
19591,14
19592,11
19593,13
19594,12
19595,17
19596,15
19597,17
19598,14
19599,13
19600,13
19601,6
19602,12
19603,9
19604,6
19605,18
19606,10
19607,9
19608,10
19609,13
19610,6
19611,11
19612,11
19613,11
19614,15
19615,14
19616,7
19617,11
19618,9
19619,15
19620,17
19621,15
19622,17
19623,27
19624,17
19625,9
19626,16
19627,16
19628,9
19629,9
19630,17
19631,10
19632,11
19633,12
19634,8
19635,10
19636,15
19637,14
19638,11
19639,17
19640,11
19641,12
19642,7
19643,12
19644,8
19645,10
19646,14
19647,11
19648,13
19649,9
19650,11
19651,10
19652,14
19653,19
19654,11
19655,21
19656,15
19657,17
19658,20
19659,15
19660,13
19661,12
19662,14
19663,10
19664,15
19665,11
19666,8
19667,12
19668,9
19669,17
19670,16
19671,17
19672,19
19673,14
19674,16
19675,16
19676,18
19677,6
19678,16
19679,13
19680,17
19681,10
19682,18
19683,11
19684,11
19685,9
19686,16
19687,11
19688,17
19689,11
19690,10
19691,12
19692,9
19693,13
19694,10
19695,12
19696,13
19697,10
19698,10
19699,13
19700,16
19701,9
19702,12
19703,13
19704,15
19705,9
19706,8
19707,12
19708,11
19709,13
19710,12
19711,17
19712,22
19713,14
19714,16
19715,11
19716,19
19717,14
19718,13
19719,13
19720,8
19721,7
19722,8
19723,13
19724,11
19725,16
19726,10
19727,10
19728,15
19729,6
19730,5
19731,8
19732,11
19733,15
19734,12
19735,10
19736,8
19737,12
19738,9
19739,14
19740,15
19741,16
19742,9
19743,15
19744,13
19745,15
19746,15
19747,11
19748,16
19749,14
19750,13
19751,12
19752,8
19753,17
19754,14
19755,16
19756,14
19757,16
19758,10
19759,14
19760,12
19761,13
19762,10
19763,9
19764,7
19765,3
19766,13
19767,12
19768,12
19769,8
19770,10
19771,12
19772,9
19773,7
19774,6
19775,9
19776,11
19777,12
19778,9
19779,12
19780,8
19781,14
19782,8
19783,13
19784,10
19785,10
19786,16
19787,8
19788,16
19789,13
19790,9
19791,16
19792,8
19793,9
19794,13
19795,9
19796,5
19797,10
19798,11
19799,10
19800,7
19801,12
19802,10
19803,9
19804,10
19805,12
19806,10
19807,11
19808,7
19809,11
19810,10
19811,10
19812,8
19813,6
19814,7
19815,11
19816,5
19817,7
19818,10
19819,7
19820,11
19821,7
19822,7
19823,11
19824,9
19825,8
19826,2
19827,10
19828,10
19829,9
19830,9
19831,9
19832,9
19833,10
19834,7
19835,16
19836,7
19837,10
19838,15
19839,13
19840,8
19841,10
19842,13
19843,12
19844,7
19845,11
19846,10
19847,5
19848,9
19849,10
19850,8
19851,12
19852,9
19853,3
19854,11
19855,10
19856,5
19857,15
19858,8
19859,13
19860,15
19861,11
19862,13
19863,10
19864,11
19865,14
19866,14
19867,10
19868,9
19869,13
19870,11
19871,12
19872,14
19873,10
19874,12
19875,15
19876,12
19877,14
19878,14
19879,9
19880,13
19881,7
19882,14
19883,22
19884,13
19885,14
19886,14
19887,14
19888,18
19889,12
19890,11
19891,12
19892,17
19893,15
19894,13
19895,12
19896,11
19897,10
19898,14
19899,7
19900,12
19901,11
19902,5
19903,8
19904,19
19905,8
19906,11
19907,14
19908,13
19909,5
19910,11
19911,7
19912,11
19913,8
19914,11
19915,11
19916,6
19917,12
19918,16
19919,16
19920,12
19921,6
19922,13
19923,11
19924,10
19925,9
19926,10
19927,11
19928,10
19929,12
19930,12
19931,3
19932,14
19933,9
19934,8
19935,9
19936,10
19937,13
19938,12
19939,9
19940,13
19941,9
19942,7
19943,11
19944,14
19945,15
19946,18
19947,20
19948,11
19949,10
19950,11
19951,13
19952,11
19953,14
19954,8
19955,11
19956,12
19957,7
19958,7
19959,15
19960,11
19961,11
19962,10
19963,16
19964,5
19965,14
19966,8
19967,14
19968,12
19969,14
19970,17
19971,11
19972,10
19973,12
19974,10
19975,12
19976,12
19977,8
19978,8
19979,15
19980,8
19981,14
19982,8
19983,9
19984,7
19985,17
19986,15
19987,12
19988,12
19989,11
19990,8
19991,8
19992,10
19993,6
19994,9
19995,9
19996,5
19997,8
19998,9
19999,9
20000,8
20001,13
20002,11
20003,15
20004,11
20005,9
20006,8
20007,10
20008,10
20009,10
20010,9
20011,13
20012,9
20013,10
20014,9
20015,12
20016,10
20017,11
20018,14
20019,9
20020,12
20021,9
20022,9
20023,10
20024,13
20025,11
20026,13
20027,4
20028,7
20029,6
20030,12
20031,11
20032,7
20033,7
20034,11
20035,12
20036,5
20037,6
20038,12
20039,6
20040,10
20041,9
20042,7
20043,11
20044,7
20045,10
20046,8
20047,12
20048,14
20049,6
20050,14
20051,7
20052,5
20053,12
20054,12
20055,6
20056,8
20057,8
20058,7
20059,6
20060,11
20061,8
20062,4
20063,14
20064,8
20065,9
20066,12
20067,8
20068,7
20069,14
20070,14
20071,6
20072,10
20073,10
20074,18
20075,14
20076,17
20077,20
20078,17
20079,9
20080,16
20081,10
20082,16
20083,12
20084,19
20085,10
20086,10
20087,15
20088,11
20089,9
20090,19
20091,15
20092,9
20093,13
20094,13
20095,11
20096,12
20097,12
20098,13
20099,15
20100,10
20101,14
20102,10
20103,12
20104,14
20105,13
20106,11
20107,17
20108,7
20109,13
20110,8
20111,7
20112,10
20113,13
20114,19
20115,10
20116,16
20117,16
20118,14
20119,18
20120,13
20121,21
20122,16
20123,18
20124,10
20125,8
20126,8
20127,12
20128,11
20129,9
20130,10
20131,16
20132,10
20133,12
20134,12
20135,14
20136,12
20137,8
20138,18
20139,5
20140,13
20141,6
20142,5
20143,11
20144,7
20145,16
20146,9
20147,7
20148,10
20149,11
20150,12
20151,10
20152,18
20153,7
20154,18
20155,15
20156,7
20157,15
20158,12
20159,17
20160,15
20161,23
20162,15
20163,14
20164,12
20165,18
20166,11
20167,12
20168,10
20169,13
20170,5
20171,17
20172,18
20173,9
20174,15
20175,12
20176,14
20177,9
20178,18
20179,10
20180,8
20181,16
20182,15
20183,17
20184,16
20185,14
20186,22
20187,15
20188,12
20189,14
20190,14
20191,17
20192,7
20193,8
20194,17
20195,3
20196,11
20197,14
20198,5
20199,15
20200,16
20201,17
20202,8
20203,7
20204,13
20205,9
20206,10
20207,12
20208,17
20209,13
20210,10
20211,12
20212,11
20213,11
20214,10
20215,6
20216,11
20217,5
20218,7
20219,6
20220,4
20221,5
20222,8
20223,12
20224,7
20225,10
20226,13
20227,5
20228,10
20229,9
20230,15
20231,11
20232,16
20233,15
20234,11
20235,10
20236,11
20237,13
20238,10
20239,11
20240,12
20241,7
20242,10
20243,13
20244,9
20245,13
20246,11
20247,12
20248,16
20249,13
20250,15
20251,15
20252,12
20253,8
20254,13
20255,13
20256,13
20257,7
20258,14
20259,13
20260,12
20261,14
20262,6
20263,16
20264,9
20265,13
20266,10
20267,9
20268,8
20269,15
20270,9
20271,9
20272,10
20273,9
20274,7
20275,11
20276,12
20277,10
20278,10
20279,10
20280,4
20281,7
20282,7
20283,14
20284,10
20285,12
20286,8
20287,10
20288,9
20289,13
20290,17
20291,16
20292,10
20293,12
20294,13
20295,15
20296,11
20297,8
20298,12
20299,15
20300,11
20301,11
20302,19
20303,12
20304,11
20305,12
20306,14
20307,12
20308,11
20309,6
20310,9
20311,16
20312,12
20313,16
20314,11
20315,12
20316,9
20317,15
20318,10
20319,14
20320,7
20321,16
20322,8
20323,15
20324,14
20325,16
20326,15
20327,10
20328,12
20329,7
20330,16
20331,12
20332,10
20333,15
20334,10
20335,16
20336,12
20337,15
20338,14
20339,11
20340,7
20341,15
20342,13
20343,14
20344,11
20345,9
20346,10
20347,7
20348,12
20349,12
20350,15
20351,17
20352,16
20353,16
20354,8
20355,13
20356,13
20357,17
20358,16
20359,10
20360,9
20361,16
20362,10
20363,10
20364,10
20365,10
20366,20
20367,4
20368,13
20369,15
20370,11
20371,13
20372,8
20373,4
20374,10
20375,7
20376,20
20377,12
20378,7
20379,14
20380,6
20381,16
20382,12
20383,7
20384,12
20385,4
20386,11
20387,12
20388,12
20389,4
20390,7
20391,8
20392,7
20393,7
20394,11
20395,15
20396,3
20397,10
20398,15
20399,5
20400,14
20401,12
20402,13
20403,9
20404,7
20405,8
20406,10
20407,9
20408,6
20409,9
20410,8
20411,13
20412,10
20413,9
20414,8
20415,11
20416,11
20417,16
20418,12
20419,9
20420,14
20421,7
20422,10
20423,10
20424,5
20425,12
20426,9
20427,13
20428,7
20429,16
20430,12
20431,5
20432,8
20433,9
20434,8
20435,9
20436,17
20437,12
20438,9
20439,8
20440,10
20441,5
20442,10
20443,9
20444,9
20445,10
20446,5
20447,10
20448,10
20449,11
20450,12
20451,4
20452,5
20453,12
20454,6
20455,12
20456,4
20457,9
20458,6
20459,7
20460,6
20461,11
20462,8
20463,7
20464,5
20465,4
20466,10
20467,8
20468,11
20469,12
20470,6
20471,4
20472,6
20473,9
20474,4
20475,6
20476,4
20477,5
20478,2
20479,5
20480,10
20481,10
20482,4
20483,10
20484,7
20485,11
20486,14
20487,11
20488,9
20489,4
20490,4
20491,6
20492,12
20493,11
20494,11
20495,11
20496,7
20497,8
20498,5
20499,8
20500,6
20501,6
20502,5
20503,2
20504,7
20505,7
20506,6
20507,5
20508,6
20509,8
20510,6
20511,4
20512,8
20513,11
20514,3
20515,6
20516,6
20517,11
20518,6
20519,4
20520,6
20521,7
20522,10
20523,6
20524,7
20525,2
20526,13
20527,13
20528,12
20529,12
20530,11
20531,9
20532,7
20533,6
20534,9
20535,8
20536,7
20537,13
20538,8
20539,3
20540,11
20541,10
20542,12
20543,7
20544,5
20545,9
20546,9
20547,8
20548,2
20549,10
20550,10
20551,10
20552,11
20553,5
20554,5
20555,10
20556,9
20557,12
20558,13
20559,8
20560,8
20561,12
20562,4
20563,10
20564,7
20565,6
20566,6
20567,8
20568,5
20569,13
20570,6
20571,5
20572,9
20573,6
20574,8
20575,7
20576,7
20577,9
20578,6
20579,13
20580,11
20581,9
20582,15
20583,9
20584,8
20585,11
20586,11
20587,6
20588,10
20589,11
20590,8
20591,10
20592,9
20593,12
20594,12
20595,14
20596,9
20597,6
20598,9
20599,5
20600,7
20601,7
20602,9
20603,10
20604,12
20605,13
20606,10
20607,14
20608,9
20609,11
20610,16
20611,6
20612,11
20613,7
20614,8
20615,7
20616,9
20617,7
20618,6
20619,8
20620,6
20621,10
20622,11
20623,11
20624,9
20625,10
20626,6
20627,10
20628,4
20629,11
20630,7
20631,8
20632,8
20633,4
20634,9
20635,5
20636,9
20637,6
20638,8
20639,8
20640,8
20641,12
20642,9
20643,8
20644,9
20645,7
20646,9
20647,14
20648,9
20649,17
20650,6
20651,8
20652,9
20653,7
20654,13
20655,10
20656,21
20657,16
20658,10
20659,16
20660,11
20661,11
20662,16
20663,10
20664,9
20665,13
20666,7
20667,10
20668,8
20669,7
20670,14
20671,9
20672,11
20673,6
20674,8
20675,12
20676,7
20677,7
20678,10
20679,12
20680,8
20681,11
20682,12
20683,11
20684,7
20685,13
20686,10
20687,8
20688,11
20689,7
20690,4
20691,3
20692,3
20693,5
20694,5
20695,8
20696,12
20697,4
20698,7
20699,9
20700,11
20701,8
20702,9
20703,13
20704,14
20705,13
20706,10
20707,9
20708,9
20709,4
20710,9
20711,8
20712,6
20713,8
20714,7
20715,15
20716,10
20717,11
20718,9
20719,7
20720,7
20721,12
20722,11
20723,14
20724,9
20725,5
20726,8
20727,9
20728,4
20729,7
20730,7
20731,4
20732,9
20733,5
20734,11
20735,8
20736,9
20737,4
20738,7
20739,6
20740,14
20741,7
20742,12
20743,14
20744,5
20745,15
20746,10
20747,9
20748,6
20749,7
20750,9
20751,7
20752,9
20753,7
20754,14
20755,8
20756,10
20757,10
20758,8
20759,14
20760,6
20761,7
20762,8
20763,8
20764,9
20765,9
20766,4
20767,9
20768,7
20769,9
20770,6
20771,6
20772,8
20773,9
20774,17
20775,8
20776,12
20777,10
20778,15
20779,11
20780,10
20781,9
20782,6
20783,11
20784,13
20785,9
20786,14
20787,6
20788,11
20789,14
20790,9
20791,5
20792,11
20793,5
20794,6
20795,10
20796,13
20797,8
20798,13
20799,12
20800,12
20801,9
20802,15
20803,13
20804,13
20805,14
20806,17
20807,10
20808,15
20809,5
20810,6
20811,14
20812,10
20813,11
20814,12
20815,8
20816,7
20817,14
20818,13
20819,13
20820,12
20821,10
20822,13
20823,14
20824,11
20825,10
20826,8
20827,7
20828,16
20829,8
20830,10
20831,12
20832,8
20833,12
20834,5
20835,5
20836,9
20837,3
20838,8
20839,11
20840,8
20841,9
20842,12
20843,8
20844,9
20845,5
20846,7
20847,8
20848,6
20849,11
20850,15
20851,7
20852,8
20853,6
20854,10
20855,13
20856,11
20857,10
20858,9
20859,7
20860,7
20861,8
20862,9
20863,8
20864,5
20865,8
20866,9
20867,7
20868,9
20869,13
20870,7
20871,6
20872,3
20873,8
20874,7
20875,7
20876,3
20877,12
20878,7
20879,7
20880,10
20881,6
20882,16
20883,12
20884,12
20885,12
20886,11
20887,13
20888,5
20889,15
20890,10
20891,12
20892,11
20893,13
20894,13
20895,9
20896,14
20897,18
20898,14
20899,12
20900,12
20901,14
20902,5
20903,10
20904,11
20905,9
20906,16
20907,14
20908,9
20909,11
20910,9
20911,6
20912,10
20913,2
20914,9
20915,15
20916,9
20917,10
20918,8
20919,16
20920,10
20921,10
20922,11
20923,11
20924,10
20925,12
20926,9
20927,11
20928,2
20929,11
20930,11
20931,12
20932,7
20933,10
20934,9
20935,9
20936,11
20937,7
20938,9
20939,11
20940,9
20941,10
20942,12
20943,12
20944,8
20945,12
20946,13
20947,10
20948,6
20949,8
20950,7
20951,6
20952,9
20953,5
20954,10
20955,8
20956,7
20957,5
20958,13
20959,7
20960,7
20961,9
20962,8
20963,12
20964,8
20965,10
20966,9
20967,10
20968,10
20969,7
20970,6
20971,12
20972,10
20973,13
20974,16
20975,18
20976,15
20977,16
20978,9
20979,11
20980,11
20981,18
20982,15
20983,9
20984,13
20985,16
20986,8
20987,10
20988,17
20989,8
20990,18
20991,13
20992,13
20993,11
20994,4
20995,5
20996,12
20997,8
20998,12
20999,12
21000,3
21001,11
21002,7
21003,12
21004,15
21005,10
21006,16
21007,11
21008,10
21009,14
21010,16
21011,11
21012,8
21013,13
21014,8
21015,9
21016,16
21017,11
21018,13
21019,11
21020,11
21021,8
21022,8
21023,17
21024,11
21025,13
21026,8
21027,14
21028,9
21029,15
21030,16
21031,11
21032,15
21033,10
21034,10
21035,15
21036,15
21037,13
21038,11
21039,8
21040,15
21041,7
21042,10
21043,9
21044,4
21045,12
21046,5
21047,12
21048,10
21049,7
21050,9
21051,6
21052,6
21053,5
21054,11
21055,7
21056,18
21057,8
21058,7
21059,8
21060,7
21061,9
21062,4
21063,8
21064,8
21065,11
21066,9
21067,10
21068,11
21069,16
21070,10
21071,10
21072,7
21073,9
21074,10
21075,9
21076,7
21077,14
21078,15
21079,14
21080,16
21081,19
21082,11
21083,11
21084,8
21085,7
21086,17
21087,14
21088,10
21089,8
21090,13
21091,11
21092,8
21093,6
21094,14
21095,5
21096,8
21097,9
21098,10
21099,12
21100,7
21101,12
21102,9
21103,12
21104,15
21105,14
21106,17
21107,20
21108,10
21109,16
21110,12
21111,9
21112,17
21113,11
21114,13
21115,13
21116,9
21117,7
21118,12
21119,11
21120,5
21121,10
21122,7
21123,6
21124,12
21125,6
21126,6
21127,1
21128,6
21129,6
21130,8
21131,8
21132,4
21133,7
21134,7
21135,9
21136,7
21137,9
21138,9
21139,7
21140,10
21141,5
21142,8
21143,8
21144,10
21145,8
21146,4
21147,8
21148,8
21149,5
21150,13
21151,11
21152,8
21153,7
21154,12
21155,10
21156,5
21157,8
21158,19
21159,10
21160,10
21161,6
21162,10
21163,7
21164,14
21165,8
21166,9
21167,15
21168,15
21169,8
21170,10
21171,12
21172,11
21173,8
21174,13
21175,6
21176,6
21177,12
21178,6
21179,16
21180,9
21181,12
21182,10
21183,8
21184,9
21185,8
21186,5
21187,8
21188,11
21189,7
21190,9
21191,8
21192,5
21193,14
21194,7
21195,8
21196,9
21197,9
21198,6
21199,10
21200,8
21201,8
21202,8
21203,4
21204,12
21205,9
21206,8
21207,6
21208,7
21209,8
21210,12
21211,8
21212,8
21213,15
21214,8
21215,12
21216,11
21217,12
21218,7
21219,12
21220,9
21221,9
21222,7
21223,8
21224,7
21225,10
21226,6
21227,9
21228,6
21229,11
21230,11
21231,12
21232,10
21233,3
21234,8
21235,10
21236,7
21237,12
21238,8
21239,11
21240,6
21241,13
21242,11
21243,12
21244,7
21245,11
21246,8
21247,10
21248,5
21249,7
21250,9
21251,10
21252,10
21253,7
21254,10
21255,12
21256,10
21257,12
21258,14
21259,11
21260,14
21261,11
21262,8
21263,12
21264,10
21265,10
21266,9
21267,12
21268,4
21269,13
21270,7
21271,12
21272,9
21273,5
21274,7
21275,16
21276,11
21277,11
21278,15
21279,11
21280,15
21281,11
21282,9
21283,11
21284,15
21285,12
21286,11
21287,8
21288,8
21289,10
21290,11
21291,10
21292,13
21293,12
21294,5
21295,11
21296,8
21297,8
21298,6
21299,8
21300,10
21301,7
21302,10
21303,14
21304,10
21305,8
21306,10
21307,13
21308,6
21309,10
21310,5
21311,8
21312,7
21313,12
21314,6
21315,9
21316,7
21317,9
21318,10
21319,8
21320,3
21321,10
21322,13
21323,12
21324,12
21325,5
21326,7
21327,9
21328,12
21329,7
21330,9
21331,8
21332,8
21333,5
21334,10
21335,15
21336,8
21337,18
21338,9
21339,7
21340,7
21341,11
21342,9
21343,11
21344,9
21345,12
21346,11
21347,11
21348,10
21349,11
21350,19
21351,11
21352,8
21353,8
21354,11
21355,8
21356,11
21357,8
21358,11
21359,9
21360,15
21361,14
21362,7
21363,6
21364,8
21365,7
21366,9
21367,7
21368,6
21369,8
21370,6
21371,14
21372,10
21373,10
21374,9
21375,9
21376,7
21377,8
21378,17
21379,11
21380,8
21381,8
21382,8
21383,8
21384,9
21385,8
21386,5
21387,5
21388,6
21389,10
21390,7
21391,10
21392,9
21393,9
21394,6
21395,7
21396,8
21397,9
21398,8
21399,5
21400,7
21401,5
21402,15
21403,7
21404,9
21405,5
21406,10
21407,10
21408,5
21409,10
21410,7
21411,6
21412,12
21413,7
21414,9
21415,3
21416,5
21417,9
21418,5
21419,8
21420,10
21421,9
21422,11
21423,9
21424,11
21425,5
21426,8
21427,11
21428,11
21429,4
21430,8
21431,8
21432,7
21433,10
21434,5
21435,10
21436,9
21437,5
21438,10
21439,6
21440,6
21441,8
21442,5
21443,8
21444,10
21445,11
21446,10
21447,8
21448,9
21449,9
21450,7
21451,10
21452,8
21453,9
21454,9
21455,8
21456,12
21457,9
21458,6
21459,10
21460,7
21461,5
21462,8
21463,8
21464,8
21465,7
21466,5
21467,6
21468,8
21469,6
21470,5
21471,10
21472,6
21473,7
21474,6
21475,7
21476,9
21477,8
21478,7
21479,6
21480,2
21481,5
21482,6
21483,7
21484,8
21485,4
21486,7
21487,9
21488,6
21489,10
21490,10
21491,7
21492,4
21493,9
21494,11
21495,8
21496,15
21497,9
21498,8
21499,8
21500,10
21501,7
21502,5
21503,9
21504,6
21505,6
21506,12
21507,12
21508,6
21509,6
21510,5
21511,9
21512,13
21513,4
21514,9
21515,11
21516,13
21517,10
21518,8
21519,7
21520,9
21521,14
21522,9
21523,9
21524,21
21525,10
21526,11
21527,13
21528,10
21529,8
21530,10
21531,6
21532,13
21533,9
21534,10
21535,8
21536,10
21537,9
21538,12
21539,14
21540,15
21541,12
21542,14
21543,7
21544,5
21545,8
21546,9
21547,9
21548,8
21549,8
21550,8
21551,14
21552,5
21553,10
21554,7
21555,8
21556,12
21557,7
21558,5
21559,4
21560,9
21561,6
21562,9
21563,8
21564,5
21565,5
21566,9
21567,7
21568,7
21569,13
21570,4
21571,10
21572,7
21573,8
21574,9
21575,9
21576,15
21577,16
21578,7
21579,9
21580,13
21581,7
21582,10
21583,9
21584,12
21585,8
21586,4
21587,10
21588,13
21589,5
21590,9
21591,10
21592,6
21593,13
21594,6
21595,8
21596,12
21597,10
21598,12
21599,7
21600,10
21601,9
21602,10
21603,7
21604,9
21605,13
21606,4
21607,9
21608,11
21609,9
21610,9
21611,7
21612,9
21613,10
21614,9
21615,7
21616,8
21617,4
21618,9
21619,9
21620,8
21621,11
21622,5
21623,10
21624,6
21625,10
21626,12
21627,5
21628,8
21629,8
21630,10
21631,12
21632,8
21633,13
21634,11
21635,6
21636,11
21637,9
21638,13
21639,8
21640,15
21641,14
21642,6
21643,15
21644,9
21645,4
21646,16
21647,9
21648,11
21649,13
21650,12
21651,8
21652,10
21653,7
21654,7
21655,9
21656,6
21657,16
21658,6
21659,9
21660,7
21661,3
21662,8
21663,6
21664,12
21665,8
21666,7
21667,6
21668,11
21669,15
21670,12
21671,10
21672,9
21673,13
21674,13
21675,11
21676,22
21677,11
21678,20
21679,9
21680,14
21681,5
21682,14
21683,5
21684,8
21685,9
21686,5
21687,16
21688,8
21689,8
21690,11
21691,9
21692,7
21693,7
21694,10
21695,9
21696,12
21697,10
21698,12
21699,7
21700,6
21701,8
21702,9
21703,5
21704,14
21705,10
21706,8
21707,15
21708,6
21709,12
21710,9
21711,7
21712,9
21713,10
21714,10
21715,6
21716,9
21717,7
21718,7
21719,7
21720,8
21721,15
21722,8
21723,6
21724,6
21725,9
21726,6
21727,7
21728,8
21729,6
21730,10
21731,9
21732,9
21733,2
21734,7
21735,3
21736,4
21737,4
21738,4
21739,5
21740,7
21741,6
21742,6
21743,6
21744,8
21745,8
21746,10
21747,9
21748,8
21749,6
21750,10
21751,10
21752,12
21753,6
21754,7
21755,6
21756,6
21757,8
21758,10
21759,9
21760,7
21761,3
21762,11
21763,3
21764,6
21765,6
21766,10
21767,11
21768,6
21769,12
21770,9
21771,12
21772,11
21773,13
21774,7
21775,9
21776,14
21777,14
21778,11
21779,8
21780,10
21781,15
21782,7
21783,8
21784,8
21785,9
21786,5
21787,2
21788,9
21789,8
21790,8
21791,10
21792,6
21793,12
21794,10
21795,13
21796,7
21797,12
21798,17
21799,13
21800,7
21801,10
21802,7
21803,15
21804,8
21805,8
21806,9
21807,9
21808,12
21809,12
21810,17
21811,13
21812,11
21813,8
21814,7
21815,6
21816,8
21817,9
21818,15
21819,7
21820,8
21821,8
21822,12
21823,8
21824,11
21825,5
21826,6
21827,10
21828,7
21829,6
21830,12
21831,12
21832,9
21833,15
21834,8
21835,9
21836,11
21837,15
21838,8
21839,15
21840,6
21841,11
21842,7
21843,14
21844,5
21845,9
21846,7
21847,4
21848,6
21849,9
21850,9
21851,5
21852,5
21853,10
21854,9
21855,9
21856,6
21857,7
21858,8
21859,13
21860,10
21861,11
21862,9
21863,9
21864,15
21865,12
21866,14
21867,9
21868,9
21869,11
21870,7
21871,16
21872,11
21873,9
21874,10
21875,13
21876,11
21877,11
21878,10
21879,11
21880,7
21881,8
21882,6
21883,9
21884,6
21885,10
21886,5
21887,9
21888,10
21889,7
21890,8
21891,8
21892,7
21893,12
21894,11
21895,11
21896,10
21897,8
21898,8
21899,3
21900,8
21901,10
21902,7
21903,10
21904,2
21905,9
21906,8
21907,10
21908,9
21909,6
21910,10
21911,6
21912,14
21913,8
21914,7
21915,16
21916,6
21917,11
21918,11
21919,6
21920,13
21921,7
21922,10
21923,15
21924,16
21925,9
21926,9
21927,10
21928,11
21929,12
21930,12
21931,10
21932,9
21933,14
21934,12
21935,11
21936,9
21937,11
21938,16
21939,12
21940,14
21941,3
21942,9
21943,9
21944,6
21945,9
21946,7
21947,7
21948,9
21949,12
21950,12
21951,11
21952,9
21953,9
21954,13
21955,9
21956,11
21957,12
21958,12
21959,7
21960,6
21961,7
21962,11
21963,9
21964,8
21965,9
21966,9
21967,10
21968,14
21969,7
21970,12
21971,13
21972,5
21973,9
21974,9
21975,11
21976,10
21977,8
21978,9
21979,10
21980,6
21981,9
21982,5
21983,10
21984,5
21985,6
21986,6
21987,6
21988,6
21989,6
21990,4
21991,5
21992,11
21993,10
21994,4
21995,6
21996,6
21997,5
21998,12
21999,13
22000,6
22001,4
22002,4
22003,7
22004,8
22005,8
22006,7
22007,5
22008,10
22009,8
22010,8
22011,9
22012,12
22013,12
22014,11
22015,7
22016,13
22017,6
22018,15
22019,11
22020,18
22021,12
22022,10
22023,15
22024,14
22025,9
22026,5
22027,11
22028,10
22029,7
22030,13
22031,14
22032,10
22033,10
22034,13
22035,7
22036,11
22037,14
22038,9
22039,10
22040,16
22041,11
22042,8
22043,8
22044,4
22045,8
22046,8
22047,8
22048,7
22049,4
22050,9
22051,6
22052,7
22053,6
22054,9
22055,11
22056,7
22057,6
22058,6
22059,12
22060,9
22061,8
22062,5
22063,7
22064,6
22065,8
22066,6
22067,10
22068,13
22069,13
22070,12
22071,10
22072,5
22073,7
22074,6
22075,8
22076,8
22077,10
22078,5
22079,12
22080,8
22081,7
22082,12
22083,8
22084,5
22085,11
22086,11
22087,7
22088,7
22089,10
22090,7
22091,17
22092,10
22093,13
22094,5
22095,8
22096,6
22097,10
22098,3
22099,10
22100,9
22101,8
22102,6
22103,11
22104,14
22105,13
22106,11
22107,12
22108,15
22109,15
22110,11
22111,17
22112,15
22113,14
22114,11
22115,14
22116,9
22117,9
22118,17
22119,6
22120,10
22121,11
22122,7
22123,9
22124,9
22125,11
22126,7
22127,10
22128,7
22129,5
22130,7
22131,11
22132,7
22133,11
22134,10
22135,10
22136,8
22137,13
22138,11
22139,12
22140,19
22141,9
22142,8
22143,10
22144,18
22145,16
22146,9
22147,9
22148,9
22149,12
22150,19
22151,12
22152,13
22153,13
22154,12
22155,14
22156,7
22157,9
22158,10
22159,14
22160,7
22161,11
22162,12
22163,15
22164,11
22165,10
22166,14
22167,12
22168,11
22169,6
22170,12
22171,13
22172,12
22173,14
22174,11
22175,15
22176,15
22177,17
22178,12
22179,10
22180,14
22181,10
22182,14
22183,16
22184,12
22185,10
22186,6
22187,11
22188,7
22189,12
22190,10
22191,13
22192,9
22193,8
22194,10
22195,11
22196,15
22197,11
22198,5
22199,9
22200,10
22201,12
22202,6
22203,11
22204,9
22205,8
22206,14
22207,10
22208,12
22209,9
22210,7
22211,11
22212,9
22213,5
22214,6
22215,5
22216,9
22217,11
22218,8
22219,6
22220,11
22221,11
22222,9
22223,12
22224,10
22225,14
22226,11
22227,15
22228,17
22229,11
22230,10
22231,4
22232,13
22233,12
22234,12
22235,5
22236,10
22237,8
22238,8
22239,10
22240,4
22241,8
22242,9
22243,8
22244,10
22245,4
22246,11
22247,5
22248,12
22249,7
22250,9
22251,8
22252,5
22253,15
22254,9
22255,11
22256,15
22257,9
22258,9
22259,9
22260,12
22261,15
22262,8
22263,11
22264,7
22265,13
22266,7
22267,8
22268,14
22269,9
22270,14
22271,10
22272,8
22273,9
22274,11
22275,5
22276,8
22277,10
22278,6
22279,12
22280,10
22281,10
22282,10
22283,15
22284,3
22285,9
22286,4
22287,11
22288,6
22289,4
22290,10
22291,9
22292,10
22293,13
22294,6
22295,9
22296,8
22297,9
22298,9
22299,15
22300,14
22301,11
22302,7
22303,14
22304,12
22305,8
22306,10
22307,8
22308,10
22309,5
22310,12
22311,7
22312,8
22313,6
22314,5
22315,10
22316,8
22317,5
22318,9
22319,4
22320,10
22321,9
22322,10
22323,7
22324,12
22325,7
22326,6
22327,9
22328,10
22329,15
22330,14
22331,10
22332,12
22333,14
22334,5
22335,12
22336,12
22337,9
22338,12
22339,9
22340,10
22341,12
22342,9
22343,10
22344,12
22345,11
22346,11
22347,8
22348,6
22349,9
22350,10
22351,6
22352,8
22353,9
22354,11
22355,9
22356,13
22357,7
22358,12
22359,10
22360,14
22361,9
22362,11
22363,11
22364,16
22365,11
22366,15
22367,9
22368,13
22369,17
22370,15
22371,13
22372,10
22373,10
22374,7
22375,12
22376,10
22377,14
22378,12
22379,8
22380,12
22381,7
22382,6
22383,18
22384,10
22385,7
22386,14
22387,10
22388,11
22389,10
22390,6
22391,15
22392,11
22393,13
22394,12
22395,7
22396,11
22397,11
22398,13
22399,8
22400,5
22401,11
22402,10
22403,14
22404,10
22405,18
22406,13
22407,11
22408,17
22409,12
22410,8
22411,12
22412,18
22413,9
22414,13
22415,10
22416,13
22417,7
22418,6
22419,9
22420,7
22421,6
22422,9
22423,9
22424,12
22425,11
22426,6
22427,8
22428,12
22429,12
22430,11
22431,11
22432,6
22433,9
22434,6
22435,10
22436,14
22437,11
22438,10
22439,11
22440,16
22441,11
22442,8
22443,9
22444,10
22445,10
22446,15
22447,6
22448,7
22449,11
22450,4
22451,8
22452,6
22453,10
22454,8
22455,10
22456,12
22457,9
22458,8
22459,9
22460,9
22461,4
22462,11
22463,6
22464,9
22465,7
22466,8
22467,7
22468,9
22469,12
22470,11
22471,5
22472,8
22473,4
22474,9
22475,5
22476,10
22477,12
22478,6
22479,7
22480,9
22481,6
22482,13
22483,9
22484,10
22485,12
22486,8
22487,10
22488,8
22489,8
22490,7
22491,8
22492,13
22493,9
22494,9
22495,6
22496,9
22497,8
22498,5
22499,9
22500,10
22501,7
22502,6
22503,14
22504,9
22505,8
22506,8
22507,8
22508,4
22509,6
22510,2
22511,8
22512,5
22513,6
22514,6
22515,6
22516,4
22517,9
22518,6
22519,8
22520,4
22521,8
22522,7
22523,4
22524,9
22525,14
22526,3
22527,8
22528,6
22529,10
22530,8
22531,5
22532,5
22533,6
22534,8
22535,10
22536,6
22537,5
22538,7
22539,13
22540,10
22541,9
22542,7
22543,11
22544,9
22545,10
22546,10
22547,4
22548,5
22549,7
22550,7
22551,6
22552,11
22553,6
22554,8
22555,8
22556,9
22557,7
22558,10
22559,15
22560,10
22561,10
22562,8
22563,7
22564,10
22565,9
22566,11
22567,5
22568,11
22569,9
22570,8
22571,13
22572,13
22573,11
22574,9
22575,10
22576,7
22577,8
22578,7
22579,6
22580,11
22581,9
22582,9
22583,9
22584,10
22585,6
22586,14
22587,10
22588,10
22589,11
22590,9
22591,10
22592,8
22593,10
22594,8
22595,15
22596,6
22597,11
22598,6
22599,10
22600,14
22601,11
22602,10
22603,8
22604,6
22605,10
22606,10
22607,12
22608,14
22609,11
22610,10
22611,10
22612,7
22613,10
22614,14
22615,8
22616,12
22617,12
22618,15
22619,8
22620,12
22621,10
22622,7
22623,6
22624,9
22625,10
22626,14
22627,8
22628,17
22629,8
22630,6
22631,9
22632,11
22633,12
22634,4
22635,12
22636,11
22637,14
22638,11
22639,10
22640,11
22641,9
22642,13
22643,12
22644,13
22645,10
22646,5
22647,16
22648,7
22649,14
22650,15
22651,7
22652,11
22653,8
22654,9
22655,14
22656,16
22657,9
22658,9
22659,10
22660,8
22661,14
22662,8
22663,10
22664,12
22665,9
22666,13
22667,11
22668,12
22669,13
22670,11
22671,9
22672,8
22673,7
22674,9
22675,9
22676,8
22677,9
22678,8
22679,7
22680,9
22681,10
22682,4
22683,6
22684,15
22685,8
22686,13
22687,7
22688,15
22689,6
22690,5
22691,10
22692,12
22693,9
22694,5
22695,4
22696,6
22697,7
22698,5
22699,9
22700,8
22701,6
22702,11
22703,12
22704,10
22705,7
22706,11
22707,6
22708,5
22709,10
22710,11
22711,9
22712,9
22713,10
22714,8
22715,4
22716,9
22717,6
22718,6
22719,13
22720,11
22721,6
22722,10
22723,12
22724,10
22725,6
22726,18
22727,11
22728,8
22729,8
22730,11
22731,7
22732,8
22733,8
22734,8
22735,10
22736,5
22737,8
22738,12
22739,8
22740,7
22741,5
22742,9
22743,8
22744,10
22745,11
22746,10
22747,7
22748,14
22749,9
22750,8
22751,12
22752,12
22753,7
22754,10
22755,10
22756,6
22757,8
22758,6
22759,10
22760,10
22761,7
22762,10
22763,8
22764,11
22765,10
22766,8
22767,8
22768,12
22769,13
22770,13
22771,12
22772,7
22773,10
22774,6
22775,8
22776,5
22777,10
22778,4
22779,9
22780,5
22781,3
22782,8
22783,6
22784,7
22785,6
22786,8
22787,7
22788,6
22789,5
22790,7
22791,8
22792,8
22793,4
22794,6
22795,8
22796,6
22797,7
22798,6
22799,11
22800,5
22801,10
22802,4
22803,4
22804,6
22805,8
22806,8
22807,3
22808,6
22809,9
22810,4
22811,7
22812,8
22813,7
22814,10
22815,4
22816,10
22817,8
22818,1
22819,6
22820,8
22821,7
22822,5
22823,7
22824,7
22825,7
22826,4
22827,7
22828,5
22829,8
22830,6
22831,14
22832,4
22833,8
22834,7
22835,12
22836,9
22837,6
22838,9
22839,9
22840,4
22841,11
22842,9
22843,14
22844,4
22845,9
22846,8
22847,8
22848,8
22849,7
22850,8
22851,7
22852,11
22853,13
22854,9
22855,13
22856,8
22857,9
22858,8
22859,8
22860,7
22861,12
22862,14
22863,7
22864,6
22865,15
22866,8
22867,3
22868,12
22869,8
22870,11
22871,11
22872,9
22873,8
22874,9
22875,9
22876,7
22877,11
22878,6
22879,5
22880,13
22881,9
22882,10
22883,9
22884,7
22885,6
22886,6
22887,9
22888,6
22889,5
22890,6
22891,7
22892,4
22893,6
22894,9
22895,11
22896,12
22897,7
22898,4
22899,13
22900,4
22901,5
22902,11
22903,13
22904,8
22905,10
22906,7
22907,12
22908,12
22909,12
22910,7
22911,8
22912,9
22913,5
22914,7
22915,12
22916,3
22917,6
22918,6
22919,9
22920,6
22921,13
22922,10
22923,7
22924,14
22925,8
22926,9
22927,4
22928,8
22929,7
22930,11
22931,5
22932,11
22933,11
22934,8
22935,6
22936,6
22937,7
22938,10
22939,6
22940,8
22941,7
22942,7
22943,7
22944,10
22945,7
22946,8
22947,9
22948,15
22949,9
22950,4
22951,9
22952,8
22953,10
22954,10
22955,7
22956,4
22957,11
22958,10
22959,7
22960,3
22961,6
22962,5
22963,6
22964,5
22965,7
22966,5
22967,5
22968,10
22969,7
22970,10
22971,8
22972,9
22973,11
22974,4
22975,7
22976,7
22977,9
22978,6
22979,12
22980,8
22981,8
22982,11
22983,15
22984,16
22985,16
22986,8
22987,18
22988,13
22989,13
22990,15
22991,9
22992,14
22993,16
22994,7
22995,11
22996,15
22997,13
22998,9
22999,8
23000,12
23001,10
23002,12
23003,7
23004,9
23005,12
23006,14
23007,10
23008,12
23009,12
23010,16
23011,7
23012,11
23013,12
23014,10
23015,15
23016,10
23017,12
23018,4
23019,10
23020,9
23021,10
23022,6
23023,11
23024,11
23025,11
23026,9
23027,14
23028,9
23029,9
23030,12
23031,10
23032,12
23033,6
23034,14
23035,11
23036,13
23037,6
23038,8
23039,4
23040,6
23041,6
23042,5
23043,2
23044,9
23045,4
23046,6
23047,7
23048,11
23049,8
23050,6
23051,10
23052,6
23053,11
23054,8
23055,8
23056,9
23057,9
23058,11
23059,8
23060,14
23061,11
23062,4
23063,6
23064,9
23065,10
23066,10
23067,8
23068,10
23069,7
23070,12
23071,17
23072,6
23073,8
23074,14
23075,8
23076,13
23077,15
23078,13
23079,9
23080,6
23081,9
23082,9
23083,7
23084,3
23085,6
23086,11
23087,6
23088,8
23089,7
23090,6
23091,9
23092,7
23093,6
23094,8
23095,7
23096,11
23097,9
23098,16
23099,12
23100,5
23101,13
23102,14
23103,10
23104,11
23105,13
23106,10
23107,8
23108,7
23109,4
23110,8
23111,9
23112,8
23113,13
23114,9
23115,8
23116,9
23117,12
23118,10
23119,8
23120,6
23121,10
23122,5
23123,10
23124,11
23125,10
23126,15
23127,11
23128,5
23129,6
23130,12
23131,12
23132,7
23133,9
23134,5
23135,14
23136,13
23137,8
23138,8
23139,10
23140,11
23141,9
23142,10
23143,16
23144,7
23145,8
23146,14
23147,20
23148,14
23149,11
23150,17
23151,11
23152,11
23153,12
23154,14
23155,17
23156,14
23157,16
23158,8
23159,11
23160,12
23161,15
23162,8
23163,13
23164,12
23165,11
23166,4
23167,18
23168,9
23169,6
23170,7
23171,4
23172,11
23173,14
23174,8
23175,14
23176,11
23177,14
23178,9
23179,8
23180,7
23181,9
23182,6
23183,8
23184,12
23185,12
23186,10
23187,12
23188,15
23189,7
23190,11
23191,7
23192,9
23193,7
23194,12
23195,12
23196,4
23197,9
23198,8
23199,8
23200,6
23201,4
23202,10
23203,9
23204,8
23205,9
23206,14
23207,13
23208,14
23209,13
23210,10
23211,11
23212,11
23213,8
23214,11
23215,9
23216,13
23217,11
23218,6
23219,10
23220,10
23221,16
23222,11
23223,6
23224,10
23225,7
23226,10
23227,9
23228,9
23229,6
23230,5
23231,8
23232,6
23233,5
23234,12
23235,5
23236,4
23237,7
23238,5
23239,6
23240,8
23241,11
23242,6
23243,12
23244,11
23245,8
23246,6
23247,3
23248,9
23249,9
23250,12
23251,7
23252,9
23253,7
23254,9
23255,8
23256,9
23257,10
23258,8
23259,4
23260,9
23261,8
23262,13
23263,12
23264,14
23265,10
23266,19
23267,4
23268,9
23269,11
23270,8
23271,6
23272,10
23273,7
23274,10
23275,12
23276,11
23277,8
23278,8
23279,12
23280,16
23281,8
23282,11
23283,13
23284,11
23285,8
23286,9
23287,12
23288,8
23289,8
23290,6
23291,14
23292,9
23293,7
23294,12
23295,7
23296,8
23297,6
23298,12
23299,9
23300,12
23301,11
23302,8
23303,4
23304,8
23305,9
23306,8
23307,7
23308,7
23309,6
23310,5
23311,8
23312,6
23313,9
23314,8
23315,6
23316,4
23317,8
23318,7
23319,9
23320,5
23321,10
23322,4
23323,8
23324,10
23325,4
23326,4
23327,4
23328,3
23329,5
23330,10
23331,4
23332,5
23333,8
23334,10
23335,7
23336,9
23337,10
23338,7
23339,4
23340,4
23341,9
23342,5
23343,5
23344,6
23345,7
23346,2
23347,8
23348,6
23349,14
23350,13
23351,3
23352,8
23353,7
23354,8
23355,9
23356,7
23357,7
23358,12
23359,5
23360,11
23361,9
23362,6
23363,8
23364,5
23365,5
23366,11
23367,5
23368,6
23369,9
23370,4
23371,12
23372,10
23373,15
23374,11
23375,8
23376,7
23377,7
23378,8
23379,4
23380,9
23381,3
23382,12
23383,6
23384,4
23385,7
23386,5
23387,8
23388,8
23389,4
23390,4
23391,6
23392,10
23393,6
23394,10
23395,7
23396,5
23397,10
23398,4
23399,4
23400,5
23401,9
23402,11
23403,5
23404,5
23405,4
23406,4
23407,9
23408,2
23409,5
23410,4
23411,6
23412,6
23413,6
23414,9
23415,2
23416,6
23417,5
23418,7
23419,10
23420,7
23421,8
23422,5
23423,1
23424,9
23425,8
23426,9
23427,12
23428,6
23429,9
23430,6
23431,5
23432,9
23433,4
23434,9
23435,5
23436,7
23437,8
23438,10
23439,11
23440,7
23441,11
23442,7
23443,7
23444,13
23445,11
23446,8
23447,6
23448,5
23449,6
23450,4
23451,7
23452,9
23453,7
23454,8
23455,8
23456,6
23457,9
23458,6
23459,4
23460,9
23461,8
23462,6
23463,5
23464,10
23465,11
23466,4
23467,6
23468,2
23469,9
23470,9
23471,8
23472,9
23473,7
23474,6
23475,7
23476,11
23477,6
23478,7
23479,9
23480,7
23481,6
23482,7
23483,6
23484,9
23485,9
23486,8
23487,4
23488,9
23489,8
23490,9
23491,13
23492,11
23493,8
23494,7
23495,7
23496,4
23497,7
23498,6
23499,6
23500,7
23501,4
23502,5
23503,7
23504,6
23505,6
23506,6
23507,5
23508,13
23509,5
23510,5
23511,3
23512,8
23513,12
23514,12
23515,7
23516,8
23517,8
23518,6
23519,8
23520,6
23521,7
23522,3
23523,10
23524,5
23525,8
23526,4
23527,8
23528,10
23529,12
23530,6
23531,8
23532,5
23533,8
23534,5
23535,9
23536,9
23537,10
23538,9
23539,5
23540,10
23541,4
23542,9
23543,8
23544,8
23545,9
23546,8
23547,9
23548,8
23549,10
23550,10
23551,9
23552,5
23553,14
23554,5
23555,9
23556,8
23557,7
23558,7
23559,4
23560,8
23561,7
23562,5
23563,7
23564,6
23565,6
23566,7
23567,9
23568,4
23569,6
23570,5
23571,8
23572,5
23573,7
23574,5
23575,2
23576,8
23577,7
23578,5
23579,8
23580,4
23581,8
23582,11
23583,12
23584,4
23585,6
23586,8
23587,6
23588,4
23589,7
23590,6
23591,6
23592,6
23593,7
23594,8
23595,7
23596,11
23597,6
23598,8
23599,7
23600,6
23601,4
23602,9
23603,5
23604,8
23605,8
23606,6
23607,7
23608,8
23609,9
23610,7
23611,10
23612,8
23613,8
23614,8
23615,6
23616,10
23617,11
23618,7
23619,6
23620,7
23621,6
23622,9
23623,4
23624,10
23625,5
23626,12
23627,11
23628,10
23629,4
23630,3
23631,5
23632,5
23633,9
23634,6
23635,7
23636,4
23637,8
23638,3
23639,3
23640,4
23641,5
23642,4
23643,8
23644,8
23645,11
23646,9
23647,8
23648,5
23649,10
23650,10
23651,14
23652,7
23653,6
23654,9
23655,10
23656,12
23657,9
23658,4
23659,6
23660,5
23661,7
23662,4
23663,9
23664,8
23665,5
23666,11
23667,5
23668,11
23669,4
23670,9
23671,9
23672,8
23673,5
23674,12
23675,12
23676,11
23677,11
23678,11
23679,7
23680,9
23681,10
23682,7
23683,7
23684,9
23685,6
23686,6
23687,9
23688,5
23689,12
23690,4
23691,5
23692,9
23693,12
23694,8
23695,8
23696,7
23697,5
23698,4
23699,6
23700,8
23701,6
23702,6
23703,7
23704,10
23705,4
23706,9
23707,3
23708,6
23709,6
23710,15
23711,3
23712,6
23713,5
23714,5
23715,9
23716,7
23717,7
23718,5
23719,7
23720,5
23721,6
23722,2
23723,11
23724,9
23725,12
23726,9
23727,5
23728,11
23729,10
23730,10
23731,4
23732,5
23733,8
23734,8
23735,2
23736,8
23737,7
23738,3
23739,8
23740,8
23741,6
23742,10
23743,9
23744,9
23745,5
23746,8
23747,7
23748,6
23749,14
23750,7
23751,12
23752,10
23753,7
23754,6
23755,11
23756,9
23757,8
23758,6
23759,6
23760,9
23761,7
23762,14
23763,11
23764,9
23765,12
23766,6
23767,7
23768,4
23769,11
23770,11
23771,11
23772,10
23773,14
23774,15
23775,15
23776,5
23777,11
23778,12
23779,12
23780,5
23781,10
23782,7
23783,7
23784,9
23785,9
23786,9
23787,8
23788,9
23789,10
23790,6
23791,14
23792,9
23793,12
23794,16
23795,9
23796,9
23797,13
23798,8
23799,9
23800,8
23801,9
23802,11
23803,12
23804,14
23805,5
23806,11
23807,9
23808,10
23809,11
23810,8
23811,12
23812,12
23813,9
23814,7
23815,7
23816,11
23817,11
23818,11
23819,10
23820,9
23821,8
23822,11
23823,11
23824,14
23825,9
23826,9
23827,14
23828,7
23829,14
23830,11
23831,12
23832,11
23833,12
23834,12
23835,8
23836,14
23837,13
23838,17
23839,17
23840,10
23841,8
23842,9
23843,15
23844,10
23845,7
23846,9
23847,12
23848,1
23849,7
23850,7
23851,5
23852,8
23853,8
23854,7
23855,10
23856,13
23857,8
23858,11
23859,8
23860,7
23861,11
23862,7
23863,8
23864,6
23865,8
23866,5
23867,5
23868,10
23869,11
23870,7
23871,7
23872,11
23873,6
23874,10
23875,8
23876,11
23877,9
23878,5
23879,10
23880,17
23881,6
23882,5
23883,13
23884,3
23885,4
23886,8
23887,8
23888,5
23889,9
23890,7
23891,12
23892,11
23893,5
23894,10
23895,8
23896,6
23897,9
23898,10
23899,7
23900,13
23901,11
23902,8
23903,12
23904,11
23905,8
23906,16
23907,9
23908,11
23909,10
23910,8
23911,17
23912,13
23913,9
23914,18
23915,14
23916,5
23917,10
23918,21
23919,11
23920,11
23921,11
23922,15
23923,12
23924,14
23925,11
23926,10
23927,15
23928,8
23929,8
23930,8
23931,12
23932,9
23933,15
23934,13
23935,10
23936,15
23937,14
23938,12
23939,14
23940,13
23941,12
23942,8
23943,10
23944,10
23945,12
23946,11
23947,10
23948,17
23949,8
23950,12
23951,16
23952,12
23953,12
23954,11
23955,11
23956,5
23957,9
23958,3
23959,11
23960,7
23961,8
23962,6
23963,10
23964,9
23965,6
23966,10
23967,10
23968,10
23969,8
23970,8
23971,15
23972,8
23973,14
23974,16
23975,6
23976,10
23977,7
23978,10
23979,12
23980,2
23981,6
23982,8
23983,8
23984,7
23985,14
23986,9
23987,11
23988,4
23989,7
23990,9
23991,9
23992,8
23993,8
23994,7
23995,7
23996,13
23997,11
23998,7
23999,12
24000,4
24001,9
24002,4
24003,5
24004,8
24005,9
24006,6
24007,11
24008,5
24009,5
24010,12
24011,9
24012,5
24013,7
24014,7
24015,10
24016,5
24017,8
24018,4
24019,14
24020,8
24021,8
24022,6
24023,9
24024,4
24025,6
24026,9
24027,10
24028,5
24029,8
24030,8
24031,9
24032,7
24033,11
24034,10
24035,12
24036,7
24037,6
24038,10
24039,6
24040,10
24041,15
24042,9
24043,16
24044,9
24045,7
24046,8
24047,11
24048,6
24049,10
24050,7
24051,13
24052,13
24053,10
24054,8
24055,10
24056,14
24057,6
24058,9
24059,5
24060,9
24061,6
24062,10
24063,6
24064,6
24065,7
24066,8
24067,8
24068,7
24069,6
24070,4
24071,8
24072,16
24073,12
24074,7
24075,12
24076,6
24077,8
24078,15
24079,12
24080,9
24081,10
24082,10
24083,12
24084,8
24085,8
24086,8
24087,10
24088,10
24089,9
24090,7
24091,11
24092,8
24093,6
24094,6
24095,3
24096,5
24097,5
24098,5
24099,7
24100,6
24101,8
24102,4
24103,11
24104,7
24105,7
24106,11
24107,7
24108,8
24109,7
24110,7
24111,5
24112,6
24113,11
24114,8
24115,6
24116,10
24117,3
24118,7
24119,10
24120,5
24121,9
24122,10
24123,8
24124,11
24125,11
24126,7
24127,11
24128,8
24129,11
24130,10
24131,10
24132,14
24133,9
24134,13
24135,11
24136,9
24137,8
24138,10
24139,9
24140,11
24141,10
24142,5
24143,7
24144,8
24145,13
24146,10
24147,4
24148,10
24149,8
24150,10
24151,7
24152,7
24153,12
24154,7
24155,12
24156,13
24157,9
24158,14
24159,10
24160,8
24161,7
24162,9
24163,10
24164,9
24165,8
24166,7
24167,11
24168,8
24169,7
24170,6
24171,8
24172,8
24173,6
24174,7
24175,2
24176,9
24177,5
24178,8
24179,2
24180,4
24181,5
24182,3
24183,9
24184,6
24185,10
24186,7
24187,8
24188,7
24189,11
24190,8
24191,7
24192,5
24193,12
24194,8
24195,13
24196,9
24197,7
24198,8
24199,8
24200,6
24201,7
24202,5
24203,11
24204,10
24205,9
24206,8
24207,6
24208,10
24209,8
24210,6
24211,7
24212,6
24213,5
24214,4
24215,6
24216,13
24217,6
24218,9
24219,5
24220,5
24221,9
24222,7
24223,5
24224,7
24225,10
24226,7
24227,9
24228,6
24229,9
24230,7
24231,14
24232,12
24233,17
24234,11
24235,13
24236,12
24237,8
24238,10
24239,7
24240,15
24241,8
24242,10
24243,12
24244,5
24245,8
24246,5
24247,7
24248,6
24249,5
24250,7
24251,4
24252,9
24253,6
24254,10
24255,14
24256,10
24257,8
24258,8
24259,4
24260,9
24261,8
24262,7
24263,10
24264,7
24265,7
24266,10
24267,12
24268,7
24269,8
24270,11
24271,6
24272,14
24273,7
24274,9
24275,12
24276,7
24277,7
24278,14
24279,9
24280,9
24281,7
24282,9
24283,7
24284,8
24285,6
24286,7
24287,5
24288,8
24289,13
24290,13
24291,7
24292,8
24293,7
24294,7
24295,7
24296,13
24297,5
24298,12
24299,9
24300,8
24301,10
24302,13
24303,14
24304,6
24305,12
24306,9
24307,7
24308,11
24309,8
24310,9
24311,10
24312,8
24313,12
24314,10
24315,9
24316,13
24317,9
24318,14
24319,11
24320,7
24321,8
24322,13
24323,9
24324,12
24325,13
24326,12
24327,12
24328,20
24329,11
24330,12
24331,10
24332,12
24333,10
24334,11
24335,13
24336,14
24337,14
24338,13
24339,14
24340,10
24341,22
24342,8
24343,11
24344,9
24345,8
24346,6
24347,10
24348,7
24349,3
24350,13
24351,15
24352,11
24353,8
24354,9
24355,11
24356,13
24357,12
24358,14
24359,9
24360,13
24361,11
24362,8
24363,10
24364,12
24365,7
24366,13
24367,9
24368,6
24369,5
24370,10
24371,7
24372,12
24373,11
24374,4
24375,9
24376,8
24377,8
24378,13
24379,8
24380,10
24381,8
24382,10
24383,10
24384,10
24385,13
24386,9
24387,9
24388,11
24389,10
24390,11
24391,10
24392,8
24393,9
24394,9
24395,11
24396,11
24397,11
24398,10
24399,4
24400,9
24401,7
24402,6
24403,4
24404,9
24405,5
24406,2
24407,14
24408,6
24409,4
24410,4
24411,5
24412,6
24413,6
24414,7
24415,9
24416,4
24417,9
24418,6
24419,9
24420,7
24421,4
24422,6
24423,4
24424,5
24425,7
24426,11
24427,4
24428,6
24429,5
24430,6
24431,11
24432,4
24433,4
24434,9
24435,6
24436,8
24437,7
24438,8
24439,9
24440,10
24441,5
24442,8
24443,4
24444,11
24445,1
24446,5
24447,8
24448,7
24449,2
24450,6
24451,11
24452,6
24453,6
24454,6
24455,6
24456,6
24457,5
24458,7
24459,10
24460,5
24461,10
24462,10
24463,15
24464,6
24465,7
24466,11
24467,11
24468,10
24469,7
24470,6
24471,14
24472,7
24473,11
24474,12
24475,13
24476,11
24477,11
24478,9
24479,10
24480,9
24481,14
24482,11
24483,10
24484,9
24485,14
24486,12
24487,11
24488,12
24489,12
24490,12
24491,5
24492,9
24493,9
24494,14
24495,9
24496,6
24497,10
24498,9
24499,9
24500,6
24501,9
24502,11
24503,12
24504,11
24505,10
24506,7
24507,11
24508,13
24509,11
24510,10
24511,12
24512,7
24513,11
24514,7
24515,4
24516,10
24517,9
24518,9
24519,6
24520,14
24521,9
24522,13
24523,8
24524,13
24525,11
24526,9
24527,9
24528,6
24529,6
24530,5
24531,13
24532,9
24533,8
24534,9
24535,12
24536,7
24537,10
24538,14
24539,7
24540,8
24541,6
24542,11
24543,9
24544,10
24545,11
24546,10
24547,5
24548,15
24549,11
24550,15
24551,11
24552,12
24553,18
24554,11
24555,15
24556,9
24557,12
24558,8
24559,11
24560,3
24561,10
24562,10
24563,10
24564,9
24565,11
24566,8
24567,16
24568,11
24569,11
24570,8
24571,7
24572,12
24573,7
24574,10
24575,13
24576,8
24577,16
24578,7
24579,5
24580,15
24581,16
24582,9
24583,8
24584,14
24585,7
24586,13
24587,10
24588,11
24589,4
24590,9
24591,8
24592,11
24593,9
24594,9
24595,8
24596,9
24597,6
24598,9
24599,8
24600,8
24601,6
24602,11
24603,7
24604,7
24605,6
24606,10
24607,10
24608,7
24609,10
24610,7
24611,11
24612,9
24613,8
24614,7
24615,13
24616,12
24617,13
24618,10
24619,12
24620,13
24621,10
24622,12
24623,11
24624,4
24625,9
24626,11
24627,10
24628,14
24629,12
24630,14
24631,11
24632,16
24633,11
24634,13
24635,21
24636,8
24637,8
24638,8
24639,11
24640,18
24641,11
24642,13
24643,8
24644,11
24645,7
24646,10
24647,13
24648,4
24649,7
24650,9
24651,6
24652,13
24653,6
24654,7
24655,8
24656,4
24657,9
24658,9
24659,6
24660,6
24661,8
24662,6
24663,9
24664,7
24665,5
24666,7
24667,3
24668,11
24669,13
24670,3
24671,10
24672,6
24673,6
24674,5
24675,8
24676,10
24677,7
24678,12
24679,8
24680,6
24681,13
24682,5
24683,9
24684,5
24685,4
24686,10
24687,10
24688,3
24689,8
24690,9
24691,5
24692,13
24693,12
24694,6
24695,9
24696,8
24697,7
24698,3
24699,11
24700,6
24701,7
24702,11
24703,8
24704,11
24705,7
24706,14
24707,9
24708,5
24709,11
24710,11
24711,12
24712,5
24713,14
24714,10
24715,11
24716,5
24717,10
24718,10
24719,7
24720,8
24721,7
24722,7
24723,7
24724,7
24725,7
24726,10
24727,6
24728,7
24729,6
24730,5
24731,6
24732,8
24733,11
24734,6
24735,8
24736,5
24737,5
24738,5
24739,9
24740,10
24741,8
24742,13
24743,6
24744,8
24745,6
24746,6
24747,2
24748,7
24749,5
24750,5
24751,4
24752,6
24753,6
24754,9
24755,4
24756,7
24757,6
24758,8
24759,3
24760,10
24761,5
24762,5
24763,4
24764,6
24765,7
24766,12
24767,9
24768,6
24769,6
24770,9
24771,8
24772,6
24773,8
24774,8
24775,8
24776,6
24777,4
24778,8
24779,6
24780,4
24781,13
24782,12
24783,8
24784,6
24785,7
24786,6
24787,12
24788,5
24789,5
24790,6
24791,6
24792,9
24793,6
24794,2
24795,7
24796,9
24797,9
24798,5
24799,4
24800,7
24801,5
24802,10
24803,4
24804,10
24805,11
24806,9
24807,8
24808,7
24809,8
24810,9
24811,6
24812,9
24813,14
24814,9
24815,9
24816,9
24817,5
24818,5
24819,7
24820,5
24821,7
24822,7
24823,6
24824,7
24825,4
24826,8
24827,16
24828,9
24829,6
24830,11
24831,7
24832,9
24833,8
24834,13
24835,14
24836,8
24837,9
24838,6
24839,8
24840,7
24841,11
24842,6
24843,14
24844,9
24845,8
24846,10
24847,11
24848,7
24849,8
24850,11
24851,4
24852,12
24853,14
24854,10
24855,7
24856,13
24857,9
24858,4
24859,8
24860,8
24861,12
24862,5
24863,5
24864,7
24865,3
24866,10
24867,8
24868,2
24869,6
24870,3
24871,6
24872,10
24873,5
24874,8
24875,8
24876,4
24877,8
24878,7
24879,7
24880,9
24881,5
24882,11
24883,8
24884,5
24885,11
24886,7
24887,10
24888,8
24889,15
24890,6
24891,4
24892,6
24893,5
24894,5
24895,9
24896,7
24897,4
24898,6
24899,7
24900,9
24901,9
24902,6
24903,8
24904,5
24905,4
24906,7
24907,6
24908,4
24909,10
24910,10
24911,14
24912,7
24913,9
24914,8
24915,9
24916,13
24917,8
24918,9
24919,13
24920,9
24921,7
24922,9
24923,9
24924,14
24925,9
24926,8
24927,11
24928,11
24929,13
24930,4
24931,9
24932,9
24933,9
24934,17
24935,8
24936,6
24937,10
24938,9
24939,13
24940,11
24941,9
24942,17
24943,12
24944,14
24945,9
24946,11
24947,15
24948,13
24949,11
24950,8
24951,6
24952,12
24953,5
24954,6
24955,8
24956,12
24957,9
24958,10
24959,8
24960,6
24961,17
24962,11
24963,10
24964,13
24965,7
24966,10
24967,14
24968,14
24969,8
24970,12
24971,10
24972,12
24973,11
24974,18
24975,7
24976,12
24977,10
24978,9
24979,4
24980,12
24981,9
24982,10
24983,9
24984,8
24985,13
24986,11
24987,9
24988,14
24989,5
24990,10
24991,14
24992,9
24993,6
24994,4
24995,9
24996,7
24997,9
24998,9
24999,6
25000,13
25001,7
25002,8
25003,6
25004,9
25005,6
25006,8
25007,9
25008,8
25009,11
25010,10
25011,8
25012,6
25013,6
25014,10
25015,8
25016,7
25017,7
25018,8
25019,11
25020,6
25021,7
25022,6
25023,9
25024,10
25025,7
25026,15
25027,8
25028,9
25029,13
25030,8
25031,12
25032,6
25033,11
25034,11
25035,11
25036,10
25037,6
25038,14
25039,15
25040,11
25041,12
25042,14
25043,11
25044,11
25045,10
25046,10
25047,5
25048,11
25049,12
25050,13
25051,13
25052,9
25053,9
25054,8
25055,9
25056,15
25057,14
25058,6
25059,10
25060,10
25061,10
25062,14
25063,12
25064,11
25065,13
25066,7
25067,12
25068,11
25069,3
25070,6
25071,5
25072,7
25073,9
25074,9
25075,6
25076,7
25077,3
25078,9
25079,8
25080,10
25081,13
25082,6
25083,7
25084,10
25085,9
25086,7
25087,8
25088,13
25089,7
25090,9
25091,8
25092,4
25093,14
25094,7
25095,12
25096,6
25097,11
25098,11
25099,12
25100,11
25101,14
25102,8
25103,14
25104,10
25105,9
25106,11
25107,12
25108,6
25109,16
25110,11
25111,10
25112,8
25113,10
25114,12
25115,9
25116,13
25117,8
25118,3
25119,6
25120,12
25121,11
25122,14
25123,9
25124,7
25125,6
25126,10
25127,9
25128,9
25129,4
25130,9
25131,11
25132,7
25133,9
25134,10
25135,4
25136,7
25137,9
25138,7
25139,8
25140,6
25141,8
25142,10
25143,12
25144,11
25145,5
25146,10
25147,11
25148,11
25149,13
25150,12
25151,6
25152,10
25153,7
25154,8
25155,11
25156,16
25157,15
25158,9
25159,9
25160,7
25161,12
25162,6
25163,12
25164,7
25165,6
25166,10
25167,11
25168,7
25169,6
25170,11
25171,8
25172,8
25173,8
25174,7
25175,11
25176,7
25177,7
25178,13
25179,9
25180,9
25181,7
25182,11
25183,6
25184,12
25185,6
25186,5
25187,14
25188,10
25189,12
25190,6
25191,8
25192,11
25193,7
25194,13
25195,14
25196,3
25197,9
25198,9
25199,9
25200,4
25201,20
25202,12
25203,11
25204,7
25205,11
25206,6
25207,9
25208,8
25209,9
25210,10
25211,11
25212,7
25213,11
25214,7
25215,9
25216,12
25217,7
25218,10
25219,4
25220,11
25221,7
25222,10
25223,7
25224,12
25225,7
25226,8
25227,5
25228,12
25229,9
25230,9
25231,5
25232,13
25233,8
25234,9
25235,11
25236,6
25237,12
25238,8
25239,6
25240,8
25241,11
25242,10
25243,16
25244,5
25245,10
25246,9
25247,4
25248,9
25249,5
25250,9
25251,10
25252,10
25253,10
25254,6
25255,9
25256,8
25257,15
25258,15
25259,16
25260,7
25261,14
25262,12
25263,10
25264,11
25265,10
25266,12
25267,8
25268,12
25269,7
25270,11
25271,13
25272,11
25273,14
25274,14
25275,12
25276,14
25277,11
25278,10
25279,10
25280,12
25281,10
25282,14
25283,11
25284,13
25285,7
25286,9
25287,9
25288,11
25289,9
25290,13
25291,13
25292,9
25293,6
25294,12
25295,9
25296,11
25297,10
25298,7
25299,10
25300,6
25301,10
25302,13
25303,13
25304,10
25305,15
25306,13
25307,18
25308,14
25309,16
25310,15
25311,11
25312,14
25313,8
25314,16
25315,8
25316,11
25317,12
25318,8
25319,13
25320,12
25321,8
25322,4
25323,5
25324,4
25325,9
25326,7
25327,6
25328,9
25329,13
25330,6
25331,6
25332,9
25333,6
25334,11
25335,5
25336,10
25337,15
25338,12
25339,12
25340,7
25341,11
25342,10
25343,10
25344,7
25345,7
25346,11
25347,10
25348,5
25349,5
25350,14
25351,6
25352,8
25353,7
25354,7
25355,6
25356,11
25357,3
25358,12
25359,7
25360,8
25361,10
25362,11
25363,7
25364,8
25365,14
25366,7
25367,9
25368,8
25369,9
25370,6
25371,8
25372,9
25373,6
25374,9
25375,13
25376,6
25377,5
25378,9
25379,12
25380,4
25381,12
25382,10
25383,8
25384,11
25385,16
25386,7
25387,6
25388,9
25389,7
25390,7
25391,8
25392,7
25393,6
25394,9
25395,8
25396,7
25397,5
25398,9
25399,5
25400,5
25401,7
25402,11
25403,6
25404,6
25405,6
25406,8
25407,5
25408,12
25409,7
25410,7
25411,8
25412,8
25413,4
25414,5
25415,7
25416,7
25417,5
25418,9
25419,7
25420,11
25421,9
25422,8
25423,10
25424,12
25425,7
25426,10
25427,10
25428,7
25429,8
25430,7
25431,12
25432,5
25433,11
25434,7
25435,13
25436,8
25437,5
25438,10
25439,8
25440,5
25441,8
25442,10
25443,6
25444,10
25445,7
25446,8
25447,10
25448,7
25449,7
25450,11
25451,4
25452,9
25453,6
25454,10
25455,9
25456,6
25457,7
25458,7
25459,7
25460,13
25461,7
25462,9
25463,8
25464,7
25465,6
25466,8
25467,8
25468,9
25469,14
25470,8
25471,8
25472,14
25473,12
25474,9
25475,8
25476,10
25477,6
25478,8
25479,9
25480,5
25481,9
25482,6
25483,10
25484,9
25485,7
25486,5
25487,7
25488,9
25489,5
25490,6
25491,8
25492,9
25493,6
25494,12
25495,4
25496,8
25497,8
25498,6
25499,6
25500,5
25501,5
25502,7
25503,10
25504,4
25505,16
25506,5
25507,11
25508,10
25509,11
25510,16
25511,8
25512,9
25513,9
25514,9
25515,9
25516,11
25517,6
25518,8
25519,8
25520,11
25521,5
25522,6
25523,4
25524,12
25525,8
25526,6
25527,10
25528,6
25529,7
25530,5
25531,8
25532,10
25533,9
25534,7
25535,10
25536,11
25537,10
25538,10
25539,6
25540,12
25541,14
25542,7
25543,13
25544,7
25545,9
25546,8
25547,2
25548,9
25549,7
25550,5
25551,7
25552,4
25553,4
25554,8
25555,5
25556,10
25557,8
25558,9
25559,11
25560,9
25561,12
25562,11
25563,7
25564,15
25565,7
25566,4
25567,6
25568,5
25569,3
25570,6
25571,7
25572,11
25573,4
25574,6
25575,7
25576,5
25577,7
25578,1
25579,8
25580,7
25581,10
25582,3
25583,5
25584,11
25585,10
25586,4
25587,3
25588,11
25589,4
25590,9
25591,13
25592,8
25593,8
25594,12
25595,8
25596,11
25597,6
25598,12
25599,16
25600,16
25601,13
25602,11
25603,9
25604,11
25605,11
25606,10
25607,6
25608,9
25609,12
25610,9
25611,12
25612,17
25613,6
25614,15
25615,11
25616,12
25617,4
25618,14
25619,9
25620,7
25621,12
25622,4
25623,6
25624,10
25625,7
25626,8
25627,13
25628,10
25629,14
25630,8
25631,10
25632,8
25633,7
25634,15
25635,12
25636,11
25637,7
25638,10
25639,3
25640,10
25641,14
25642,10
25643,13
25644,12
25645,10
25646,8
25647,16
25648,15
25649,12
25650,14
25651,10
25652,11
25653,7
25654,10
25655,7
25656,11
25657,11
25658,1
25659,8
25660,9
25661,10
25662,9
25663,11
25664,11
25665,9
25666,6
25667,9
25668,11
25669,10
25670,4
25671,10
25672,8
25673,3
25674,9
25675,9
25676,7
25677,7
25678,8
25679,5
25680,9
25681,5
25682,4
25683,5
25684,9
25685,6
25686,8
25687,11
25688,7
25689,6
25690,6
25691,11
25692,6
25693,10
25694,9
25695,8
25696,9
25697,7
25698,15
25699,7
25700,6
25701,9
25702,9
25703,13
25704,8
25705,10
25706,8
25707,6
25708,3
25709,6
25710,7
25711,7
25712,8
25713,4
25714,9
25715,4
25716,6
25717,6
25718,8
25719,7
25720,5
25721,4
25722,2
25723,6
25724,4
25725,5
25726,7
25727,2
25728,7
25729,5
25730,5
25731,10
25732,4
25733,6
25734,7
25735,10
25736,7
25737,10
25738,6
25739,10
25740,7
25741,9
25742,13
25743,7
25744,9
25745,8
25746,11
25747,2
25748,12
25749,4
25750,9
25751,9
25752,5
25753,4
25754,6
25755,5
25756,8
25757,5
25758,7
25759,3
25760,8
25761,7
25762,5
25763,4
25764,4
25765,5
25766,5
25767,10
25768,7
25769,8
25770,12
25771,12
25772,10
25773,13
25774,9
25775,8
25776,5
25777,10
25778,12
25779,8
25780,6
25781,12
25782,7
25783,9
25784,5
25785,11
25786,7
25787,9
25788,5
25789,8
25790,10
25791,11
25792,7
25793,8
25794,7
25795,9
25796,7
25797,13
25798,12
25799,14
25800,10
25801,9
25802,11
25803,15
25804,16
25805,9
25806,6
25807,8
25808,11
25809,9
25810,11
25811,5
25812,10
25813,6
25814,7
25815,6
25816,8
25817,5
25818,13
25819,8
25820,13
25821,7
25822,10
25823,8
25824,8
25825,8
25826,9
25827,7
25828,10
25829,11
25830,9
25831,6
25832,9
25833,7
25834,7
25835,5
25836,9
25837,7
25838,11
25839,10
25840,6
25841,6
25842,7
25843,11
25844,9
25845,8
25846,7
25847,10
25848,10
25849,11
25850,9
25851,10
25852,7
25853,13
25854,10
25855,6
25856,7
25857,4
25858,9
25859,8
25860,5
25861,4
25862,5
25863,6
25864,9
25865,6
25866,10
25867,13
25868,8
25869,8
25870,5
25871,7
25872,4
25873,10
25874,8
25875,7
25876,9
25877,8
25878,12
25879,9
25880,4
25881,11
25882,13
25883,4
25884,9
25885,5
25886,11
25887,8
25888,7
25889,4
25890,9
25891,10
25892,4
25893,12
25894,5
25895,10
25896,4
25897,9
25898,7
25899,8
25900,7
25901,7
25902,11
25903,9
25904,8
25905,11
25906,13
25907,7
25908,10
25909,8
25910,6
25911,7
25912,6
25913,5
25914,7
25915,9
25916,12
25917,10
25918,5
25919,8
25920,8
25921,8
25922,5
25923,10
25924,12
25925,8
25926,6
25927,11
25928,12
25929,8
25930,6
25931,7
25932,13
25933,5
25934,14
25935,10
25936,8
25937,6
25938,9
25939,5
25940,8
25941,7
25942,8
25943,9
25944,7
25945,9
25946,10
25947,11
25948,11
25949,9
25950,7
25951,8
25952,7
25953,8
25954,7
25955,9
25956,7
25957,9
25958,12
25959,10
25960,9
25961,6
25962,3
25963,7
25964,8
25965,9
25966,6
25967,5
25968,9
25969,5
25970,5
25971,10
25972,6
25973,11
25974,8
25975,14
25976,14
25977,16
25978,14
25979,4
25980,11
25981,7
25982,11
25983,8
25984,13
25985,9
25986,9
25987,6
25988,11
25989,9
25990,8
25991,7
25992,11
25993,6
25994,14
25995,9
25996,10
25997,14
25998,11
25999,13
26000,9
26001,12
26002,10
26003,11
26004,14
26005,7
26006,10
26007,13
26008,13
26009,11
26010,11
26011,10
26012,11
26013,8
26014,10
26015,10
26016,12
26017,13
26018,8
26019,10
26020,8
26021,9
26022,16
26023,12
26024,11
26025,10
26026,9
26027,13
26028,14
26029,15
26030,13
26031,8
26032,11
26033,10
26034,8
26035,13
26036,10
26037,6
26038,5
26039,6
26040,9
26041,7
26042,10
26043,5
26044,6
26045,9
26046,6
26047,10
26048,7
26049,8
26050,14
26051,6
26052,12
26053,12
26054,12
26055,12
26056,7
26057,11
26058,6
26059,11
26060,7
26061,9
26062,10
26063,10
26064,9
26065,8
26066,10
26067,9
26068,7
26069,7
26070,11
26071,4
26072,9
26073,8
26074,14
26075,7
26076,8
26077,7
26078,12
26079,7
26080,6
26081,6
26082,11
26083,7
26084,11
26085,6
26086,6
26087,6
26088,8
26089,7
26090,7
26091,9
26092,8
26093,6
26094,10
26095,5
26096,8
26097,9
26098,9
26099,6
26100,9
26101,9
26102,6
26103,6
26104,6
26105,4
26106,12
26107,6
26108,7
26109,10
26110,6
26111,11
26112,5
26113,6
26114,6
26115,11
26116,8
26117,5
26118,9
26119,5
26120,4
26121,6
26122,8
26123,9
26124,10
26125,12
26126,8
26127,7
26128,11
26129,9
26130,6
26131,6
26132,14
26133,3
26134,9
26135,8
26136,7
26137,8
26138,12
26139,3
26140,10
26141,7
26142,9
26143,7
26144,12
26145,9
26146,14
26147,13
26148,14
26149,11
26150,11
26151,5
26152,9
26153,11
26154,14
26155,9
26156,10
26157,9
26158,14
26159,9
26160,11
26161,15
26162,10
26163,7
26164,11
26165,10
26166,11
26167,6
26168,8
26169,9
26170,6
26171,3
26172,9
26173,7
26174,5
26175,8
26176,8
26177,7
26178,6
26179,3
26180,9
26181,9
26182,12
26183,6
26184,14
26185,4
26186,8
26187,6
26188,10
26189,8
26190,11
26191,8
26192,15
26193,11
26194,14
26195,9
26196,4
26197,7
26198,8
26199,9
26200,14
26201,8
26202,8
26203,5
26204,7
26205,6
26206,11
26207,5
26208,7
26209,3
26210,11
26211,5
26212,8
26213,8
26214,4
26215,2
26216,5
26217,8
26218,1
26219,7
26220,8
26221,4
26222,7
26223,8
26224,8
26225,11
26226,4
26227,9
26228,12
26229,10
26230,3
26231,5
26232,5
26233,12
26234,11
26235,9
26236,6
26237,12
26238,12
26239,9
26240,10
26241,15
26242,8
26243,15
26244,11
26245,6
26246,7
26247,6
26248,11
26249,8
26250,4
26251,8
26252,10
26253,5
26254,9
26255,7
26256,8
26257,10
26258,12
26259,10
26260,10
26261,8
26262,8
26263,9
26264,7
26265,8
26266,6
26267,9
26268,10
26269,9
26270,7
26271,9
26272,16
26273,6
26274,6
26275,8
26276,5
26277,7
26278,6
26279,9
26280,5
26281,2
26282,9
26283,4
26284,2
26285,6
26286,2
26287,3
26288,1
26289,8
26290,4
26291,10
26292,6
26293,6
26294,8
26295,7
26296,5
26297,6
26298,5
26299,10
26300,5
26301,7
26302,9
26303,6
26304,5
26305,5
26306,11
26307,3
26308,11
26309,5
26310,5
26311,2
26312,11
26313,11
26314,6
26315,13
26316,9
26317,12
26318,6
26319,10
26320,8
26321,6
26322,10
26323,10
26324,7
26325,8
26326,7
26327,6
26328,6
26329,8
26330,5
26331,5
26332,3
26333,5
26334,4
26335,10
26336,8
26337,6
26338,2
26339,4
26340,4
26341,9
26342,8
26343,10
26344,6
26345,6
26346,6
26347,4
26348,7
26349,9
26350,5
26351,10
26352,6
26353,9
26354,7
26355,5
26356,13
26357,9
26358,9
26359,4
26360,5
26361,9
26362,8
26363,8
26364,7
26365,7
26366,12
26367,7
26368,7
26369,3
26370,6
26371,13
26372,8
26373,7
26374,5
26375,4
26376,14
26377,7
26378,8
26379,10
26380,9
26381,11
26382,12
26383,8
26384,3
26385,10
26386,8
26387,7
26388,4
26389,8
26390,14
26391,7
26392,10
26393,7
26394,13
26395,5
26396,8
26397,6
26398,10
26399,8
26400,15
26401,9
26402,9
26403,8
26404,8
26405,9
26406,12
26407,10
26408,13
26409,8
26410,8
26411,10
26412,13
26413,6
26414,10
26415,11
26416,9
26417,11
26418,11
26419,3
26420,7
26421,11
26422,10
26423,13
26424,5
26425,9
26426,11
26427,6
26428,8
26429,8
26430,5
26431,7
26432,6
26433,8
26434,7
26435,6
26436,7
26437,9
26438,4
26439,7
26440,7
26441,7
26442,10
26443,6
26444,6
26445,15
26446,12
26447,6
26448,7
26449,11
26450,8
26451,7
26452,8
26453,4
26454,7
26455,14
26456,7
26457,9
26458,10
26459,9
26460,10
26461,13
26462,9
26463,12
26464,11
26465,14
26466,11
26467,15
26468,11
26469,8
26470,12
26471,16
26472,8
26473,9
26474,13
26475,12
26476,8
26477,7
26478,7
26479,13
26480,8
26481,12
26482,12
26483,11
26484,8
26485,10
26486,7
26487,10
26488,9
26489,11
26490,9
26491,13
26492,12
26493,9
26494,9
26495,9
26496,8
26497,4
26498,14
26499,11
26500,15
26501,10
26502,23
26503,13
26504,11
26505,8
26506,8
26507,19
26508,12
26509,15
26510,14
26511,13
26512,11
26513,11
26514,9
26515,10
26516,10
26517,9
26518,8
26519,5
26520,7
26521,8
26522,10
26523,8
26524,7
26525,13
26526,10
26527,11
26528,6
26529,11
26530,7
26531,11
26532,4
26533,4
26534,14
26535,11
26536,8
26537,7
26538,5
26539,11
26540,12
26541,9
26542,10
26543,8
26544,12
26545,9
26546,9
26547,8
26548,11
26549,9
26550,11
26551,10
26552,11
26553,8
26554,6
26555,6
26556,6
26557,12
26558,5
26559,8
26560,11
26561,7
26562,8
26563,4
26564,8
26565,9
26566,10
26567,11
26568,6
26569,14
26570,10
26571,10
26572,7
26573,6
26574,8
26575,11
26576,7
26577,11
26578,11
26579,5
26580,14
26581,6
26582,17
26583,9
26584,5
26585,7
26586,10
26587,7
26588,9
26589,7
26590,10
26591,7
26592,9
26593,8
26594,11
26595,9
26596,8
26597,12
26598,7
26599,10
26600,7
26601,7
26602,8
26603,9
26604,11
26605,10
26606,8
26607,8
26608,16
26609,8
26610,15
26611,12
26612,13
26613,13
26614,13
26615,12
26616,7
26617,11
26618,7
26619,5
26620,8
26621,13
26622,10
26623,12
26624,12
26625,9
26626,4
26627,8
26628,7
26629,9
26630,10
26631,7
26632,8
26633,11
26634,13
26635,7
26636,13
26637,9
26638,12
26639,10
26640,9
26641,2
26642,3
26643,4
26644,9
26645,8
26646,9
26647,10
26648,10
26649,6
26650,4
26651,6
26652,6
26653,7
26654,4
26655,6
26656,2
26657,7
26658,3
26659,7
26660,11
26661,7
26662,11
26663,6
26664,8
26665,7
26666,10
26667,7
26668,9
26669,8
26670,4
26671,5
26672,8
26673,8
26674,6
26675,4
26676,11
26677,6
26678,7
26679,7
26680,4
26681,7
26682,8
26683,6
26684,12
26685,5
26686,8
26687,10
26688,8
26689,12
26690,7
26691,13
26692,7
26693,5
26694,8
26695,8
26696,8
26697,6
26698,6
26699,11
26700,4
26701,11
26702,4
26703,8
26704,5
26705,5
26706,5
26707,6
26708,3
26709,4
26710,7
26711,7
26712,5
26713,10
26714,8
26715,3
26716,5
26717,7
26718,4
26719,7
26720,3
26721,7
26722,5
26723,7
26724,11
26725,4
26726,5
26727,9
26728,10
26729,5
26730,9
26731,11
26732,8
26733,5
26734,6
26735,4
26736,11
26737,10
26738,5
26739,5
26740,12
26741,6
26742,9
26743,7
26744,8
26745,8
26746,7
26747,5
26748,7
26749,4
26750,4
26751,6
26752,8
26753,10
26754,8
26755,12
26756,3
26757,3
26758,11
26759,11
26760,9
26761,9
26762,8
26763,12
26764,9
26765,9
26766,9
26767,5
26768,7
26769,8
26770,8
26771,7
26772,6
26773,10
26774,7
26775,8
26776,11
26777,8
26778,14
26779,16
26780,10
26781,11
26782,15
26783,9
26784,19
26785,11
26786,17
26787,9
26788,10
26789,6
26790,11
26791,9
26792,9
26793,9
26794,4
26795,8
26796,6
26797,9
26798,7
26799,8
26800,10
26801,7
26802,4
26803,4
26804,8
26805,8
26806,8
26807,5
26808,8
26809,4
26810,2
26811,10
26812,3
26813,7
26814,6
26815,6
26816,7
26817,5
26818,5
26819,6
26820,7
26821,10
26822,8
26823,6
26824,6
26825,7
26826,7
26827,13
26828,6
26829,4
26830,12
26831,9
26832,10
26833,8
26834,11
26835,4
26836,11
26837,6
26838,10
26839,4
26840,10
26841,5
26842,7
26843,7
26844,9
26845,9
26846,9
26847,9
26848,10
26849,10
26850,8
26851,9
26852,3
26853,9
26854,13
26855,12
26856,6
26857,13
26858,11
26859,8
26860,6
26861,10
26862,14
26863,9
26864,15
26865,6
26866,9
26867,9
26868,9
26869,4
26870,10
26871,9
26872,9
26873,10
26874,9
26875,13
26876,6
26877,4
26878,11
26879,8
26880,8
26881,11
26882,9
26883,5
26884,7
26885,8
26886,6
26887,8
26888,8
26889,10
26890,3
26891,8
26892,5
26893,6
26894,8
26895,9
26896,6
26897,12
26898,7
26899,7
26900,10
26901,7
26902,5
26903,8
26904,6
26905,9
26906,6
26907,6
26908,9
26909,8
26910,4
26911,6
26912,8
26913,11
26914,6
26915,5
26916,4
26917,8
26918,5
26919,8
26920,1
26921,6
26922,12
26923,8
26924,2
26925,8
26926,9
26927,9
26928,7
26929,8
26930,11
26931,8
26932,4
26933,10
26934,8
26935,11
26936,9
26937,5
26938,11
26939,12
26940,5
26941,12
26942,17
26943,7
26944,6
26945,7
26946,9
26947,7
26948,8
26949,8
26950,6
26951,6
26952,9
26953,10
26954,4
26955,6
26956,7
26957,3
26958,5
26959,9
26960,5
26961,7
26962,9
26963,4
26964,6
26965,6
26966,7
26967,7
26968,6
26969,7
26970,5
26971,11
26972,9
26973,3
26974,9
26975,7
26976,4
26977,7
26978,5
26979,2
26980,8
26981,6
26982,4
26983,8
26984,4
26985,10
26986,9
26987,8
26988,14
26989,10
26990,5
26991,11
26992,9
26993,7
26994,10
26995,7
26996,3
26997,8
26998,4
26999,10
27000,9
27001,8
27002,9
27003,3
27004,3
27005,8
27006,11
27007,3
27008,16
27009,6
27010,10
27011,10
27012,10
27013,8
27014,9
27015,7
27016,9
27017,5
27018,6
27019,15
27020,11
27021,13
27022,13
27023,12
27024,14
27025,8
27026,11
27027,9
27028,13
27029,8
27030,12
27031,14
27032,12
27033,14
27034,16
27035,10
27036,11
27037,11
27038,11
27039,14
27040,17
27041,11
27042,6
27043,11
27044,9
27045,16
27046,8
27047,18
27048,15
27049,14
27050,13
27051,8
27052,13
27053,5
27054,9
27055,8
27056,13
27057,8
27058,17
27059,15
27060,13
27061,9
27062,7
27063,12
27064,13
27065,11
27066,14
27067,8
27068,16
27069,8
27070,11
27071,9
27072,8
27073,11
27074,9
27075,6
27076,8
27077,12
27078,9
27079,8
27080,10
27081,5
27082,3
27083,7
27084,7
27085,6
27086,9
27087,11
27088,7
27089,7
27090,5
27091,6
27092,8
27093,6
27094,9
27095,12
27096,5
27097,12
27098,4
27099,9
27100,13
27101,9
27102,10
27103,8
27104,13
27105,11
27106,10
27107,3
27108,14
27109,8
27110,12
27111,13
27112,12
27113,13
27114,13
27115,13
27116,11
27117,10
27118,11
27119,7
27120,6
27121,14
27122,7
27123,10
27124,10
27125,3
27126,13
27127,10
27128,12
27129,11
27130,6
27131,8
27132,13
27133,6
27134,9
27135,13
27136,13
27137,10
27138,12
27139,11
27140,13
27141,4
27142,8
27143,11
27144,10
27145,9
27146,4
27147,8
27148,10
27149,6
27150,8
27151,8
27152,12
27153,7
27154,6
27155,3
27156,8
27157,3
27158,4
27159,5
27160,7
27161,11
27162,7
27163,11
27164,5
27165,8
27166,11
27167,14
27168,7
27169,9
27170,7
27171,7
27172,10
27173,12
27174,9
27175,4
27176,7
27177,6
27178,8
27179,2
27180,9
27181,5
27182,8
27183,3
27184,6
27185,3
27186,4
27187,8
27188,8
27189,6
27190,4
27191,4
27192,5
27193,8
27194,7
27195,9
27196,8
27197,6
27198,7
27199,10
27200,11
27201,11
27202,10
27203,10
27204,6
27205,9
27206,5
27207,8
27208,3
27209,8
27210,6
27211,9
27212,7
27213,11
27214,7
27215,11
27216,2
27217,6
27218,6
27219,8
27220,8
27221,5
27222,7
27223,10
27224,8
27225,4
27226,8
27227,3
27228,7
27229,5
27230,1
27231,9
27232,6
27233,5
27234,6
27235,5
27236,5
27237,4
27238,7
27239,4
27240,8
27241,6
27242,6
27243,9
27244,8
27245,4
27246,10
27247,4
27248,8
27249,6
27250,4
27251,7
27252,2
27253,9
27254,10
27255,4
27256,6
27257,11
27258,6
27259,6
27260,4
27261,4
27262,9
27263,4
27264,7
27265,6
27266,5
27267,2
27268,5
27269,8
27270,11
27271,3
27272,6
27273,6
27274,4
27275,4
27276,12
27277,5
27278,3
27279,5
27280,4
27281,6
27282,6
27283,5
27284,8
27285,6
27286,9
27287,10
27288,5
27289,11
27290,8
27291,5
27292,8
27293,3
27294,9
27295,8
27296,5
27297,5
27298,8
27299,8
27300,7
27301,5
27302,5
27303,6
27304,11
27305,4
27306,6
27307,5
27308,6
27309,7
27310,6
27311,9
27312,4
27313,6
27314,2
27315,3
27316,4
27317,4
27318,2
27319,0
27320,6
27321,3
27322,7
27323,6
27324,5
27325,3
27326,4
27327,3
27328,4
27329,8
27330,8
27331,10
27332,7
27333,12
27334,6
27335,7
27336,8
27337,6
27338,5
27339,7
27340,8
27341,9
27342,4
27343,9
27344,9
27345,4
27346,9
27347,5
27348,7
27349,5
27350,4
27351,4
27352,6
27353,5
27354,8
27355,3
27356,12
27357,7
27358,7
27359,7
27360,9
27361,6
27362,1
27363,5
27364,6
27365,4
27366,7
27367,6
27368,6
27369,5
27370,5
27371,8
27372,4
27373,5
27374,8
27375,8
27376,6
27377,7
27378,9
27379,5
27380,8
27381,6
27382,5
27383,6
27384,7
27385,7
27386,9
27387,9
27388,11
27389,7
27390,14
27391,11
27392,6
27393,10
27394,7
27395,8
27396,5
27397,10
27398,3
27399,7
27400,11
27401,5
27402,8
27403,8
27404,5
27405,8
27406,9
27407,10
27408,10
27409,10
27410,8
27411,7
27412,7
27413,15
27414,4
27415,7
27416,9
27417,6
27418,8
27419,7
27420,9
27421,8
27422,11
27423,12
27424,8
27425,4
27426,3
27427,6
27428,8
27429,6
27430,12
27431,7
27432,7
27433,4
27434,12
27435,5
27436,6
27437,8
27438,5
27439,9
27440,4
27441,10
27442,8
27443,11
27444,7
27445,7
27446,9
27447,11
27448,15
27449,10
27450,15
27451,9
27452,17
27453,14
27454,9
27455,10
27456,10
27457,4
27458,8
27459,13
27460,5
27461,9
27462,7
27463,6
27464,9
27465,7
27466,10
27467,6
27468,8
27469,7
27470,8
27471,9
27472,7
27473,5
27474,13
27475,11
27476,6
27477,10
27478,9
27479,12
27480,10
27481,9
27482,14
27483,9
27484,7
27485,6
27486,13
27487,7
27488,8
27489,11
27490,7
27491,7
27492,9
27493,9
27494,10
27495,12
27496,7
27497,8
27498,7
27499,8
27500,9
27501,10
27502,9
27503,14
27504,7
27505,4
27506,11
27507,12
27508,14
27509,9
27510,7
27511,9
27512,9
27513,7
27514,8
27515,9
27516,6
27517,11
27518,7
27519,7
27520,11
27521,8
27522,7
27523,4
27524,14
27525,10
27526,12
27527,10
27528,14
27529,8
27530,6
27531,9
27532,8
27533,13
27534,9
27535,6
27536,12
27537,6
27538,4
27539,7
27540,10
27541,5
27542,7
27543,12
27544,3
27545,16
27546,13
27547,12
27548,10
27549,9
27550,14
27551,8
27552,14
27553,8
27554,14
27555,11
27556,11
27557,9
27558,13
27559,15
27560,7
27561,7
27562,8
27563,15
27564,3
27565,9
27566,12
27567,6
27568,9
27569,7
27570,9
27571,4
27572,8
27573,4
27574,6
27575,4
27576,9
27577,6
27578,6
27579,6
27580,8
27581,3
27582,8
27583,10
27584,8
27585,9
27586,7
27587,8
27588,5
27589,8
27590,5
27591,5
27592,5
27593,6
27594,7
27595,10
27596,10
27597,6
27598,4
27599,9
27600,9
27601,4
27602,7
27603,12
27604,4
27605,5
27606,10
27607,5
27608,7
27609,7
27610,3
27611,8
27612,9
27613,3
27614,10
27615,8
27616,10
27617,6
27618,6
27619,6
27620,4
27621,6
27622,11
27623,8
27624,10
27625,9
27626,6
27627,8
27628,6
27629,6
27630,7
27631,7
27632,10
27633,7
27634,9
27635,9
27636,12
27637,8
27638,3
27639,11
27640,9
27641,10
27642,8
27643,4
27644,8
27645,6
27646,7
27647,5
27648,4
27649,6
27650,7
27651,6
27652,7
27653,4
27654,6
27655,7
27656,5
27657,4
27658,7
27659,7
27660,5
27661,4
27662,4
27663,6
27664,4
27665,9
27666,5
27667,7
27668,10
27669,7
27670,8
27671,11
27672,10
27673,8
27674,7
27675,9
27676,14
27677,6
27678,8
27679,7
27680,10
27681,8
27682,11
27683,6
27684,6
27685,5
27686,2
27687,5
27688,6
27689,7
27690,6
27691,13
27692,7
27693,5
27694,7
27695,8
27696,11
27697,7
27698,6
27699,7
27700,10
27701,3
27702,9
27703,8
27704,8
27705,11
27706,8
27707,7
27708,7
27709,6
27710,6
27711,11
27712,9
27713,6
27714,5
27715,5
27716,8
27717,5
27718,6
27719,6
27720,6
27721,3
27722,5
27723,11
27724,10
27725,10
27726,5
27727,3
27728,10
27729,6
27730,8
27731,4
27732,4
27733,10
27734,10
27735,8
27736,8
27737,9
27738,7
27739,9
27740,8
27741,12
27742,9
27743,6
27744,10
27745,9
27746,9
27747,9
27748,9
27749,13
27750,8
27751,6
27752,8
27753,8
27754,8
27755,11
27756,4
27757,5
27758,14
27759,6
27760,3
27761,7
27762,7
27763,10
27764,12
27765,6
27766,5
27767,9
27768,10
27769,5
27770,9
27771,10
27772,6
27773,4
27774,10
27775,6
27776,7
27777,9
27778,7
27779,6
27780,5
27781,7
27782,6
27783,10
27784,6
27785,11
27786,6
27787,12
27788,12
27789,7
27790,8
27791,6
27792,7
27793,8
27794,10
27795,11
27796,9
27797,7
27798,10
27799,11
27800,8
27801,6
27802,8
27803,10
27804,9
27805,9
27806,9
27807,12
27808,9
27809,12
27810,3
27811,9
27812,9
27813,9
27814,15
27815,10
27816,8
27817,6
27818,9
27819,10
27820,8
27821,4
27822,5
27823,3
27824,5
27825,10
27826,4
27827,10
27828,8
27829,9
27830,5
27831,6
27832,6
27833,10
27834,7
27835,6
27836,12
27837,7
27838,5
27839,11
27840,10
27841,9
27842,5
27843,14
27844,7
27845,8
27846,15
27847,12
27848,8
27849,6
27850,11
27851,7
27852,13
27853,8
27854,7
27855,12
27856,9
27857,5
27858,10
27859,10
27860,6
27861,8
27862,7
27863,8
27864,13
27865,9
27866,8
27867,12
27868,11
27869,12
27870,7
27871,8
27872,5
27873,8
27874,11
27875,5
27876,5
27877,8
27878,5
27879,13
27880,5
27881,11
27882,5
27883,8
27884,6
27885,9
27886,6
27887,10
27888,7
27889,8
27890,5
27891,4
27892,10
27893,16
27894,3
27895,4
27896,2
27897,6
27898,6
27899,11
27900,7
27901,7
27902,10
27903,5
27904,6
27905,2
27906,8
27907,7
27908,8
27909,8
27910,6
27911,4
27912,9
27913,3
27914,8
27915,10
27916,12
27917,6
27918,12
27919,9
27920,10
27921,6
27922,6
27923,14
27924,5
27925,8
27926,7
27927,7
27928,8
27929,6
27930,3
27931,7
27932,9
27933,7
27934,2
27935,4
27936,5
27937,7
27938,4
27939,7
27940,3
27941,4
27942,5
27943,6
27944,6
27945,6
27946,5
27947,12
27948,9
27949,13
27950,13
27951,6
27952,11
27953,8
27954,11
27955,11
27956,7
27957,7
27958,10
27959,7
27960,12
27961,11
27962,9
27963,12
27964,10
27965,7
27966,11
27967,3
27968,4
27969,11
27970,11
27971,8
27972,8
27973,10
27974,7
27975,5
27976,7
27977,10
27978,6
27979,5
27980,13
27981,8
27982,6
27983,4
27984,7
27985,5
27986,9
27987,1
27988,7
27989,4
27990,6
27991,5
27992,7
27993,7
27994,8
27995,6
27996,7
27997,3
27998,7
27999,8
28000,12
28001,5
28002,14
28003,7
28004,9
28005,10
28006,10
28007,7
28008,8
28009,6
28010,9
28011,7
28012,6
28013,7
28014,12
28015,13
28016,7
28017,7
28018,10
28019,14
28020,10
28021,13
28022,14
28023,19
28024,13
28025,11
28026,11
28027,10
28028,8
28029,8
28030,9
28031,12
28032,8
28033,2
28034,9
28035,7
28036,8
28037,7
28038,7
28039,9
28040,5
28041,14
28042,12
28043,13
28044,9
28045,8
28046,10
28047,15
28048,15
28049,6
28050,5
28051,3
28052,7
28053,7
28054,8
28055,6
28056,7
28057,10
28058,9
28059,5
28060,10
28061,3
28062,7
28063,6
28064,13
28065,6
28066,6
28067,14
28068,9
28069,10
28070,13
28071,7
28072,12
28073,8
28074,10
28075,6
28076,5
28077,8
28078,7
28079,3
28080,8
28081,13
28082,5
28083,4
28084,11
28085,8
28086,4
28087,12
28088,4
28089,9
28090,6
28091,9
28092,7
28093,6
28094,10
28095,11
28096,8
28097,12
28098,6
28099,11
28100,9
28101,6
28102,7
28103,8
28104,8
28105,9
28106,5
28107,6
28108,2
28109,8
28110,9
28111,7
28112,7
28113,8
28114,3
28115,7
28116,7
28117,4
28118,7
28119,10
28120,7
28121,9
28122,12
28123,11
28124,2
28125,9
28126,9
28127,15
28128,11
28129,9
28130,8
28131,10
28132,9
28133,8
28134,5
28135,6
28136,7
28137,10
28138,7
28139,6
28140,3
28141,7
28142,3
28143,3
28144,5
28145,8
28146,9
28147,14
28148,9
28149,10
28150,6
28151,6
28152,9
28153,2
28154,5
28155,7
28156,12
28157,9
28158,7
28159,8
28160,8
28161,5
28162,13
28163,11
28164,8
28165,5
28166,6
28167,7
28168,2
28169,8
28170,7
28171,11
28172,7
28173,4
28174,9
28175,3
28176,8
28177,5
28178,5
28179,6
28180,10
28181,6
28182,8
28183,11
28184,5
28185,10
28186,2
28187,6
28188,6
28189,4
28190,1
28191,6
28192,7
28193,11
28194,6
28195,9
28196,8
28197,5
28198,7
28199,6
28200,2
28201,5
28202,7
28203,3
28204,5
28205,5
28206,4
28207,5
28208,2
28209,8
28210,4
28211,5
28212,7
28213,3
28214,6
28215,8
28216,5
28217,6
28218,3
28219,5
28220,5
28221,6
28222,6
28223,3
28224,5
28225,8
28226,7
28227,5
28228,9
28229,4
28230,3
28231,6
28232,3
28233,7
28234,11
28235,6
28236,6
28237,6
28238,7
28239,7
28240,8
28241,5
28242,8
28243,5
28244,2
28245,5
28246,4
28247,8
28248,6
28249,7
28250,11
28251,9
28252,4
28253,6
28254,8
28255,9
28256,4
28257,6
28258,6
28259,6
28260,8
28261,5
28262,4
28263,2
28264,12
28265,7
28266,7
28267,9
28268,4
28269,7
28270,11
28271,6
28272,5
28273,2
28274,7
28275,10
28276,5
28277,3
28278,7
28279,6
28280,9
28281,4
28282,4
28283,10
28284,6
28285,3
28286,5
28287,5
28288,4
28289,4
28290,5
28291,4
28292,4
28293,3
28294,3
28295,6
28296,5
28297,11
28298,7
28299,5
28300,11
28301,8
28302,8
28303,7
28304,6
28305,11
28306,9
28307,4
28308,8
28309,3
28310,8
28311,6
28312,8
28313,6
28314,10
28315,5
28316,8
28317,10
28318,8
28319,7
28320,6
28321,9
28322,9
28323,10
28324,6
28325,8
28326,5
28327,9
28328,12
28329,6
28330,4
28331,13
28332,11
28333,9
28334,12
28335,7
28336,2
28337,10
28338,7
28339,6
28340,9
28341,6
28342,5
28343,4
28344,2
28345,7
28346,7
28347,7
28348,6
28349,8
28350,5
28351,5
28352,2
28353,6
28354,7
28355,8
28356,6
28357,5
28358,7
28359,11
28360,6
28361,6
28362,10
28363,7
28364,5
28365,6
28366,6
28367,8
28368,7
28369,9
28370,11
28371,8
28372,12
28373,6
28374,13
28375,14
28376,5
28377,7
28378,10
28379,10
28380,5
28381,9
28382,9
28383,11
28384,12
28385,7
28386,6
28387,9
28388,5
28389,5
28390,8
28391,6
28392,11
28393,6
28394,6
28395,2
28396,5
28397,4
28398,7
28399,4
28400,7
28401,2
28402,7
28403,8
28404,6
28405,8
28406,7
28407,7
28408,6
28409,13
28410,4
28411,8
28412,5
28413,8
28414,10
28415,6
28416,5
28417,7
28418,6
28419,6
28420,5
28421,3
28422,11
28423,9
28424,6
28425,7
28426,3
28427,5
28428,7
28429,4
28430,8
28431,5
28432,12
28433,7
28434,5
28435,7
28436,8
28437,9
28438,4
28439,7
28440,7
28441,4
28442,4
28443,8
28444,7
28445,6
28446,6
28447,10
28448,9
28449,5
28450,9
28451,7
28452,6
28453,8
28454,8
28455,7
28456,5
28457,7
28458,6
28459,6
28460,2
28461,6
28462,10
28463,9
28464,3
28465,6
28466,3
28467,5
28468,5
28469,6
28470,7
28471,4
28472,8
28473,6
28474,9
28475,4
28476,6
28477,6
28478,11
28479,10
28480,8
28481,12
28482,3
28483,10
28484,5
28485,7
28486,7
28487,7
28488,6
28489,3
28490,6
28491,3
28492,8
28493,2
28494,10
28495,10
28496,5
28497,10
28498,9
28499,3
28500,11
28501,6
28502,8
28503,8
28504,9
28505,10
28506,9
28507,8
28508,3
28509,11
28510,3
28511,7
28512,7
28513,6
28514,7
28515,10
28516,9
28517,9
28518,11
28519,8
28520,10
28521,6
28522,4
28523,7
28524,6
28525,7
28526,10
28527,6
28528,6
28529,8
28530,9
28531,7
28532,5
28533,7
28534,8
28535,6
28536,8
28537,7
28538,5
28539,6
28540,9
28541,8
28542,6
28543,7
28544,9
28545,6
28546,8
28547,8
28548,12
28549,9
28550,8
28551,9
28552,6
28553,8
28554,5
28555,6
28556,5
28557,8
28558,4
28559,8
28560,4
28561,10
28562,8
28563,7
28564,10
28565,11
28566,8
28567,8
28568,8
28569,9
28570,7
28571,12
28572,6
28573,7
28574,4
28575,10
28576,7
28577,5
28578,5
28579,14
28580,6
28581,10
28582,8
28583,11
28584,6
28585,13
28586,7
28587,12
28588,10
28589,11
28590,10
28591,9
28592,6
28593,4
28594,10
28595,4
28596,9
28597,5
28598,6
28599,5
28600,10
28601,10
28602,5
28603,10
28604,8
28605,6
28606,5
28607,13
28608,12
28609,8
28610,7
28611,11
28612,6
28613,13
28614,12
28615,9
28616,5
28617,15
28618,3
28619,11
28620,6
28621,7
28622,9
28623,11
28624,11
28625,11
28626,7
28627,10
28628,10
28629,12
28630,11
28631,14
28632,14
28633,14
28634,8
28635,12
28636,10
28637,10
28638,7
28639,9
28640,10
28641,6
28642,13
28643,12
28644,9
28645,8
28646,11
28647,11
28648,13
28649,16
28650,9
28651,13
28652,9
28653,9
28654,16
28655,12
28656,15
28657,11
28658,15
28659,10
28660,9
28661,10
28662,6
28663,9
28664,5
28665,6
28666,9
28667,9
28668,4
28669,5
28670,12
28671,7
28672,8
28673,6
28674,5
28675,6
28676,8
28677,13
28678,5
28679,8
28680,9
28681,7
28682,11
28683,7
28684,9
28685,7
28686,7
28687,10
28688,10
28689,6
28690,8
28691,12
28692,9
28693,5
28694,4
28695,6
28696,4
28697,5
28698,6
28699,5
28700,6
28701,6
28702,4
28703,12
28704,3
28705,11
28706,10
28707,7
28708,12
28709,4
28710,12
28711,6
28712,9
28713,6
28714,5
28715,5
28716,8
28717,11
28718,7
28719,10
28720,8
28721,12
28722,14
28723,5
28724,10
28725,12
28726,12
28727,9
28728,5
28729,9
28730,6
28731,13
28732,6
28733,6
28734,16
28735,6
28736,7
28737,9
28738,13
28739,7
28740,8
28741,5
28742,15
28743,6
28744,7
28745,6
28746,8
28747,5
28748,7
28749,12
28750,11
28751,6
28752,11
28753,6
28754,9
28755,9
28756,11
28757,6
28758,11
28759,6
28760,11
28761,10
28762,4
28763,8
28764,7
28765,11
28766,8
28767,7
28768,12
28769,7
28770,7
28771,7
28772,8
28773,8
28774,10
28775,11
28776,7
28777,8
28778,11
28779,11
28780,5
28781,10
28782,9
28783,11
28784,9
28785,6
28786,14
28787,13
28788,13
28789,15
28790,11
28791,14
28792,9
28793,13
28794,13
28795,14
28796,8
28797,11
28798,7
28799,9
28800,10
28801,5
28802,8
28803,11
28804,9
28805,4
28806,11
28807,4
28808,5
28809,10
28810,8
28811,8
28812,12
28813,10
28814,14
28815,15
28816,17
28817,12
28818,13
28819,13
28820,15
28821,13
28822,9
28823,12
28824,12
28825,6
28826,9
28827,10
28828,5
28829,13
28830,11
28831,11
28832,8
28833,9
28834,7
28835,8
28836,10
28837,11
28838,11
28839,8
28840,12
28841,7
28842,13
28843,6
28844,10
28845,10
28846,4
28847,12
28848,12
28849,8
28850,7
28851,16
28852,8
28853,15
28854,5
28855,12
28856,9
28857,8
28858,18
28859,10
28860,9
28861,11
28862,8
28863,6
28864,7
28865,6
28866,12
28867,4
28868,4
28869,7
28870,7
28871,3
28872,7
28873,5
28874,3
28875,3
28876,12
28877,10
28878,4
28879,16
28880,6
28881,5
28882,9
28883,14
28884,8
28885,3
28886,3
28887,4
28888,9
28889,6
28890,7
28891,8
28892,6
28893,5
28894,10
28895,10
28896,8
28897,7
28898,5
28899,6
28900,9
28901,8
28902,8
28903,5
28904,8
28905,6
28906,7
28907,8
28908,2
28909,5
28910,8
28911,3
28912,8
28913,7
28914,9
28915,8
28916,9
28917,6
28918,6
28919,9
28920,5
28921,9
28922,7
28923,7
28924,2
28925,11
28926,5
28927,8
28928,8
28929,13
28930,7
28931,7
28932,6
28933,7
28934,8
28935,7
28936,4
28937,9
28938,5
28939,10
28940,8
28941,7
28942,5
28943,6
28944,6
28945,3
28946,7
28947,5
28948,5
28949,8
28950,9
28951,6
28952,8
28953,7
28954,10
28955,9
28956,13
28957,11
28958,10
28959,6
28960,8
28961,9
28962,6
28963,10
28964,6
28965,7
28966,6
28967,9
28968,3
28969,3
28970,10
28971,5
28972,10
28973,11
28974,12
28975,10
28976,7
28977,8
28978,9
28979,10
28980,4
28981,5
28982,3
28983,10
28984,8
28985,8
28986,4
28987,8
28988,9
28989,9
28990,12
28991,14
28992,17
28993,8
28994,8
28995,8
28996,4
28997,8
28998,2
28999,8
29000,10
29001,4
29002,11
29003,17
29004,16
29005,15
29006,15
29007,14
29008,6
29009,5
29010,4
29011,15
29012,11
29013,7
29014,8
29015,12
29016,7
29017,9
29018,5
29019,10
29020,7
29021,10
29022,7
29023,7
29024,9
29025,8
29026,12
29027,6
29028,6
29029,7
29030,6
29031,9
29032,5
29033,6
29034,6
29035,5
29036,3
29037,6
29038,12
29039,8
29040,7
29041,6
29042,9
29043,2
29044,8
29045,10
29046,11
29047,9
29048,12
29049,8
29050,7
29051,6
29052,3
29053,14
29054,12
29055,5
29056,6
29057,8
29058,7
29059,8
29060,5
29061,7
29062,5
29063,10
29064,7
29065,4
29066,6
29067,16
29068,10
29069,9
29070,5
29071,10
29072,11
29073,10
29074,7
29075,8
29076,10
29077,5
29078,15
29079,6
29080,8
29081,11
29082,4
29083,9
29084,10
29085,8
29086,7
29087,6
29088,5
29089,5
29090,6
29091,6
29092,5
29093,10
29094,3
29095,12
29096,3
29097,8
29098,3
29099,8
29100,8
29101,11
29102,7
29103,7
29104,9
29105,9
29106,7
29107,9
29108,6
29109,13
29110,13
29111,9
29112,5
29113,14
29114,11
29115,11
29116,4
29117,4
29118,4
29119,9
29120,8
29121,7
29122,5
29123,8
29124,5
29125,9
29126,9
29127,11
29128,9
29129,9
29130,10
29131,13
29132,8
29133,13
29134,10
29135,8
29136,8
29137,4
29138,7
29139,8
29140,6
29141,5
29142,8
29143,4
29144,8
29145,5
29146,1
29147,9
29148,7
29149,4
29150,7
29151,3
29152,5
29153,5
29154,8
29155,8
29156,8
29157,7
29158,13
29159,8
29160,4
29161,4
29162,10
29163,6
29164,7
29165,5
29166,5
29167,5
29168,5
29169,7
29170,9
29171,7
29172,7
29173,11
29174,8
29175,10
29176,11
29177,9
29178,10
29179,6
29180,5
29181,7
29182,11
29183,11
29184,11
29185,9
29186,6
29187,6
29188,4
29189,5
29190,8
29191,9
29192,8
29193,7
29194,8
29195,5
29196,11
29197,7
29198,12
29199,6
29200,7
29201,7
29202,13
29203,11
29204,11
29205,6
29206,10
29207,9
29208,11
29209,6
29210,8
29211,8
29212,11
29213,5
29214,4
29215,4
29216,7
29217,5
29218,6
29219,3
29220,5
29221,4
29222,5
29223,5
29224,5
29225,2
29226,11
29227,3
29228,6
29229,4
29230,7
29231,10
29232,9
29233,8
29234,12
29235,13
29236,13
29237,11
29238,11
29239,14
29240,9
29241,4
29242,14
29243,9
29244,9
29245,11
29246,11
29247,9
29248,8
29249,5
29250,11
29251,5
29252,8
29253,11
29254,5
29255,7
29256,10
29257,7
29258,10
29259,5
29260,6
29261,6
29262,5
29263,7
29264,10
29265,8
29266,10
29267,13
29268,7
29269,16
29270,8
29271,8
29272,8
29273,10
29274,14
29275,9
29276,8
29277,4
29278,5
29279,11
29280,10
29281,5
29282,10
29283,8
29284,6
29285,7
29286,11
29287,6
29288,5
29289,5
29290,8
29291,8
29292,6
29293,5
29294,4
29295,6
29296,6
29297,8
29298,5
29299,10
29300,8
29301,10
29302,8
29303,8
29304,5
29305,6
29306,7
29307,7
29308,8
29309,6
29310,4
29311,12
29312,3
29313,7
29314,8
29315,5
29316,3
29317,11
29318,9
29319,5
29320,7
29321,8
29322,3
29323,7
29324,4
29325,7
29326,5
29327,10
29328,6
29329,5
29330,8
29331,7
29332,7
29333,7
29334,5
29335,5
29336,10
29337,6
29338,8
29339,4
29340,4
29341,4
29342,6
29343,9
29344,7
29345,3
29346,8
29347,6
29348,8
29349,7
29350,5
29351,6
29352,4
29353,9
29354,7
29355,6
29356,8
29357,10
29358,4
29359,9
29360,6
29361,7
29362,13
29363,10
29364,9
29365,8
29366,6
29367,8
29368,6
29369,4
29370,8
29371,7
29372,7
29373,4
29374,4
29375,8
29376,5
29377,9
29378,5
29379,6
29380,7
29381,12
29382,3
29383,6
29384,7
29385,10
29386,9
29387,8
29388,8
29389,10
29390,2
29391,8
29392,11
29393,3
29394,6
29395,9
29396,5
29397,9
29398,8
29399,5
29400,9
29401,5
29402,10
29403,10
29404,10
29405,6
29406,2
29407,4
29408,6
29409,6
29410,3
29411,11
29412,7
29413,6
29414,7
29415,5
29416,7
29417,6
29418,6
29419,4
29420,4
29421,8
29422,3
29423,9
29424,5
29425,8
29426,8
29427,12
29428,5
29429,11
29430,11
29431,9
29432,7
29433,8
29434,9
29435,8
29436,6
29437,3
29438,10
29439,5
29440,7
29441,9
29442,6
29443,8
29444,6
29445,8
29446,10
29447,11
29448,7
29449,15
29450,10
29451,6
29452,10
29453,8
29454,9
29455,6
29456,8
29457,10
29458,9
29459,8
29460,5
29461,9
29462,7
29463,7
29464,2
29465,7
29466,10
29467,12
29468,5
29469,8
29470,6
29471,9
29472,10
29473,9
29474,9
29475,13
29476,13
29477,10
29478,8
29479,13
29480,14
29481,10
29482,14
29483,1
29484,8
29485,10
29486,6
29487,9
29488,12
29489,11
29490,9
29491,9
29492,11
29493,10
29494,11
29495,13
29496,3
29497,8
29498,7
29499,10
29500,6
29501,6
29502,5
29503,4
29504,3
29505,10
29506,7
29507,9
29508,9
29509,5
29510,5
29511,6
29512,8
29513,10
29514,5
29515,7
29516,7
29517,6
29518,7
29519,11
29520,9
29521,9
29522,9
29523,7
29524,9
29525,9
29526,8
29527,10
29528,11
29529,14
29530,8
29531,7
29532,4
29533,6
29534,7
29535,5
29536,6
29537,4
29538,8
29539,13
29540,11
29541,6
29542,6
29543,6
29544,9
29545,7
29546,7
29547,8
29548,12
29549,9
29550,7
29551,7
29552,10
29553,6
29554,8
29555,8
29556,12
29557,8
29558,9
29559,4
29560,7
29561,3
29562,4
29563,2
29564,5
29565,6
29566,5
29567,3
29568,7
29569,7
29570,3
29571,10
29572,6
29573,6
29574,5
29575,10
29576,3
29577,6
29578,6
29579,6
29580,12
29581,8
29582,5
29583,2
29584,8
29585,8
29586,5
29587,8
29588,7
29589,9
29590,4
29591,7
29592,2
29593,5
29594,8
29595,5
29596,14
29597,16
29598,12
29599,13
29600,6
29601,6
29602,7
29603,14
29604,10
29605,5
29606,5
29607,13
29608,9
29609,6
29610,8
29611,5
29612,7
29613,6
29614,6
29615,10
29616,11
29617,4
29618,10
29619,12
29620,7
29621,9
29622,6
29623,4
29624,4
29625,7
29626,5
29627,8
29628,4
29629,6
29630,4
29631,8
29632,6
29633,6
29634,8
29635,4
29636,7
29637,7
29638,8
29639,6
29640,7
29641,7
29642,6
29643,10
29644,9
29645,6
29646,6
29647,5
29648,4
29649,6
29650,8
29651,6
29652,10
29653,11
29654,5
29655,9
29656,4
29657,7
29658,9
29659,4
29660,11
29661,8
29662,13
29663,8
29664,13
29665,7
29666,5
29667,8
29668,11
29669,13
29670,5
29671,7
29672,6
29673,6
29674,7
29675,4
29676,7
29677,8
29678,0
29679,6
29680,7
29681,3
29682,7
29683,7
29684,8
29685,5
29686,6
29687,6
29688,4
29689,6
29690,6
29691,5
29692,9
29693,3
29694,5
29695,5
29696,3
29697,9
29698,3
29699,4
29700,5
29701,6
29702,5
29703,6
29704,6
29705,8
29706,5
29707,5
29708,7
29709,8
29710,7
29711,9
29712,9
29713,8
29714,10
29715,10
29716,10
29717,4
29718,9
29719,10
29720,9
29721,11
29722,6
29723,11
29724,3
29725,11
29726,8
29727,12
29728,8
29729,7
29730,7
29731,8
29732,3
29733,9
29734,8
29735,8
29736,7
29737,7
29738,12
29739,8
29740,5
29741,8
29742,10
29743,6
29744,3
29745,4
29746,5
29747,4
29748,4
29749,11
29750,5
29751,6
29752,4
29753,8
29754,6
29755,5
29756,3
29757,5
29758,4
29759,6
29760,2
29761,5
29762,11
29763,5
29764,5
29765,6
29766,7
29767,4
29768,4
29769,6
29770,2
29771,9
29772,4
29773,7
29774,8
29775,6
29776,3
29777,6
29778,5
29779,9
29780,7
29781,2
29782,3
29783,8
29784,6
29785,8
29786,7
29787,8
29788,7
29789,11
29790,5
29791,6
29792,4
29793,7
29794,6
29795,10
29796,12
29797,7
29798,5
29799,5
29800,8
29801,5
29802,9
29803,4
29804,7
29805,5
29806,4
29807,10
29808,5
29809,10
29810,12
29811,6
29812,8
29813,4
29814,7
29815,4
29816,4
29817,4
29818,7
29819,6
29820,12
29821,9
29822,5
29823,5
29824,12
29825,6
29826,13
29827,11
29828,11
29829,13
29830,4
29831,13
29832,11
29833,2
29834,8
29835,5
29836,11
29837,8
29838,10
29839,5
29840,8
29841,4
29842,7
29843,4
29844,7
29845,5
29846,9
29847,3
29848,5
29849,7
29850,7
29851,2
29852,13
29853,4
29854,8
29855,12
29856,6
29857,6
29858,12
29859,6
29860,11
29861,13
29862,7
29863,8
29864,10
29865,9
29866,9
29867,9
29868,11
29869,7
29870,6
29871,3
29872,7
29873,13
29874,6
29875,7
29876,8
29877,8
29878,6
29879,13
29880,2
29881,9
29882,8
29883,8
29884,5
29885,6
29886,6
29887,6
29888,8
29889,5
29890,4
29891,7
29892,6
29893,5
29894,4
29895,6
29896,8
29897,5
29898,7
29899,10
29900,9
29901,9
29902,12
29903,5
29904,7
29905,6
29906,9
29907,10
29908,6
29909,2
29910,7
29911,4
29912,3
29913,9
29914,6
29915,2
29916,4
29917,8
29918,9
29919,6
29920,9
29921,12
29922,6
29923,7
29924,10
29925,6
29926,8
29927,8
29928,7
29929,8
29930,10
29931,8
29932,4
29933,12
29934,10
29935,10
29936,8
29937,8
29938,8
29939,8
29940,7
29941,7
29942,5
29943,7
29944,10
29945,8
29946,11
29947,7
29948,9
29949,10
29950,3
29951,9
29952,5
29953,10
29954,5
29955,9
29956,7
29957,5
29958,3
29959,7
29960,6
29961,5
29962,2
29963,5
29964,6
29965,7
29966,3
29967,10
29968,2
29969,6
29970,5
29971,7
29972,8
29973,10
29974,3
29975,10
29976,8
29977,6
29978,7
29979,3
29980,8
29981,5
29982,9
29983,8
29984,6
29985,9
29986,4
29987,7
29988,10
29989,8
29990,5
29991,7
29992,8
29993,8
29994,4
29995,5
29996,5
29997,8
29998,7
29999,6
30000,4
30001,9
30002,9
30003,8
30004,9
30005,6
30006,4
30007,6
30008,7
30009,6
30010,8
30011,11
30012,6
30013,10
30014,9
30015,5
30016,9
30017,7
30018,10
30019,9
30020,6
30021,4
30022,9
30023,14
30024,5
30025,9
30026,11
30027,10
30028,7
30029,10
30030,6
30031,9
30032,7
30033,8
30034,10
30035,7
30036,10
30037,4
30038,11
30039,1
30040,8
30041,8
30042,3
30043,8
30044,3
30045,4
30046,7
30047,4
30048,5
30049,6
30050,5
30051,8
30052,6
30053,6
30054,4
30055,10
30056,8
30057,2
30058,3
30059,3
30060,1
30061,7
30062,5
30063,5
30064,8
30065,4
30066,6
30067,11
30068,6
30069,8
30070,4
30071,6
30072,1
30073,8
30074,5
30075,8
30076,8
30077,5
30078,5
30079,2
30080,2
30081,5
30082,1
30083,7
30084,3
30085,4
30086,8
30087,6
30088,5
30089,6
30090,7
30091,3
30092,6
30093,2
30094,4
30095,3
30096,7
30097,4
30098,4
30099,3
30100,10
30101,6
30102,5
30103,6
30104,10
30105,3
30106,4
30107,8
30108,6
30109,4
30110,10
30111,4
30112,3
30113,7
30114,5
30115,8
30116,4
30117,5
30118,10
30119,4
30120,8
30121,2
30122,11
30123,4
30124,6
30125,9
30126,4
30127,4
30128,7
30129,4
30130,2
30131,6
30132,6
30133,6
30134,2
30135,2
30136,6
30137,6
30138,3
30139,9
30140,4
30141,2
30142,4
30143,2
30144,5
30145,5
30146,5
30147,4
30148,5
30149,5
30150,4
30151,5
30152,5
30153,3
30154,4
30155,7
30156,9
30157,10
30158,6
30159,8
30160,3
30161,5
30162,8
30163,4
30164,4
30165,5
30166,7
30167,10
30168,4
30169,4
30170,4
30171,3
30172,4
30173,7
30174,5
30175,3
30176,3
30177,3
30178,0
30179,6
30180,6
30181,7
30182,6
30183,8
30184,11
30185,8
30186,9
30187,9
30188,5
30189,7
30190,11
30191,8
30192,7
30193,6
30194,9
30195,9
30196,6
30197,17
30198,7
30199,15
30200,10
30201,10
30202,5
30203,6
30204,7
30205,7
30206,9
30207,7
30208,10
30209,7
30210,7
30211,8
30212,8
30213,8
30214,6
30215,10
30216,10
30217,7
30218,10
30219,6
30220,13
30221,5
30222,6
30223,6
30224,8
30225,7
30226,12
30227,13
30228,11
30229,12
30230,9
30231,13
30232,11
30233,9
30234,11
30235,5
30236,8
30237,10
30238,5
30239,12
30240,10
30241,10
30242,6
30243,10
30244,8
30245,5
30246,10
30247,7
30248,11
30249,11
30250,7
30251,8
30252,15
30253,10
30254,7
30255,9
30256,5
30257,10
30258,4
30259,9
30260,11
30261,8
30262,3
30263,11
30264,3
30265,9
30266,6
30267,10
30268,7
30269,4
30270,7
30271,7
30272,8
30273,8
30274,8
30275,12
30276,6
30277,8
30278,7
30279,10
30280,5
30281,9
30282,8
30283,4
30284,4
30285,8
30286,5
30287,6
30288,6
30289,4
30290,5
30291,3
30292,5
30293,9
30294,7
30295,2
30296,6
30297,8
30298,6
30299,6
30300,10
30301,6
30302,6
30303,12
30304,11
30305,6
30306,5
30307,11
30308,8
30309,8
30310,10
30311,4
30312,8
30313,7
30314,5
30315,6
30316,6
30317,8
30318,7
30319,7
30320,12
30321,6
30322,8
30323,8
30324,6
30325,8
30326,6
30327,6
30328,6
30329,4
30330,6
30331,5
30332,7
30333,5
30334,2
30335,8
30336,3
30337,6
30338,7
30339,5
30340,9
30341,9
30342,9
30343,8
30344,9
30345,9
30346,7
30347,5
30348,4
30349,7
30350,11
30351,7
30352,9
30353,10
30354,11
30355,14
30356,13
30357,9
30358,9
30359,9
30360,7
30361,10
30362,4
30363,7
30364,11
30365,6
30366,7
30367,8
30368,12
30369,7
30370,8
30371,4
30372,8
30373,10
30374,7
30375,15
30376,11
30377,5
30378,6
30379,5
30380,7
30381,12
30382,8
30383,11
30384,6
30385,12
30386,6
30387,11
30388,15
30389,12
30390,4
30391,6
30392,11
30393,8
30394,8
30395,5
30396,7
30397,12
30398,4
30399,5
30400,8
30401,5
30402,7
30403,10
30404,5
30405,6
30406,4
30407,3
30408,6
30409,4
30410,10
30411,2
30412,9
30413,11
30414,6
30415,8
30416,9
30417,5
30418,8
30419,5
30420,2
30421,6
30422,8
30423,9
30424,2
30425,8
30426,5
30427,6
30428,5
30429,9
30430,11
30431,7
30432,9
30433,8
30434,8
30435,5
30436,4
30437,7
30438,5
30439,9
30440,7
30441,6
30442,3
30443,10
30444,7
30445,4
30446,5
30447,4
30448,11
30449,6
30450,3
30451,4
30452,8
30453,9
30454,7
30455,10
30456,8
30457,7
30458,5
30459,11
30460,6
30461,10
30462,6
30463,4
30464,4
30465,10
30466,10
30467,5
30468,2
30469,5
30470,5
30471,3
30472,4
30473,5
30474,6
30475,7
30476,7
30477,7
30478,8
30479,5
30480,2
30481,9
30482,3
30483,7
30484,5
30485,10
30486,3
30487,3
30488,4
30489,5
30490,3
30491,5
30492,5
30493,7
30494,5
30495,5
30496,6
30497,3
30498,8
30499,8
30500,6
30501,5
30502,7
30503,8
30504,7
30505,9
30506,7
30507,8
30508,8
30509,4
30510,4
30511,5
30512,8
30513,6
30514,9
30515,7
30516,9
30517,9
30518,9
30519,9
30520,6
30521,11
30522,9
30523,9
30524,7
30525,12
30526,12
30527,14
30528,5
30529,9
30530,12
30531,3
30532,10
30533,8
30534,10
30535,10
30536,10
30537,7
30538,7
30539,4
30540,5
30541,10
30542,5
30543,10
30544,5
30545,11
30546,6
30547,9
30548,8
30549,6
30550,6
30551,8
30552,5
30553,12
30554,7
30555,7
30556,5
30557,6
30558,6
30559,5
30560,5
30561,7
30562,3
30563,4
30564,12
30565,5
30566,5
30567,6
30568,8
30569,8
30570,11
30571,16
30572,11
30573,15
30574,5
30575,7
30576,8
30577,5
30578,5
30579,4
30580,8
30581,4
30582,6
30583,2
30584,4
30585,7
30586,7
30587,9
30588,9
30589,7
30590,6
30591,5
30592,6
30593,5
30594,4
30595,7
30596,7
30597,6
30598,8
30599,4
30600,7
30601,8
30602,7
30603,6
30604,6
30605,4
30606,2
30607,2
30608,6
30609,5
30610,4
30611,4
30612,2
30613,8
30614,6
30615,6
30616,6
30617,5
30618,7
30619,7
30620,7
30621,9
30622,3
30623,8
30624,5
30625,10
30626,2
30627,8
30628,10
30629,8
30630,6
30631,5
30632,8
30633,3
30634,2
30635,7
30636,9
30637,8
30638,8
30639,8
30640,9
30641,6
30642,8
30643,12
30644,4
30645,8
30646,7
30647,12
30648,5
30649,9
30650,4
30651,10
30652,3
30653,8
30654,8
30655,9
30656,8
30657,5
30658,9
30659,6
30660,8
30661,6
30662,7
30663,12
30664,6
30665,7
30666,7
30667,6
30668,12
30669,10
30670,8
30671,5
30672,7
30673,8
30674,7
30675,9
30676,8
30677,15
30678,6
30679,10
30680,8
30681,8
30682,7
30683,12
30684,11
30685,8
30686,9
30687,7
30688,10
30689,7
30690,13
30691,7
30692,8
30693,6
30694,10
30695,9
30696,7
30697,10
30698,8
30699,6
30700,10
30701,9
30702,7
30703,9
30704,4
30705,12
30706,6
30707,5
30708,6
30709,9
30710,7
30711,9
30712,9
30713,8
30714,9
30715,14
30716,8
30717,7
30718,9
30719,10
30720,10
30721,10
30722,12
30723,9
30724,11
30725,10
30726,10
30727,13
30728,9
30729,9
30730,4
30731,11
30732,7
30733,4
30734,12
30735,5
30736,9
30737,8
30738,8
30739,5
30740,5
30741,10
30742,6
30743,11
30744,7
30745,7
30746,8
30747,4
30748,7
30749,6
30750,9
30751,2
30752,8
30753,6
30754,3
30755,8
30756,11
30757,9
30758,7
30759,9
30760,9
30761,11
30762,9
30763,9
30764,8
30765,6
30766,9
30767,8
30768,8
30769,5
30770,8
30771,9
30772,10
30773,10
30774,6
30775,6
30776,5
30777,5
30778,4
30779,1
30780,7
30781,7
30782,3
30783,9
30784,7
30785,11
30786,4
30787,9
30788,9
30789,8
30790,11
30791,7
30792,10
30793,8
30794,7
30795,8
30796,7
30797,7
30798,8
30799,9
30800,7
30801,4
30802,7
30803,8
30804,6
30805,13
30806,11
30807,10
30808,4
30809,7
30810,7
30811,5
30812,5
30813,10
30814,13
30815,10
30816,7
30817,8
30818,8
30819,8
30820,6
30821,4
30822,6
30823,4
30824,6
30825,3
30826,6
30827,5
30828,12
30829,7
30830,9
30831,8
30832,15
30833,8
30834,3
30835,7
30836,5
30837,5
30838,3
30839,0
30840,7
30841,8
30842,6
30843,6
30844,6
30845,2
30846,5
30847,4
30848,7
30849,9
30850,11
30851,6
30852,5
30853,7
30854,4
30855,5
30856,3
30857,7
30858,5
30859,3
30860,3
30861,6
30862,5
30863,4
30864,7
30865,7
30866,5
30867,4
30868,3
30869,8
30870,4
30871,6
30872,5
30873,5
30874,2
30875,7
30876,3
30877,3
30878,2
30879,4
30880,6
30881,5
30882,4
30883,5
30884,6
30885,4
30886,3
30887,4
30888,4
30889,6
30890,6
30891,4
30892,7
30893,5
30894,8
30895,4
30896,5
30897,6
30898,5
30899,7
30900,9
30901,10
30902,4
30903,5
30904,9
30905,9
30906,8
30907,4
30908,8
30909,10
30910,8
30911,9
30912,4
30913,4
30914,6
30915,4
30916,5
30917,9
30918,4
30919,8
30920,8
30921,6
30922,9
30923,13
30924,4
30925,8
30926,7
30927,8
30928,8
30929,8
30930,9
30931,12
30932,7
30933,9
30934,10
30935,6
30936,9
30937,6
30938,10
30939,10
30940,7
30941,11
30942,10
30943,9
30944,6
30945,12
30946,10
30947,9
30948,12
30949,7
30950,8
30951,12
30952,3
30953,10
30954,10
30955,8
30956,10
30957,5
30958,12
30959,11
30960,11
30961,10
30962,6
30963,6
30964,7
30965,10
30966,7
30967,10
30968,7
30969,7
30970,8
30971,10
30972,8
30973,12
30974,5
30975,7
30976,6
30977,8
30978,8
30979,6
30980,5
30981,4
30982,9
30983,6
30984,5
30985,11
30986,4
30987,9
30988,9
30989,12
30990,11
30991,14
30992,10
30993,7
30994,7
30995,12
30996,9
30997,8
30998,11
30999,8
31000,6
31001,7
31002,10
31003,9
31004,7
31005,8
31006,4
31007,9
31008,10
31009,6
31010,11
31011,9
31012,10
31013,7
31014,8
31015,11
31016,10
31017,8
31018,8
31019,5
31020,8
31021,4
31022,5
31023,10
31024,7
31025,7
31026,10
31027,11
31028,7
31029,8
31030,14
31031,10
31032,6
31033,11
31034,5
31035,11
31036,8
31037,14
31038,11
31039,9
31040,10
31041,8
31042,7
31043,8
31044,11
31045,5
31046,10
31047,7
31048,7
31049,5
31050,7
31051,5
31052,12
31053,1
31054,7
31055,9
31056,2
31057,5
31058,8
31059,10
31060,7
31061,3
31062,7
31063,12
31064,7
31065,8
31066,7
31067,6
31068,8
31069,5
31070,9
31071,7
31072,3
31073,5
31074,6
31075,10
31076,11
31077,7
31078,6
31079,7
31080,7
31081,8
31082,9
31083,7
31084,7
31085,8
31086,11
31087,15
31088,5
31089,12
31090,9
31091,5
31092,7
31093,11
31094,8
31095,3
31096,6
31097,4
31098,10
31099,9
31100,6
31101,9
31102,5
31103,19
31104,8
31105,14
31106,4
31107,8
31108,9
31109,6
31110,8
31111,8
31112,12
31113,11
31114,9
31115,14
31116,11
31117,8
31118,7
31119,7
31120,8
31121,7
31122,8
31123,7
31124,10
31125,11
31126,6
31127,8
31128,6
31129,13
31130,5
31131,8
31132,6
31133,7
31134,4
31135,3
31136,9
31137,7
31138,10
31139,8
31140,5
31141,8
31142,10
31143,7
31144,6
31145,8
31146,2
31147,6
31148,7
31149,8
31150,5
31151,9
31152,7
31153,3
31154,3
31155,4
31156,6
31157,5
31158,6
31159,10
31160,4
31161,5
31162,10
31163,5
31164,6
31165,3
31166,9
31167,5
31168,8
31169,10
31170,9
31171,14
31172,5
31173,8
31174,7
31175,6
31176,8
31177,9
31178,9
31179,4
31180,5
31181,7
31182,4
31183,7
31184,6
31185,5
31186,2
31187,7
31188,9
31189,18
31190,9
31191,13
31192,13
31193,8
31194,9
31195,5
31196,9
31197,10
31198,11
31199,9
31200,6
31201,8
31202,8
31203,8
31204,8
31205,9
31206,8
31207,3
31208,9
31209,2
31210,10
31211,5
31212,6
31213,7
31214,5
31215,12
31216,12
31217,11
31218,8
31219,10
31220,9
31221,8
31222,4
31223,9
31224,5
31225,6
31226,9
31227,5
31228,7
31229,9
31230,8
31231,7
31232,7
31233,7
31234,3
31235,9
31236,7
31237,10
31238,6
31239,15
31240,12
31241,9
31242,13
31243,6
31244,19
31245,18
31246,12
31247,14
31248,10
31249,7
31250,8
31251,11
31252,7
31253,6
31254,6
31255,6
31256,8
31257,3
31258,5
31259,8
31260,9
31261,4
31262,5
31263,3
31264,6
31265,10
31266,10
31267,8
31268,6
31269,8
31270,11
31271,7
31272,7
31273,8
31274,8
31275,9
31276,6
31277,13
31278,11
31279,10
31280,17
31281,14
31282,6
31283,8
31284,4
31285,8
31286,12
31287,8
31288,6
31289,7
31290,7
31291,8
31292,17
31293,6
31294,7
31295,6
31296,6
31297,3
31298,6
31299,8
31300,5
31301,4
31302,9
31303,9
31304,9
31305,9
31306,8
31307,3
31308,8
31309,4
31310,8
31311,5
31312,10
31313,14
31314,10
31315,11
31316,12
31317,9
31318,16
31319,10
31320,12
31321,11
31322,6
31323,5
31324,8
31325,6
31326,4
31327,8
31328,4
31329,9
31330,3
31331,7
31332,6
31333,6
31334,4
31335,10
31336,4
31337,8
31338,6
31339,4
31340,6
31341,3
31342,5
31343,4
31344,4
31345,12
31346,8
31347,3
31348,7
31349,4
31350,7
31351,7
31352,7
31353,9
31354,9
31355,5
31356,7
31357,13
31358,11
31359,9
31360,9
31361,7
31362,6
31363,10
31364,13
31365,9
31366,11
31367,9
31368,11
31369,11
31370,10
31371,6
31372,12
31373,5
31374,10
31375,7
31376,10
31377,5
31378,9
31379,7
31380,8
31381,8
31382,9
31383,9
31384,10
31385,9
31386,13
31387,9
31388,4
31389,11
31390,9
31391,8
31392,11
31393,8
31394,5
31395,8
31396,12
31397,12
31398,8
31399,5
31400,10
31401,11
31402,7
31403,4
31404,7
31405,13
31406,4
31407,13
31408,10
31409,6
31410,9
31411,9
31412,9
31413,7
31414,6
31415,10
31416,6
31417,15
31418,11
31419,7
31420,13
31421,11
31422,7
31423,11
31424,8
31425,7
31426,4
31427,10
31428,9
31429,11
31430,10
31431,9
31432,9
31433,8
31434,8
31435,9
31436,8
31437,6
31438,7
31439,6
31440,3
31441,4
31442,6
31443,14
31444,8
31445,5
31446,7
31447,5
31448,9
31449,7
31450,5
31451,4
31452,5
31453,8
31454,12
31455,5
31456,8
31457,9
31458,6
31459,8
31460,8
31461,4
31462,10
31463,6
31464,4
31465,8
31466,2
31467,9
31468,3
31469,5
31470,8
31471,8
31472,3
31473,4
31474,5
31475,6
31476,4
31477,6
31478,4
31479,7
31480,9
31481,9
31482,8
31483,7
31484,6
31485,4
31486,4
31487,5
31488,5
31489,8
31490,5
31491,6
31492,3
31493,7
31494,9
31495,8
31496,11
31497,7
31498,5
31499,4
31500,7
31501,3
31502,7
31503,7
31504,3
31505,5
31506,9
31507,7
31508,5
31509,8
31510,5
31511,6
31512,6
31513,3
31514,4
31515,4
31516,8
31517,9
31518,5
31519,1
31520,6
31521,7
31522,4
31523,6
31524,4
31525,4
31526,5
31527,3
31528,5
31529,6
31530,7
31531,7
31532,2
31533,4
31534,2
31535,5
31536,8
31537,4
31538,11
31539,9
31540,7
31541,3
31542,5
31543,7
31544,6
31545,6
31546,4
31547,7
31548,6
31549,8
31550,8
31551,7
31552,7
31553,9
31554,7
31555,5
31556,6
31557,9
31558,6
31559,4
31560,8
31561,8
31562,7
31563,3
31564,9
31565,7
31566,9
31567,8
31568,5
31569,7
31570,5
31571,3
31572,3
31573,5
31574,7
31575,3
31576,3
31577,3
31578,9
31579,10
31580,6
31581,7
31582,11
31583,7
31584,9
31585,8
31586,5
31587,8
31588,4
31589,6
31590,7
31591,4
31592,5
31593,10
31594,8
31595,7
31596,3
31597,9
31598,3
31599,9
31600,12
31601,10
31602,12
31603,10
31604,7
31605,7
31606,14
31607,10
31608,8
31609,14
31610,9
31611,7
31612,8
31613,5
31614,6
31615,12
31616,6
31617,7
31618,7
31619,4
31620,8
31621,7
31622,7
31623,5
31624,9
31625,3
31626,7
31627,7
31628,9
31629,11
31630,11
31631,7
31632,8
31633,8
31634,5
31635,7
31636,10
31637,5
31638,12
31639,9
31640,10
31641,11
31642,13
31643,6
31644,12
31645,9
31646,4
31647,7
31648,9
31649,10
31650,12
31651,6
31652,4
31653,8
31654,10
31655,6
31656,7
31657,6
31658,14
31659,13
31660,8
31661,8
31662,7
31663,16
31664,14
31665,7
31666,11
31667,6
31668,7
31669,8
31670,8
31671,8
31672,9
31673,2
31674,8
31675,7
31676,5
31677,12
31678,12
31679,13
31680,5
31681,12
31682,6
31683,8
31684,10
31685,7
31686,6
31687,10
31688,6
31689,4
31690,5
31691,6
31692,4
31693,6
31694,3
31695,3
31696,6
31697,3
31698,7
31699,8
31700,4
31701,6
31702,8
31703,7
31704,4
31705,5
31706,10
31707,9
31708,9
31709,8
31710,11
31711,7
31712,10
31713,6
31714,10
31715,11
31716,8
31717,15
31718,8
31719,9
31720,6
31721,10
31722,7
31723,12
31724,11
31725,9
31726,10
31727,5
31728,8
31729,8
31730,6
31731,9
31732,10
31733,6
31734,7
31735,12
31736,7
31737,13
31738,3
31739,12
31740,9
31741,7
31742,4
31743,6
31744,10
31745,10
31746,12
31747,8
31748,6
31749,5
31750,9
31751,8
31752,8
31753,4
31754,11
31755,5
31756,9
31757,8
31758,9
31759,4
31760,8
31761,8
31762,7
31763,6
31764,4
31765,5
31766,6
31767,9
31768,8
31769,10
31770,4
31771,9
31772,3
31773,3
31774,11
31775,6
31776,7
31777,9
31778,4
31779,8
31780,5
31781,6
31782,5
31783,6
31784,4
31785,9
31786,7
31787,5
31788,6
31789,6
31790,5
31791,1
31792,7
31793,3
31794,6
31795,4
31796,6
31797,3
31798,7
31799,4
31800,11
31801,7
31802,10
31803,6
31804,7
31805,6
31806,4
31807,7
31808,7
31809,6
31810,8
31811,6
31812,3
31813,6
31814,15
31815,4
31816,9
31817,7
31818,8
31819,8
31820,9
31821,11
31822,7
31823,7
31824,11
31825,7
31826,10
31827,7
31828,12
31829,6
31830,11
31831,2
31832,10
31833,9
31834,9
31835,5
31836,9
31837,13
31838,12
31839,6
31840,6
31841,5
31842,11
31843,9
31844,7
31845,7
31846,4
31847,12
31848,7
31849,7
31850,5
31851,7
31852,14
31853,8
31854,7
31855,8
31856,7
31857,8
31858,6
31859,8
31860,5
31861,9
31862,10
31863,6
31864,6
31865,13
31866,6
31867,7
31868,7
31869,7
31870,9
31871,3
31872,10
31873,5
31874,7
31875,4
31876,4
31877,10
31878,6
31879,8
31880,2
31881,7
31882,7
31883,3
31884,6
31885,5
31886,8
31887,4
31888,5
31889,3
31890,7
31891,6
31892,3
31893,9
31894,7
31895,10
31896,5
31897,9
31898,6
31899,5
31900,12
31901,7
31902,6
31903,6
31904,7
31905,2
31906,6
31907,8
31908,7
31909,7
31910,7
31911,9
31912,7
31913,11
31914,6
31915,5
31916,10
31917,5
31918,10
31919,7
31920,10
31921,3
31922,8
31923,8
31924,13
31925,5
31926,7
31927,7
31928,14
31929,6
31930,8
31931,6
31932,11
31933,9
31934,11
31935,8
31936,8
31937,6
31938,9
31939,8
31940,6
31941,6
31942,6
31943,6
31944,4
31945,6
31946,10
31947,8
31948,12
31949,9
31950,7
31951,10
31952,15
31953,10
31954,9
31955,13
31956,15
31957,7
31958,8
31959,4
31960,8
31961,10
31962,12
31963,14
31964,10
31965,7
31966,7
31967,14
31968,10
31969,14
31970,14
31971,8
31972,7
31973,7
31974,10
31975,8
31976,9
31977,5
31978,6
31979,7
31980,6
31981,8
31982,7
31983,8
31984,8
31985,10
31986,7
31987,5
31988,8
31989,4
31990,10
31991,7
31992,7
31993,4
31994,6
31995,7
31996,4
31997,12
31998,3
31999,11
32000,5
32001,5
32002,5
32003,9
32004,9
32005,7
32006,8
32007,8
32008,8
32009,6
32010,8
32011,2
32012,6
32013,5
32014,6
32015,4
32016,6
32017,3
32018,8
32019,9
32020,5
32021,4
32022,6
32023,6
32024,7
32025,9
32026,7
32027,4
32028,7
32029,5
32030,9
32031,7
32032,5
32033,5
32034,6
32035,6
32036,7
32037,7
32038,7
32039,10
32040,6
32041,7
32042,6
32043,8
32044,5
32045,5
32046,6
32047,7
32048,4
32049,5
32050,7
32051,5
32052,6
32053,7
32054,10
32055,4
32056,11
32057,10
32058,5
32059,3
32060,7
32061,6
32062,5
32063,10
32064,8
32065,5
32066,8
32067,6
32068,9
32069,10
32070,11
32071,8
32072,7
32073,9
32074,5
32075,9
32076,8
32077,11
32078,4
32079,6
32080,4
32081,5
32082,8
32083,5
32084,7
32085,9
32086,12
32087,14
32088,6
32089,4
32090,10
32091,9
32092,7
32093,10
32094,9
32095,8
32096,7
32097,14
32098,7
32099,4
32100,5
32101,11
32102,11
32103,7
32104,6
32105,9
32106,7
32107,6
32108,10
32109,13
32110,5
32111,6
32112,7
32113,8
32114,6
32115,6
32116,5
32117,11
32118,3
32119,14
32120,5
32121,9
32122,4
32123,6
32124,5
32125,4
32126,5
32127,5
32128,3
32129,6
32130,7
32131,5
32132,6
32133,9
32134,6
32135,8
32136,7
32137,5
32138,6
32139,2
32140,9
32141,3
32142,3
32143,4
32144,3
32145,3
32146,7
32147,4
32148,6
32149,5
32150,9
32151,9
32152,9
32153,18
32154,7
32155,11
32156,8
32157,5
32158,15
32159,7
32160,11
32161,9
32162,3
32163,16
32164,6
32165,5
32166,5
32167,13
32168,8
32169,9
32170,5
32171,7
32172,8
32173,5
32174,6
32175,15
32176,5
32177,8
32178,10
32179,10
32180,8
32181,9
32182,12
32183,3
32184,6
32185,9
32186,11
32187,10
32188,7
32189,7
32190,7
32191,6
32192,5
32193,8
32194,7
32195,6
32196,6
32197,7
32198,8
32199,8
32200,5
32201,7
32202,11
32203,6
32204,10
32205,7
32206,6
32207,8
32208,7
32209,4
32210,6
32211,4
32212,12
32213,8
32214,12
32215,6
32216,6
32217,5
32218,5
32219,8
32220,3
32221,8
32222,9
32223,4
32224,10
32225,6
32226,9
32227,6
32228,10
32229,10
32230,7
32231,6
32232,6
32233,4
32234,7
32235,7
32236,8
32237,3
32238,7
32239,10
32240,7
32241,8
32242,7
32243,4
32244,5
32245,8
32246,7
32247,3
32248,6
32249,7
32250,8
32251,4
32252,6
32253,6
32254,8
32255,10
32256,3
32257,8
32258,9
32259,7
32260,7
32261,11
32262,8
32263,5
32264,12
32265,8
32266,7
32267,5
32268,5
32269,9
32270,1
32271,5
32272,5
32273,8
32274,3
32275,3
32276,3
32277,4
32278,6
32279,5
32280,6
32281,7
32282,8
32283,11
32284,7
32285,9
32286,8
32287,4
32288,3
32289,10
32290,11
32291,8
32292,8
32293,13
32294,3
32295,11
32296,8
32297,9
32298,8
32299,5
32300,7
32301,4
32302,6
32303,10
32304,10
32305,8
32306,2
32307,8
32308,6
32309,6
32310,6
32311,8
32312,9
32313,4
32314,8
32315,7
32316,7
32317,6
32318,4
32319,3
32320,6
32321,5
32322,4
32323,7
32324,5
32325,8
32326,4
32327,8
32328,9
32329,6
32330,4
32331,5
32332,8
32333,10
32334,6
32335,5
32336,9
32337,3
32338,8
32339,5
32340,7
32341,5
32342,10
32343,5
32344,5
32345,8
32346,7
32347,10
32348,10
32349,6
32350,8
32351,4
32352,9
32353,5
32354,18
32355,3
32356,7
32357,9
32358,14
32359,12
32360,10
32361,11
32362,9
32363,13
32364,7
32365,8
32366,5
32367,6
32368,6
32369,3
32370,3
32371,4
32372,5
32373,7
32374,11
32375,9
32376,5
32377,9
32378,8
32379,5
32380,7
32381,10
32382,8
32383,9
32384,3
32385,8
32386,7
32387,3
32388,3
32389,5
32390,6
32391,7
32392,5
32393,2
32394,5
32395,8
32396,5
32397,7
32398,7
32399,8
32400,9
32401,4
32402,6
32403,10
32404,7
32405,12
32406,5
32407,11
32408,8
32409,3
32410,9
32411,5
32412,7
32413,9
32414,6
32415,5
32416,6
32417,6
32418,6
32419,6
32420,5
32421,2
32422,6
32423,8
32424,10
32425,4
32426,10
32427,3
32428,8
32429,6
32430,8
32431,8
32432,6
32433,7
32434,6
32435,7
32436,10
32437,6
32438,6
32439,8
32440,9
32441,5
32442,5
32443,7
32444,9
32445,10
32446,7
32447,12
32448,5
32449,8
32450,6
32451,9
32452,8
32453,6
32454,7
32455,12
32456,8
32457,8
32458,9
32459,7
32460,7
32461,9
32462,10
32463,14
32464,10
32465,10
32466,9
32467,7
32468,7
32469,8
32470,17
32471,14
32472,5
32473,9
32474,9
32475,6
32476,6
32477,7
32478,9
32479,5
32480,8
32481,12
32482,12
32483,10
32484,8
32485,5
32486,8
32487,9
32488,7
32489,5
32490,8
32491,5
32492,5
32493,9
32494,5
32495,7
32496,7
32497,5
32498,5
32499,5
32500,5
32501,2
32502,7
32503,10
32504,3
32505,7
32506,5
32507,2
32508,5
32509,6
32510,5
32511,2
32512,8
32513,7
32514,5
32515,8
32516,5
32517,6
32518,11
32519,6
32520,5
32521,5
32522,5
32523,4
32524,10
32525,5
32526,7
32527,7
32528,2
32529,7
32530,8
32531,7
32532,7
32533,5
32534,4
32535,9
32536,11
32537,9
32538,5
32539,7
32540,6
32541,11
32542,9
32543,9
32544,8
32545,4
32546,9
32547,6
32548,9
32549,9
32550,6
32551,8
32552,7
32553,7
32554,12
32555,5
32556,13
32557,8
32558,11
32559,7
32560,9
32561,9
32562,6
32563,6
32564,7
32565,10
32566,5
32567,11
32568,6
32569,8
32570,11
32571,5
32572,5
32573,9
32574,7
32575,13
32576,5
32577,5
32578,11
32579,8
32580,13
32581,11
32582,6
32583,13
32584,8
32585,6
32586,4
32587,4
32588,12
32589,5
32590,8
32591,9
32592,8
32593,12
32594,5
32595,10
32596,13
32597,10
32598,12
32599,6
32600,6
32601,11
32602,6
32603,6
32604,5
32605,8
32606,5
32607,2
32608,7
32609,11
32610,4
32611,6
32612,4
32613,6
32614,7
32615,5
32616,5
32617,7
32618,5
32619,8
32620,4
32621,9
32622,13
32623,9
32624,11
32625,16
32626,16
32627,11
32628,8
32629,10
32630,12
32631,9
32632,9
32633,9
32634,9
32635,5
32636,5
32637,7
32638,12
32639,6
32640,6
32641,11
32642,10
32643,10
32644,6
32645,7
32646,11
32647,8
32648,7
32649,2
32650,12
32651,8
32652,7
32653,6
32654,8
32655,7
32656,8
32657,8
32658,5
32659,10
32660,8
32661,10
32662,8
32663,6
32664,5
32665,6
32666,5
32667,11
32668,7
32669,7
32670,9
32671,8
32672,5
32673,6
32674,5
32675,5
32676,7
32677,3
32678,7
32679,8
32680,7
32681,7
32682,4
32683,6
32684,3
32685,10
32686,10
32687,9
32688,5
32689,9
32690,10
32691,6
32692,8
32693,9
32694,5
32695,9
32696,11
32697,7
32698,4
32699,8
32700,6
32701,8
32702,6
32703,7
32704,2
32705,4
32706,6
32707,7
32708,10
32709,9
32710,12
32711,5
32712,12
32713,10
32714,11
32715,11
32716,3
32717,3
32718,9
32719,10
32720,8
32721,10
32722,7
32723,6
32724,5
32725,7
32726,1
32727,6
32728,9
32729,8
32730,7
32731,5
32732,12
32733,6
32734,9
32735,5
32736,6
32737,7
32738,3
32739,9
32740,4
32741,11
32742,6
32743,4
32744,5
32745,12
32746,4
32747,5
32748,5
32749,4
32750,9
32751,11
32752,11
32753,8
32754,8
32755,11
32756,11
32757,9
32758,13
32759,8
32760,11
32761,9
32762,7
32763,5
32764,16
32765,8
32766,10
32767,10
32768,6
32769,5
32770,10
32771,3
32772,10
32773,13
32774,5
32775,10
32776,9
32777,6
32778,5
32779,8
32780,13
32781,7
32782,9
32783,10
32784,6
32785,9
32786,4
32787,7
32788,6
32789,5
32790,8
32791,10
32792,7
32793,9
32794,12
32795,6
32796,7
32797,8
32798,10
32799,4
32800,6
32801,12
32802,9
32803,10
32804,11
32805,5
32806,13
32807,5
32808,4
32809,8
32810,6
32811,5
32812,5
32813,9
32814,3
32815,4
32816,12
32817,7
32818,7
32819,8
32820,14
32821,5
32822,12
32823,13
32824,10
32825,9
32826,6
32827,5
32828,10
32829,6
32830,6
32831,6
32832,6
32833,7
32834,9
32835,6
32836,9
32837,8
32838,4
32839,10
32840,10
32841,10
32842,13
32843,7
32844,9
32845,10
32846,10
32847,8
32848,12
32849,5
32850,5
32851,12
32852,6
32853,10
32854,12
32855,5
32856,10
32857,9
32858,6
32859,8
32860,6
32861,6
32862,9
32863,3
32864,4
32865,10
32866,9
32867,2
32868,9
32869,8
32870,6
32871,7
32872,4
32873,7
32874,6
32875,7
32876,3
32877,7
32878,5
32879,5
32880,6
32881,5
32882,12
32883,6
32884,7
32885,8
32886,6
32887,6
32888,6
32889,7
32890,7
32891,6
32892,4
32893,6
32894,5
32895,5
32896,8
32897,8
32898,3
32899,6
32900,8
32901,7
32902,7
32903,7
32904,5
32905,6
32906,7
32907,7
32908,7
32909,6
32910,6
32911,9
32912,3
32913,8
32914,5
32915,5
32916,1
32917,8
32918,4
32919,4
32920,4
32921,5
32922,4
32923,7
32924,3
32925,11
32926,6
32927,6
32928,8
32929,7
32930,8
32931,5
32932,6
32933,7
32934,6
32935,6
32936,5
32937,13
32938,6
32939,4
32940,3
32941,7
32942,8
32943,9
32944,9
32945,6
32946,6
32947,9
32948,3
32949,6
32950,7
32951,7
32952,7
32953,2
32954,6
32955,7
32956,6
32957,5
32958,6
32959,6
32960,6
32961,3
32962,6
32963,6
32964,6
32965,8
32966,4
32967,14
32968,3
32969,9
32970,7
32971,7
32972,3
32973,8
32974,12
32975,4
32976,2
32977,7
32978,7
32979,5
32980,11
32981,8
32982,8
32983,9
32984,8
32985,6
32986,4
32987,8
32988,6
32989,10
32990,4
32991,8
32992,3
32993,4
32994,7
32995,5
32996,7
32997,6
32998,8
32999,7
33000,8
33001,8
33002,7
33003,6
33004,7
33005,14
33006,9
33007,6
33008,7
33009,13
33010,14
33011,9
33012,11
33013,12
33014,7
33015,9
33016,3
33017,8
33018,9
33019,8
33020,10
33021,11
33022,6
33023,8
33024,10
33025,6
33026,2
33027,10
33028,4
33029,6
33030,4
33031,2
33032,3
33033,2
33034,3
33035,4
33036,9
33037,15
33038,9
33039,8
33040,4
33041,5
33042,3
33043,5
33044,9
33045,12
33046,5
33047,4
33048,10
33049,8
33050,5
33051,3
33052,4
33053,8
33054,11
33055,5
33056,4
33057,6
33058,7
33059,3
33060,1
33061,3
33062,5
33063,5
33064,12
33065,10
33066,8
33067,9
33068,5
33069,7
33070,2
33071,4
33072,3
33073,3
33074,6
33075,1
33076,4
33077,3
33078,4
33079,3
33080,4
33081,4
33082,5
33083,3
33084,3
33085,10
33086,4
33087,2
33088,6
33089,2
33090,8
33091,8
33092,3
33093,7
33094,4
33095,6
33096,5
33097,7
33098,4
33099,9
33100,6
33101,2
33102,7
33103,6
33104,3
33105,5
33106,8
33107,2
33108,5
33109,6
33110,8
33111,1
33112,5
33113,3
33114,3
33115,6
33116,5
33117,5
33118,10
33119,3
33120,5
33121,4
33122,7
33123,6
33124,7
33125,6
33126,7
33127,5
33128,8
33129,5
33130,8
33131,3
33132,8
33133,6
33134,3
33135,5
33136,7
33137,3
33138,5
33139,4
33140,7
33141,6
33142,12
33143,4
33144,7
33145,4
33146,5
33147,3
33148,7
33149,6
33150,5
33151,0
33152,4
33153,6
33154,5
33155,3
33156,4
33157,2
33158,4
33159,4
33160,8
33161,7
33162,5
33163,9
33164,4
33165,8
33166,6
33167,7
33168,7
33169,5
33170,11
33171,4
33172,5
33173,6
33174,6
33175,7
33176,7
33177,2
33178,3
33179,6
33180,5
33181,8
33182,5
33183,6
33184,6
33185,2
33186,2
33187,9
33188,2
33189,5
33190,9
33191,3
33192,6
33193,1
33194,4
33195,5
33196,6
33197,3
33198,6
33199,5
33200,7
33201,6
33202,6
33203,5
33204,9
33205,4
33206,6
33207,5
33208,9
33209,5
33210,9
33211,6
33212,10
33213,5
33214,6
33215,8
33216,11
33217,3
33218,13
33219,7
33220,4
33221,10
33222,10
33223,3
33224,13
33225,6
33226,12
33227,9
33228,3
33229,10
33230,5
33231,2
33232,14
33233,6
33234,5
33235,8
33236,5
33237,11
33238,10
33239,5
33240,10
33241,9
33242,9
33243,9
33244,9
33245,9
33246,8
33247,6
33248,10
33249,6
33250,6
33251,7
33252,3
33253,7
33254,2
33255,8
33256,2
33257,8
33258,6
33259,5
33260,4
33261,7
33262,10
33263,8
33264,2
33265,10
33266,7
33267,7
33268,6
33269,6
33270,9
33271,5
33272,7
33273,11
33274,7
33275,4
33276,6
33277,5
33278,9
33279,11
33280,7
33281,4
33282,4
33283,7
33284,2
33285,6
33286,5
33287,4
33288,4
33289,2
33290,9
33291,4
33292,7
33293,10
33294,6
33295,8
33296,7
33297,8
33298,4
33299,8
33300,4
33301,3
33302,10
33303,7
33304,8
33305,2
33306,4
33307,4
33308,5
33309,7
33310,6
33311,7
33312,7
33313,7
33314,6
33315,5
33316,5
33317,5
33318,6
33319,5
33320,15
33321,7
33322,8
33323,9
33324,14
33325,8
33326,10
33327,8
33328,5
33329,12
33330,11
33331,3
33332,3
33333,10
33334,8
33335,7
33336,5
33337,5
33338,5
33339,8
33340,7
33341,10
33342,13
33343,8
33344,6
33345,12
33346,14
33347,11
33348,13
33349,14
33350,5
33351,6
33352,2
33353,6
33354,11
33355,9
33356,8
33357,6
33358,9
33359,10
33360,4
33361,8
33362,4
33363,15
33364,3
33365,4
33366,6
33367,3
33368,5
33369,8
33370,3
33371,7
33372,6
33373,3
33374,5
33375,5
33376,6
33377,4
33378,3
33379,6
33380,7
33381,7
33382,4
33383,6
33384,2
33385,6
33386,3
33387,3
33388,7
33389,4
33390,6
33391,5
33392,6
33393,4
33394,10
33395,6
33396,9
33397,6
33398,7
33399,9
33400,7
33401,6
33402,9
33403,5
33404,6
33405,8
33406,9
33407,5
33408,5
33409,4
33410,4
33411,7
33412,8
33413,8
33414,5
33415,6
33416,8
33417,5
33418,10
33419,14
33420,9
33421,9
33422,5
33423,3
33424,5
33425,6
33426,5
33427,2
33428,6
33429,5
33430,5
33431,8
33432,5
33433,6
33434,10
33435,5
33436,7
33437,3
33438,8
33439,8
33440,3
33441,8
33442,4
33443,7
33444,5
33445,6
33446,5
33447,7
33448,5
33449,6
33450,5
33451,5
33452,8
33453,6
33454,7
33455,5
33456,6
33457,7
33458,4
33459,9
33460,9
33461,11
33462,5
33463,6
33464,7
33465,3
33466,6
33467,9
33468,7
33469,6
33470,6
33471,10
33472,6
33473,9
33474,6
33475,9
33476,7
33477,6
33478,3
33479,2
33480,9
33481,3
33482,7
33483,7
33484,3
33485,6
33486,3
33487,8
33488,3
33489,7
33490,7
33491,4
33492,2
33493,7
33494,2
33495,6
33496,6
33497,11
33498,9
33499,6
33500,8
33501,12
33502,8
33503,5
33504,5
33505,7
33506,8
33507,5
33508,3
33509,3
33510,6
33511,14
33512,5
33513,8
33514,4
33515,7
33516,4
33517,5
33518,3
33519,8
33520,3
33521,7
33522,6
33523,5
33524,11
33525,7
33526,4
33527,7
33528,6
33529,6
33530,6
33531,7
33532,6
33533,4
33534,3
33535,10
33536,6
33537,3
33538,5
33539,6
33540,6
33541,5
33542,4
33543,5
33544,5
33545,3
33546,6
33547,3
33548,7
33549,6
33550,6
33551,5
33552,5
33553,6
33554,6
33555,7
33556,3
33557,7
33558,5
33559,5
33560,10
33561,5
33562,4
33563,5
33564,8
33565,7
33566,8
33567,4
33568,7
33569,8
33570,9
33571,2
33572,8
33573,4
33574,3
33575,5
33576,4
33577,6
33578,8
33579,7
33580,9
33581,3
33582,8
33583,7
33584,9
33585,8
33586,6
33587,9
33588,4
33589,2
33590,10
33591,6
33592,3
33593,9
33594,8
33595,7
33596,9
33597,6
33598,8
33599,8
33600,11
33601,9
33602,11
33603,8
33604,6
33605,8
33606,7
33607,5
33608,6
33609,5
33610,5
33611,6
33612,4
33613,6
33614,10
33615,10
33616,13
33617,11
33618,14
33619,14
33620,8
33621,11
33622,8
33623,6
33624,11
33625,7
33626,9
33627,8
33628,12
33629,8
33630,8
33631,5
33632,8
33633,7
33634,8
33635,9
33636,7
33637,5
33638,6
33639,6
33640,6
33641,7
33642,7
33643,9
33644,10
33645,5
33646,7
33647,6
33648,7
33649,6
33650,3
33651,11
33652,7
33653,9
33654,9
33655,8
33656,13
33657,6
33658,7
33659,11
33660,9
33661,8
33662,10
33663,7
33664,8
33665,7
33666,11
33667,9
33668,6
33669,6
33670,9
33671,7
33672,7
33673,9
33674,5
33675,5
33676,9
33677,9
33678,7
33679,7
33680,5
33681,7
33682,8
33683,8
33684,9
33685,8
33686,9
33687,9
33688,6
33689,8
33690,6
33691,14
33692,9
33693,9
33694,8
33695,7
33696,9
33697,12
33698,6
33699,4
33700,11
33701,4
33702,6
33703,12
33704,9
33705,7
33706,6
33707,4
33708,5
33709,5
33710,8
33711,4
33712,6
33713,7
33714,4
33715,7
33716,7
33717,5
33718,9
33719,8
33720,15
33721,5
33722,5
33723,10
33724,11
33725,5
33726,8
33727,6
33728,6
33729,6
33730,11
33731,9
33732,9
33733,12
33734,16
33735,14
33736,7
33737,8
33738,9
33739,4
33740,6
33741,6
33742,6
33743,4
33744,5
33745,6
33746,3
33747,11
33748,8
33749,4
33750,10
33751,9
33752,7
33753,6
33754,7
33755,9
33756,11
33757,6
33758,10
33759,11
33760,8
33761,14
33762,8
33763,8
33764,7
33765,10
33766,3
33767,8
33768,6
33769,10
33770,8
33771,5
33772,5
33773,8
33774,5
33775,7
33776,6
33777,5
33778,8
33779,6
33780,9
33781,6
33782,5
33783,9
33784,7
33785,6
33786,12
33787,8
33788,4
33789,3
33790,5
33791,5
33792,9
33793,8
33794,10
33795,5
33796,11
33797,8
33798,8
33799,9
33800,9
33801,4
33802,12
33803,5
33804,6
33805,7
33806,3
33807,6
33808,9
33809,5
33810,7
33811,7
33812,5
33813,3
33814,5
33815,4
33816,3
33817,5
33818,7
33819,11
33820,7
33821,6
33822,10
33823,9
33824,4
33825,9
33826,4
33827,9
33828,10
33829,5
33830,6
33831,5
33832,5
33833,4
33834,5
33835,7
33836,5
33837,10
33838,4
33839,7
33840,8
33841,5
33842,6
33843,10
33844,9
33845,2
33846,4
33847,6
33848,6
33849,4
33850,8
33851,9
33852,15
33853,9
33854,5
33855,9
33856,6
33857,6
33858,5
33859,8
33860,10
33861,4
33862,5
33863,10
33864,7
33865,8
33866,7
33867,8
33868,9
33869,5
33870,7
33871,5
33872,9
33873,6
33874,6
33875,6
33876,9
33877,8
33878,7
33879,9
33880,6
33881,3
33882,2
33883,6
33884,6
33885,7
33886,8
33887,7
33888,6
33889,3
33890,8
33891,8
33892,11
33893,6
33894,10
33895,5
33896,7
33897,10
33898,10
33899,10
33900,7
33901,5
33902,8
33903,10
33904,7
33905,8
33906,8
33907,8
33908,11
33909,8
33910,6
33911,12
33912,10
33913,15
33914,13
33915,12
33916,11
33917,6
33918,10
33919,12
33920,12
33921,9
33922,7
33923,7
33924,4
33925,10
33926,6
33927,6
33928,11
33929,8
33930,6
33931,5
33932,10
33933,10
33934,14
33935,7
33936,7
33937,5
33938,2
33939,5
33940,7
33941,5
33942,7
33943,8
33944,9
33945,3
33946,9
33947,7
33948,11
33949,14
33950,7
33951,11
33952,6
33953,7
33954,4
33955,12
33956,10
33957,10
33958,9
33959,8
33960,6
33961,5
33962,12
33963,12
33964,10
33965,4
33966,3
33967,10
33968,5
33969,4
33970,6
33971,5
33972,3
33973,3
33974,5
33975,7
33976,4
33977,2
33978,6
33979,8
33980,5
33981,8
33982,6
33983,4
33984,2
33985,5
33986,3
33987,11
33988,3
33989,7
33990,4
33991,2
33992,6
33993,4
33994,8
33995,4
33996,3
33997,4
33998,3
33999,10
34000,5
34001,3
34002,6
34003,2
34004,3
34005,4
34006,5
34007,5
34008,3
34009,3
34010,11
34011,4
34012,12
34013,5
34014,5
34015,8
34016,5
34017,7
34018,12
34019,11
34020,10
34021,7
34022,8
34023,5
34024,12
34025,3
34026,5
34027,4
34028,7
34029,3
34030,11
34031,3
34032,5
34033,7
34034,12
34035,6
34036,6
34037,4
34038,7
34039,6
34040,10
34041,5
34042,7
34043,3
34044,8
34045,7
34046,11
34047,6
34048,11
34049,6
34050,9
34051,10
34052,8
34053,7
34054,11
34055,2
34056,12
34057,6
34058,8
34059,12
34060,11
34061,10
34062,12
34063,7
34064,8
34065,14
34066,6
34067,5
34068,5
34069,9
34070,11
34071,11
34072,7
34073,9
34074,5
34075,6
34076,10
34077,9
34078,7
34079,10
34080,9
34081,6
34082,6
34083,3
34084,9
34085,10
34086,8
34087,5
34088,8
34089,5
34090,4
34091,3
34092,10
34093,5
34094,4
34095,7
34096,6
34097,7
34098,10
34099,10
34100,7
34101,3
34102,4
34103,11
34104,5
34105,9
34106,5
34107,5
34108,3
34109,3
34110,8
34111,2
34112,9
34113,6
34114,7
34115,8
34116,3
34117,5
34118,5
34119,5
34120,10
34121,4
34122,5
34123,5
34124,3
34125,8
34126,8
34127,4
34128,4
34129,7
34130,2
34131,4
34132,4
34133,7
34134,3
34135,3
34136,4
34137,3
34138,9
34139,6
34140,5
34141,3
34142,6
34143,5
34144,11
34145,4
34146,8
34147,5
34148,4
34149,11
34150,12
34151,11
34152,3
34153,13
34154,7
34155,3
34156,8
34157,7
34158,5
34159,3
34160,6
34161,4
34162,3
34163,8
34164,5
34165,4
34166,11
34167,9
34168,9
34169,9
34170,6
34171,8
34172,8
34173,8
34174,9
34175,6
34176,6
34177,6
34178,4
34179,7
34180,7
34181,5
34182,4
34183,9
34184,5
34185,4
34186,4
34187,3
34188,4
34189,6
34190,4
34191,4
34192,3
34193,4
34194,1
34195,3
34196,2
34197,5
34198,1
34199,1
34200,4
34201,7
34202,6
34203,3
34204,2
34205,4
34206,3
34207,6
34208,5
34209,7
34210,5
34211,4
34212,2
34213,7
34214,7
34215,3
34216,6
34217,5
34218,4
34219,5
34220,0
34221,4
34222,4
34223,5
34224,3
34225,2
34226,6
34227,3
34228,3
34229,2
34230,3
34231,3
34232,2
34233,3
34234,5
34235,5
34236,3
34237,4
34238,7
34239,5
34240,5
34241,4
34242,8
34243,2
34244,7
34245,4
34246,6
34247,7
34248,6
34249,6
34250,3
34251,3
34252,5
34253,2
34254,8
34255,8
34256,6
34257,6
34258,5
34259,5
34260,9
34261,6
34262,3
34263,2
34264,4
34265,5
34266,3
34267,4
34268,7
34269,4
34270,3
34271,5
34272,5
34273,5
34274,1
34275,4
34276,5
34277,4
34278,4
34279,5
34280,5
34281,3
34282,3
34283,3
34284,4
34285,7
34286,3
34287,5
34288,4
34289,2
34290,4
34291,3
34292,3
34293,3
34294,6
34295,1
34296,8
34297,5
34298,2
34299,3
34300,2
34301,3
34302,4
34303,9
34304,6
34305,8
34306,5
34307,8
34308,3
34309,6
34310,4
34311,6
34312,6
34313,2
34314,8
34315,5
34316,3
34317,2
34318,3
34319,1
34320,2
34321,7
34322,5
34323,4
34324,4
34325,4
34326,8
34327,4
34328,6
34329,4
34330,0
34331,6
34332,3
34333,9
34334,3
34335,2
34336,6
34337,4
34338,5
34339,5
34340,7
34341,5
34342,5
34343,4
34344,5
34345,8
34346,8
34347,3
34348,6
34349,4
34350,2
34351,3
34352,1
34353,4
34354,10
34355,3
34356,6
34357,4
34358,3
34359,3
34360,3
34361,6
34362,1
34363,3
34364,6
34365,2
34366,1
34367,3
34368,4
34369,1
34370,3
34371,4
34372,6
34373,5
34374,5
34375,3
34376,3
34377,6
34378,6
34379,1
34380,3
34381,3
34382,8
34383,3
34384,3
34385,3
34386,5
34387,5
34388,4
34389,2
34390,5
34391,8
34392,4
34393,4
34394,4
34395,2
34396,6
34397,4
34398,1
34399,4
34400,3
34401,1
34402,6
34403,6
34404,5
34405,1
34406,4
34407,4
34408,5
34409,2
34410,11
34411,3
34412,3
34413,2
34414,7
34415,4
34416,7
34417,3
34418,5
34419,2
34420,5
34421,3
34422,3
34423,4
34424,4
34425,1
34426,6
34427,6
34428,4
34429,2
34430,3
34431,4
34432,6
34433,7
34434,7
34435,5
34436,7
34437,6
34438,6
34439,7
34440,6
34441,15
34442,4
34443,11
34444,5
34445,9
34446,1
34447,8
34448,7
34449,5
34450,6
34451,6
34452,6
34453,10
34454,8
34455,8
34456,5
34457,6
34458,2
34459,10
34460,2
34461,4
34462,9
34463,3
34464,7
34465,6
34466,6
34467,7
34468,8
34469,6
34470,3
34471,8
34472,5
34473,3
34474,8
34475,5
34476,6
34477,7
34478,6
34479,9
34480,4
34481,8
34482,6
34483,4
34484,3
34485,6
34486,5
34487,3
34488,4
34489,7
34490,6
34491,4
34492,4
34493,7
34494,3
34495,8
34496,7
34497,6
34498,5
34499,7
34500,8
34501,9
34502,10
34503,4
34504,10
34505,4
34506,5
34507,10
34508,6
34509,1
34510,5
34511,5
34512,8
34513,5
34514,4
34515,3
34516,5
34517,6
34518,3
34519,6
34520,6
34521,7
34522,6
34523,3
34524,7
34525,4
34526,6
34527,6
34528,5
34529,6
34530,3
34531,3
34532,6
34533,5
34534,8
34535,3
34536,6
34537,6
34538,6
34539,2
34540,4
34541,3
34542,6
34543,8
34544,7
34545,4
34546,7
34547,6
34548,8
34549,7
34550,7
34551,5
34552,5
34553,8
34554,9
34555,7
34556,16
34557,11
34558,12
34559,10
34560,12
34561,8
34562,9
34563,8
34564,3
34565,4
34566,6
34567,10
34568,5
34569,5
34570,6
34571,7
34572,7
34573,2
34574,7
34575,4
34576,7
34577,4
34578,2
34579,4
34580,9
34581,5
34582,11
34583,9
34584,7
34585,8
34586,4
34587,9
34588,4
34589,2
34590,5
34591,3
34592,2
34593,7
34594,10
34595,7
34596,9
34597,6
34598,6
34599,5
34600,5
34601,2
34602,9
34603,7
34604,7
34605,8
34606,10
34607,10
34608,12
34609,8
34610,9
34611,8
34612,12
34613,17
34614,7
34615,3
34616,7
34617,6
34618,6
34619,3
34620,9
34621,7
34622,5
34623,8
34624,7
34625,6
34626,8
34627,6
34628,4
34629,7
34630,4
34631,15
34632,11
34633,5
34634,10
34635,8
34636,6
34637,13
34638,5
34639,6
34640,10
34641,5
34642,10
34643,11
34644,5
34645,5
34646,10
34647,7
34648,13
34649,6
34650,8
34651,8
34652,11
34653,7
34654,10
34655,9
34656,14
34657,10
34658,14
34659,9
34660,7
34661,12
34662,11
34663,14
34664,10
34665,7
34666,9
34667,9
34668,6
34669,12
34670,7
34671,5
34672,7
34673,9
34674,7
34675,5
34676,3
34677,7
34678,4
34679,7
34680,5
34681,10
34682,5
34683,3
34684,10
34685,4
34686,5
34687,3
34688,6
34689,4
34690,5
34691,4
34692,7
34693,7
34694,5
34695,5
34696,7
34697,7
34698,4
34699,6
34700,8
34701,4
34702,5
34703,6
34704,8
34705,9
34706,2
34707,6
34708,10
34709,13
34710,11
34711,7
34712,5
34713,10
34714,5
34715,10
34716,9
34717,8
34718,4
34719,9
34720,6
34721,7
34722,4
34723,1
34724,10
34725,8
34726,12
34727,7
34728,10
34729,5
34730,5
34731,7
34732,12
34733,9
34734,5
34735,7
34736,7
34737,7
34738,8
34739,4
34740,8
34741,9
34742,6
34743,11
34744,9
34745,8
34746,8
34747,4
34748,6
34749,12
34750,6
34751,5
34752,4
34753,12
34754,4
34755,14
34756,9
34757,5
34758,10
34759,10
34760,10
34761,6
34762,5
34763,9
34764,13
34765,6
34766,11
34767,8
34768,10
34769,9
34770,7
34771,12
34772,11
34773,10
34774,14
34775,11
34776,14
34777,8
34778,11
34779,6
34780,9
34781,8
34782,13
34783,7
34784,13
34785,9
34786,11
34787,15
34788,7
34789,11
34790,12
34791,9
34792,11
34793,13
34794,10
34795,7
34796,10
34797,9
34798,10
34799,11
34800,11
34801,6
34802,8
34803,6
34804,11
34805,11
34806,9
34807,11
34808,10
34809,11
34810,4
34811,9
34812,6
34813,14
34814,8
34815,6
34816,10
34817,5
34818,4
34819,6
34820,8
34821,8
34822,5
34823,8
34824,4
34825,4
34826,6
34827,4
34828,5
34829,4
34830,6
34831,2
34832,7
34833,3
34834,7
34835,1
34836,6
34837,4
34838,5
34839,3
34840,7
34841,8
34842,10
34843,8
34844,6
34845,8
34846,7
34847,2
34848,8
34849,1
34850,7
34851,1
34852,6
34853,9
34854,16
34855,11
34856,13
34857,6
34858,6
34859,5
34860,6
34861,4
34862,6
34863,2
34864,2
34865,4
34866,5
34867,8
34868,4
34869,4
34870,6
34871,2
34872,5
34873,4
34874,5
34875,2
34876,4
34877,2
34878,6
34879,1
34880,6
34881,5
34882,8
34883,4
34884,6
34885,7
34886,6
34887,4
34888,6
34889,3
34890,10
34891,8
34892,7
34893,6
34894,9
34895,11
34896,11
34897,8
34898,5
34899,5
34900,9
34901,5
34902,3
34903,4
34904,7
34905,4
34906,2
34907,3
34908,5
34909,6
34910,5
34911,4
34912,6
34913,5
34914,6
34915,5
34916,9
34917,6
34918,9
34919,7
34920,3
34921,13
34922,7
34923,7
34924,9
34925,5
34926,4
34927,6
34928,6
34929,6
34930,5
34931,6
34932,9
34933,4
34934,3
34935,4
34936,4
34937,7
34938,2
34939,5
34940,6
34941,8
34942,8
34943,3
34944,6
34945,9
34946,4
34947,8
34948,9
34949,11
34950,7
34951,10
34952,6
34953,7
34954,9
34955,7
34956,9
34957,10
34958,6
34959,9
34960,11
34961,10
34962,12
34963,7
34964,10
34965,11
34966,9
34967,8
34968,8
34969,13
34970,16
34971,9
34972,8
34973,8
34974,7
34975,8
34976,5
34977,2
34978,9
34979,12
34980,7
34981,5
34982,5
34983,12
34984,4
34985,7
34986,9
34987,9
34988,12
34989,6
34990,5
34991,5
34992,5
34993,9
34994,7
34995,3
34996,8
34997,14
34998,11
34999,5
35000,11
35001,8
35002,11
35003,14
35004,6
35005,5
35006,6
35007,12
35008,13
35009,7
35010,11
35011,4
35012,5
35013,6
35014,9
35015,10
35016,14
35017,11
35018,7
35019,11
35020,6
35021,9
35022,13
35023,8
35024,8
35025,8
35026,11
35027,11
35028,3
35029,4
35030,8
35031,5
35032,9
35033,5
35034,5
35035,6
35036,5
35037,11
35038,8
35039,8
35040,7
35041,8
35042,16
35043,9
35044,8
35045,7
35046,9
35047,7
35048,4
35049,11
35050,8
35051,6
35052,7
35053,7
35054,9
35055,11
35056,10
35057,7
35058,7
35059,8
35060,12
35061,7
35062,7
35063,4
35064,7
35065,7
35066,5
35067,13
35068,10
35069,7
35070,5
35071,5
35072,8
35073,6
35074,6
35075,6
35076,5
35077,12
35078,6
35079,5
35080,9
35081,5
35082,8
35083,5
35084,12
35085,15
35086,12
35087,8
35088,8
35089,9
35090,10
35091,8
35092,9
35093,8
35094,9
35095,8
35096,9
35097,18
35098,8
35099,7
35100,4
35101,6
35102,8
35103,7
35104,7
35105,8
35106,14
35107,6
35108,6
35109,7
35110,6
35111,7
35112,8
35113,6
35114,7
35115,12
35116,8
35117,15
35118,5
35119,9
35120,5
35121,15
35122,10
35123,8
35124,8
35125,8
35126,8
35127,12
35128,7
35129,2
35130,13
35131,10
35132,3
35133,11
35134,6
35135,9
35136,12
35137,7
35138,8
35139,9
35140,9
35141,12
35142,12
35143,14
35144,6
35145,13
35146,6
35147,18
35148,10
35149,8
35150,11
35151,6
35152,12
35153,12
35154,10
35155,11
35156,15
35157,8
35158,10
35159,9
35160,2
35161,10
35162,6
35163,5
35164,4
35165,5
35166,5
35167,6
35168,9
35169,5
35170,8
35171,5
35172,7
35173,4
35174,5
35175,5
35176,6
35177,3
35178,6
35179,8
35180,7
35181,5
35182,11
35183,8
35184,6
35185,5
35186,8
35187,7
35188,6
35189,8
35190,9
35191,7
35192,4
35193,7
35194,6
35195,5
35196,7
35197,3
35198,10
35199,8
35200,7
35201,8
35202,10
35203,7
35204,5
35205,12
35206,8
35207,8
35208,10
35209,9
35210,8
35211,11
35212,11
35213,4
35214,6
35215,6
35216,4
35217,9
35218,8
35219,2
35220,7
35221,8
35222,6
35223,10
35224,5
35225,11
35226,9
35227,8
35228,10
35229,5
35230,15
35231,7
35232,11
35233,6
35234,9
35235,7
35236,7
35237,9
35238,4
35239,8
35240,7
35241,9
35242,6
35243,8
35244,5
35245,4
35246,11
35247,9
35248,4
35249,7
35250,10
35251,5
35252,3
35253,9
35254,9
35255,9
35256,4
35257,4
35258,8
35259,3
35260,7
35261,6
35262,10
35263,7
35264,3
35265,5
35266,4
35267,10
35268,13
35269,2
35270,8
35271,6
35272,8
35273,3
35274,6
35275,8
35276,4
35277,6
35278,8
35279,10
35280,11
35281,11
35282,11
35283,7
35284,9
35285,7
35286,7
35287,7
35288,7
35289,9
35290,8
35291,8
35292,6
35293,5
35294,7
35295,8
35296,5
35297,7
35298,4
35299,11
35300,4
35301,7
35302,7
35303,4
35304,7
35305,6
35306,4
35307,7
35308,6
35309,5
35310,3
35311,9
35312,5
35313,4
35314,0
35315,5
35316,3
35317,5
35318,1
35319,5
35320,6
35321,5
35322,2
35323,8
35324,5
35325,1
35326,5
35327,5
35328,4
35329,8
35330,8
35331,5
35332,7
35333,4
35334,5
35335,9
35336,2
35337,8
35338,3
35339,9
35340,7
35341,7
35342,4
35343,6
35344,5
35345,3
35346,7
35347,4
35348,8
35349,8
35350,7
35351,6
35352,1
35353,5
35354,5
35355,8
35356,7
35357,6
35358,4
35359,8
35360,6
35361,5
35362,5
35363,8
35364,9
35365,6
35366,6
35367,9
35368,7
35369,6
35370,8
35371,5
35372,4
35373,10
35374,5
35375,5
35376,5
35377,5
35378,7
35379,5
35380,3
35381,8
35382,5
35383,7
35384,10
35385,5
35386,7
35387,3
35388,7
35389,5
35390,6
35391,9
35392,3
35393,11
35394,7
35395,8
35396,11
35397,6
35398,6
35399,5
35400,9
35401,8
35402,10
35403,4
35404,8
35405,2
35406,8
35407,5
35408,8
35409,6
35410,7
35411,6
35412,8
35413,4
35414,8
35415,8
35416,1
35417,4
35418,6
35419,5
35420,5
35421,8
35422,8
35423,6
35424,8
35425,9
35426,5
35427,6
35428,4
35429,6
35430,6
35431,6
35432,4
35433,6
35434,8
35435,6
35436,9
35437,4
35438,1
35439,4
35440,2
35441,5
35442,3
35443,5
35444,3
35445,5
35446,6
35447,5
35448,9
35449,3
35450,3
35451,4
35452,2
35453,7
35454,6
35455,7
35456,5
35457,4
35458,7
35459,4
35460,4
35461,4
35462,7
35463,7
35464,7
35465,7
35466,6
35467,6
35468,5
35469,3
35470,11
35471,4
35472,4
35473,6
35474,6
35475,7
35476,8
35477,5
35478,9
35479,9
35480,7
35481,5
35482,10
35483,6
35484,12
35485,2
35486,4
35487,10
35488,4
35489,5
35490,5
35491,3
35492,6
35493,4
35494,2
35495,4
35496,7
35497,4
35498,2
35499,8
35500,7
35501,8
35502,12
35503,6
35504,6
35505,7
35506,6
35507,9
35508,5
35509,5
35510,7
35511,12
35512,6
35513,9
35514,7
35515,5
35516,6
35517,4
35518,6
35519,7
35520,11
35521,11
35522,6
35523,6
35524,10
35525,5
35526,8
35527,6
35528,2
35529,9
35530,13
35531,8
35532,10
35533,7
35534,8
35535,6
35536,5
35537,7
35538,4
35539,3
35540,5
35541,6
35542,7
35543,8
35544,4
35545,3
35546,4
35547,6
35548,5
35549,5
35550,10
35551,3
35552,9
35553,6
35554,7
35555,8
35556,8
35557,6
35558,7
35559,4
35560,5
35561,8
35562,2
35563,4
35564,10
35565,3
35566,1
35567,6
35568,4
35569,4
35570,6
35571,0
35572,9
35573,8
35574,7
35575,9
35576,5
35577,3
35578,9
35579,6
35580,7
35581,4
35582,9
35583,5
35584,9
35585,9
35586,11
35587,11
35588,11
35589,6
35590,6
35591,6
35592,6
35593,11
35594,7
35595,8
35596,5
35597,11
35598,2
35599,12
35600,5
35601,11
35602,5
35603,5
35604,13
35605,5
35606,3
35607,9
35608,8
35609,10
35610,12
35611,6
35612,13
35613,8
35614,5
35615,10
35616,8
35617,7
35618,10
35619,4
35620,11
35621,8
35622,6
35623,6
35624,5
35625,7
35626,4
35627,4
35628,4
35629,7
35630,11
35631,9
35632,9
35633,4
35634,4
35635,10
35636,12
35637,12
35638,2
35639,18
35640,8
35641,7
35642,10
35643,6
35644,13
35645,8
35646,5
35647,8
35648,12
35649,20
35650,12
35651,16
35652,13
35653,12
35654,16
35655,13
35656,12
35657,8
35658,9
35659,13
35660,3
35661,10
35662,10
35663,11
35664,10
35665,11
35666,9
35667,9
35668,7
35669,7
35670,7
35671,10
35672,5
35673,7
35674,5
35675,8
35676,2
35677,6
35678,12
35679,4
35680,7
35681,3
35682,6
35683,3
35684,6
35685,6
35686,6
35687,10
35688,10
35689,6
35690,7
35691,6
35692,6
35693,6
35694,8
35695,9
35696,7
35697,8
35698,5
35699,6
35700,9
35701,6
35702,8
35703,10
35704,7
35705,7
35706,9
35707,13
35708,7
35709,9
35710,6
35711,14
35712,7
35713,8
35714,4
35715,9
35716,2
35717,2
35718,12
35719,7
35720,5
35721,3
35722,9
35723,7
35724,9
35725,6
35726,6
35727,9
35728,5
35729,7
35730,6
35731,6
35732,8
35733,7
35734,5
35735,4
35736,9
35737,7
35738,5
35739,6
35740,4
35741,4
35742,5
35743,8
35744,10
35745,3
35746,7
35747,11
35748,2
35749,6
35750,5
35751,10
35752,4
35753,6
35754,10
35755,6
35756,10
35757,5
35758,15
35759,6
35760,9
35761,9
35762,13
35763,9
35764,6
35765,5
35766,6
35767,6
35768,7
35769,12
35770,4
35771,8
35772,4
35773,10
35774,4
35775,6
35776,8
35777,5
35778,11
35779,9
35780,9
35781,3
35782,7
35783,10
35784,8
35785,8
35786,7
35787,6
35788,6
35789,5
35790,9
35791,5
35792,6
35793,5
35794,5
35795,4
35796,7
35797,8
35798,6
35799,8
35800,12
35801,8
35802,10
35803,6
35804,7
35805,10
35806,10
35807,6
35808,8
35809,6
35810,5
35811,4
35812,5
35813,5
35814,10
35815,4
35816,7
35817,5
35818,5
35819,8
35820,8
35821,7
35822,6
35823,10
35824,7
35825,4
35826,8
35827,7
35828,5
35829,9
35830,9
35831,6
35832,4
35833,8
35834,2
35835,6
35836,5
35837,9
35838,2
35839,11
35840,4
35841,8
35842,4
35843,5
35844,5
35845,5
35846,6
35847,5
35848,4
35849,4
35850,5
35851,10
35852,6
35853,6
35854,6
35855,6
35856,3
35857,4
35858,8
35859,5
35860,5
35861,3
35862,4
35863,6
35864,7
35865,10
35866,10
35867,4
35868,2
35869,3
35870,6
35871,7
35872,8
35873,7
35874,12
35875,7
35876,4
35877,8
35878,7
35879,8
35880,6
35881,9
35882,8
35883,8
35884,11
35885,5
35886,9
35887,9
35888,8
35889,3
35890,7
35891,4
35892,7
35893,7
35894,8
35895,5
35896,3
35897,11
35898,5
35899,8
35900,6
35901,10
35902,6
35903,7
35904,9
35905,8
35906,6
35907,9
35908,11
35909,5
35910,8
35911,5
35912,8
35913,3
35914,5
35915,11
35916,5
35917,4
35918,6
35919,8
35920,6
35921,9
35922,5
35923,7
35924,5
35925,2
35926,2
35927,5
35928,6
35929,6
35930,5
35931,3
35932,6
35933,8
35934,6
35935,6
35936,5
35937,6
35938,11
35939,7
35940,5
35941,9
35942,5
35943,7
35944,2
35945,5
35946,3
35947,4
35948,3
35949,4
35950,5
35951,7
35952,9
35953,4
35954,6
35955,3
35956,6
35957,9
35958,6
35959,4
35960,6
35961,7
35962,5
35963,1
35964,6
35965,6
35966,5
35967,5
35968,6
35969,7
35970,6
35971,7
35972,4
35973,2
35974,3
35975,6
35976,6
35977,7
35978,7
35979,4
35980,9
35981,3
35982,7
35983,12
35984,9
35985,8
35986,6
35987,3
35988,5
35989,7
35990,5
35991,2
35992,7
35993,5
35994,12
35995,3
35996,5
35997,5
35998,10
35999,8
36000,12
36001,8
36002,5
36003,5
36004,2
36005,7
36006,6
36007,5
36008,4
36009,4
36010,9
36011,11
36012,8
36013,3
36014,6
36015,7
36016,6
36017,5
36018,6
36019,6
36020,3
36021,10
36022,7
36023,9
36024,3
36025,4
36026,9
36027,8
36028,7
36029,5
36030,4
36031,2
36032,5
36033,6
36034,9
36035,9
36036,5
36037,6
36038,7
36039,9
36040,10
36041,9
36042,6
36043,7
36044,7
36045,8
36046,4
36047,10
36048,13
36049,9
36050,10
36051,3
36052,8
36053,8
36054,6
36055,5
36056,6
36057,5
36058,6
36059,6
36060,6
36061,6
36062,4
36063,6
36064,5
36065,10
36066,2
36067,3
36068,3
36069,6
36070,7
36071,7
36072,8
36073,5
36074,6
36075,9
36076,6
36077,11
36078,6
36079,7
36080,2
36081,7
36082,5
36083,11
36084,7
36085,10
36086,4
36087,13
36088,8
36089,8
36090,10
36091,5
36092,5
36093,6
36094,12
36095,9
36096,8
36097,11
36098,7
36099,10
36100,11
36101,8
36102,5
36103,6
36104,3
36105,5
36106,6
36107,8
36108,6
36109,5
36110,10
36111,6
36112,5
36113,10
36114,8
36115,8
36116,8
36117,1
36118,3
36119,3
36120,5
36121,3
36122,9
36123,6
36124,8
36125,4
36126,6
36127,9
36128,6
36129,3
36130,7
36131,4
36132,7
36133,4
36134,7
36135,8
36136,7
36137,6
36138,6
36139,2
36140,8
36141,5
36142,4
36143,7
36144,7
36145,7
36146,7
36147,5
36148,12
36149,6
36150,5
36151,3
36152,8
36153,5
36154,6
36155,6
36156,7
36157,11
36158,8
36159,9
36160,9
36161,7
36162,7
36163,4
36164,6
36165,13
36166,7
36167,10
36168,6
36169,12
36170,10
36171,6
36172,3
36173,7
36174,7
36175,8
36176,10
36177,6
36178,8
36179,8
36180,7
36181,10
36182,11
36183,12
36184,11
36185,7
36186,7
36187,7
36188,14
36189,6
36190,8
36191,6
36192,10
36193,5
36194,5
36195,8
36196,5
36197,4
36198,6
36199,12
36200,2
36201,6
36202,10
36203,8
36204,4
36205,9
36206,8
36207,7
36208,9
36209,6
36210,11
36211,4
36212,10
36213,4
36214,9
36215,9
36216,11
36217,9
36218,7
36219,10
36220,6
36221,9
36222,10
36223,12
36224,8
36225,12
36226,11
36227,10
36228,11
36229,4
36230,7
36231,10
36232,15
36233,9
36234,14
36235,14
36236,13
36237,9
36238,13
36239,8
36240,5
36241,14
36242,11
36243,13
36244,10
36245,8
36246,10
36247,11
36248,10
36249,7
36250,11
36251,9
36252,7
36253,9
36254,13
36255,6
36256,5
36257,4
36258,8
36259,6
36260,10
36261,8
36262,6
36263,10
36264,6
36265,11
36266,5
36267,7
36268,7
36269,9
36270,7
36271,3
36272,10
36273,8
36274,10
36275,6
36276,10
36277,11
36278,8
36279,7
36280,9
36281,8
36282,6
36283,12
36284,9
36285,10
36286,9
36287,7
36288,8
36289,10
36290,8
36291,5
36292,11
36293,9
36294,9
36295,8
36296,6
36297,8
36298,4
36299,6
36300,6
36301,10
36302,8
36303,6
36304,14
36305,13
36306,9
36307,12
36308,5
36309,6
36310,10
36311,7
36312,9
36313,7
36314,8
36315,6
36316,15
36317,5
36318,5
36319,6
36320,9
36321,12
36322,6
36323,9
36324,4
36325,9
36326,12
36327,4
36328,9
36329,7
36330,5
36331,6
36332,2
36333,5
36334,10
36335,3
36336,5
36337,5
36338,4
36339,10
36340,8
36341,4
36342,4
36343,4
36344,8
36345,7
36346,7
36347,6
36348,7
36349,6
36350,4
36351,5
36352,6
36353,7
36354,5
36355,3
36356,3
36357,7
36358,3
36359,7
36360,8
36361,5
36362,5
36363,8
36364,9
36365,6
36366,8
36367,6
36368,6
36369,9
36370,6
36371,5
36372,13
36373,4
36374,5
36375,3
36376,2
36377,4
36378,7
36379,6
36380,3
36381,5
36382,3
36383,6
36384,3
36385,11
36386,5
36387,5
36388,3
36389,7
36390,7
36391,4
36392,5
36393,6
36394,7
36395,7
36396,5
36397,6
36398,5
36399,5
36400,9
36401,4
36402,7
36403,2
36404,6
36405,3
36406,4
36407,6
36408,4
36409,6
36410,8
36411,7
36412,4
36413,5
36414,5
36415,6
36416,6
36417,10
36418,9
36419,7
36420,7
36421,6
36422,10
36423,11
36424,7
36425,8
36426,8
36427,12
36428,14
36429,5
36430,11
36431,6
36432,8
36433,9
36434,8
36435,3
36436,6
36437,12
36438,3
36439,5
36440,5
36441,10
36442,2
36443,7
36444,5
36445,2
36446,9
36447,5
36448,7
36449,3
36450,8
36451,5
36452,7
36453,7
36454,6
36455,8
36456,7
36457,7
36458,2
36459,4
36460,7
36461,5
36462,11
36463,3
36464,7
36465,1
36466,6
36467,4
36468,3
36469,2
36470,3
36471,8
36472,5
36473,2
36474,4
36475,5
36476,8
36477,5
36478,4
36479,2
36480,4
36481,6
36482,5
36483,8
36484,6
36485,6
36486,6
36487,5
36488,10
36489,7
36490,12
36491,6
36492,7
36493,8
36494,4
36495,4
36496,6
36497,9
36498,7
36499,10
36500,11
36501,6
36502,7
36503,11
36504,6
36505,11
36506,7
36507,5
36508,10
36509,7
36510,4
36511,6
36512,9
36513,6
36514,7
36515,7
36516,11
36517,6
36518,6
36519,9
36520,9
36521,5
36522,7
36523,6
36524,4
36525,3
36526,11
36527,4
36528,9
36529,5
36530,11
36531,9
36532,4
36533,11
36534,8
36535,2
36536,4
36537,13
36538,7
36539,11
36540,6
36541,5
36542,7
36543,8
36544,6
36545,8
36546,6
36547,7
36548,9
36549,11
36550,13
36551,10
36552,3
36553,9
36554,6
36555,6
36556,7
36557,6
36558,6
36559,4
36560,7
36561,4
36562,10
36563,7
36564,7
36565,6
36566,6
36567,5
36568,7
36569,7
36570,4
36571,9
36572,2
36573,5
36574,6
36575,7
36576,5
36577,6
36578,10
36579,9
36580,5
36581,6
36582,5
36583,1
36584,6
36585,10
36586,3
36587,11
36588,3
36589,6
36590,12
36591,7
36592,7
36593,5
36594,5
36595,6
36596,6
36597,4
36598,9
36599,9
36600,4
36601,13
36602,6
36603,5
36604,9
36605,12
36606,11
36607,8
36608,10
36609,8
36610,7
36611,9
36612,10
36613,7
36614,8
36615,9
36616,9
36617,10
36618,5
36619,5
36620,8
36621,5
36622,9
36623,4
36624,2
36625,3
36626,6
36627,3
36628,6
36629,8
36630,9
36631,2
36632,7
36633,2
36634,2
36635,7
36636,5
36637,2
36638,3
36639,7
36640,2
36641,4
36642,6
36643,11
36644,4
36645,9
36646,6
36647,5
36648,5
36649,7
36650,10
36651,8
36652,7
36653,7
36654,7
36655,4
36656,5
36657,6
36658,7
36659,12
36660,4
36661,6
36662,8
36663,4
36664,12
36665,8
36666,13
36667,6
36668,7
36669,5
36670,4
36671,5
36672,7
36673,8
36674,12
36675,4
36676,7
36677,3
36678,4
36679,3
36680,5
36681,5
36682,5
36683,8
36684,6
36685,6
36686,6
36687,4
36688,5
36689,2
36690,8
36691,3
36692,7
36693,5
36694,5
36695,6
36696,1
36697,4
36698,11
36699,9
36700,6
36701,7
36702,9
36703,4
36704,5
36705,8
36706,5
36707,5
36708,6
36709,3
36710,4
36711,7
36712,5
36713,8
36714,10
36715,9
36716,9
36717,13
36718,8
36719,9
36720,10
36721,10
36722,10
36723,7
36724,6
36725,11
36726,7
36727,10
36728,10
36729,8
36730,7
36731,11
36732,3
36733,6
36734,8
36735,7
36736,4
36737,7
36738,8
36739,5
36740,12
36741,5
36742,7
36743,9
36744,12
36745,7
36746,11
36747,4
36748,10
36749,13
36750,14
36751,12
36752,11
36753,7
36754,7
36755,4
36756,4
36757,6
36758,11
36759,6
36760,6
36761,7
36762,8
36763,7
36764,5
36765,8
36766,7
36767,5
36768,3
36769,2
36770,5
36771,9
36772,3
36773,10
36774,2
36775,5
36776,5
36777,7
36778,8
36779,7
36780,4
36781,9
36782,4
36783,5
36784,2
36785,7
36786,5
36787,6
36788,4
36789,7
36790,6
36791,9
36792,7
36793,7
36794,4
36795,9
36796,6
36797,8
36798,5
36799,4
36800,6
36801,3
36802,3
36803,4
36804,5
36805,7
36806,7
36807,3
36808,5
36809,6
36810,9
36811,5
36812,6
36813,8
36814,9
36815,4
36816,2
36817,4
36818,11
36819,3
36820,8
36821,6
36822,7
36823,8
36824,9
36825,10
36826,4
36827,4
36828,5
36829,6
36830,5
36831,7
36832,5
36833,12
36834,6
36835,7
36836,7
36837,7
36838,6
36839,3
36840,8
36841,7
36842,7
36843,4
36844,7
36845,10
36846,3
36847,10
36848,10
36849,11
36850,10
36851,6
36852,12
36853,7
36854,10
36855,3
36856,6
36857,10
36858,7
36859,8
36860,5
36861,9
36862,7
36863,6
36864,6
36865,8
36866,6
36867,14
36868,13
36869,5
36870,10
36871,9
36872,4
36873,6
36874,12
36875,3
36876,4
36877,5
36878,5
36879,5
36880,5
36881,5
36882,6
36883,3
36884,4
36885,7
36886,7
36887,5
36888,5
36889,5
36890,4
36891,6
36892,4
36893,1
36894,7
36895,0
36896,3
36897,4
36898,5
36899,1
36900,9
36901,2
36902,6
36903,3
36904,4
36905,7
36906,3
36907,7
36908,5
36909,4
36910,3
36911,4
36912,3
36913,7
36914,2
36915,4
36916,5
36917,1
36918,6
36919,2
36920,5
36921,3
36922,5
36923,3
36924,4
36925,3
36926,5
36927,3
36928,4
36929,6
36930,5
36931,5
36932,6
36933,11
36934,5
36935,4
36936,5
36937,6
36938,2
36939,5
36940,7
36941,5
36942,6
36943,3
36944,6
36945,3
36946,6
36947,4
36948,4
36949,4
36950,11
36951,6
36952,4
36953,4
36954,8
36955,7
36956,7
36957,6
36958,14
36959,7
36960,9
36961,2
36962,11
36963,7
36964,8
36965,12
36966,8
36967,7
36968,10
36969,8
36970,5
36971,2
36972,2
36973,5
36974,5
36975,4
36976,5
36977,7
36978,6
36979,5
36980,4
36981,4
36982,13
36983,4
36984,4
36985,9
36986,5
36987,10
36988,4
36989,7
36990,7
36991,4
36992,5
36993,7
36994,6
36995,5
36996,7
36997,5
36998,5
36999,5
37000,8
37001,9
37002,5
37003,3
37004,2
37005,6
37006,7
37007,7
37008,5
37009,5
37010,8
37011,5
37012,6
37013,5
37014,4
37015,4
37016,5
37017,5
37018,4
37019,9
37020,7
37021,3
37022,4
37023,5
37024,7
37025,5
37026,9
37027,2
37028,8
37029,6
37030,8
37031,8
37032,6
37033,5
37034,3
37035,7
37036,3
37037,6
37038,9
37039,5
37040,8
37041,5
37042,5
37043,6
37044,4
37045,6
37046,11
37047,8
37048,2
37049,6
37050,4
37051,9
37052,6
37053,4
37054,4
37055,8
37056,10
37057,4
37058,9
37059,8
37060,5
37061,11
37062,7
37063,4
37064,7
37065,3
37066,10
37067,5
37068,10
37069,8
37070,7
37071,6
37072,5
37073,5
37074,7
37075,4
37076,6
37077,4
37078,4
37079,5
37080,7
37081,7
37082,8
37083,6
37084,7
37085,3
37086,8
37087,3
37088,10
37089,9
37090,9
37091,8
37092,3
37093,3
37094,5
37095,5
37096,4
37097,5
37098,6
37099,6
37100,6
37101,5
37102,4
37103,5
37104,3
37105,3
37106,6
37107,7
37108,6
37109,7
37110,6
37111,7
37112,4
37113,3
37114,5
37115,5
37116,7
37117,1
37118,7
37119,4
37120,5
37121,7
37122,3
37123,3
37124,10
37125,6
37126,5
37127,3
37128,8
37129,10
37130,3
37131,7
37132,5
37133,8
37134,7
37135,4
37136,5
37137,2
37138,6
37139,7
37140,5
37141,4
37142,6
37143,5
37144,5
37145,7
37146,5
37147,8
37148,3
37149,11
37150,8
37151,11
37152,11
37153,6
37154,7
37155,11
37156,3
37157,8
37158,2
37159,5
37160,5
37161,9
37162,3
37163,7
37164,8
37165,6
37166,7
37167,7
37168,10
37169,7
37170,7
37171,6
37172,9
37173,11
37174,9
37175,9
37176,6
37177,6
37178,11
37179,6
37180,5
37181,7
37182,10
37183,7
37184,4
37185,7
37186,5
37187,4
37188,10
37189,7
37190,4
37191,5
37192,4
37193,6
37194,5
37195,6
37196,6
37197,5
37198,5
37199,8
37200,2
37201,5
37202,4
37203,8
37204,5
37205,9
37206,8
37207,3
37208,8
37209,6
37210,6
37211,7
37212,6
37213,8
37214,7
37215,6
37216,5
37217,8
37218,10
37219,11
37220,7
37221,6
37222,9
37223,7
37224,6
37225,7
37226,5
37227,10
37228,7
37229,8
37230,10
37231,5
37232,11
37233,8
37234,5
37235,6
37236,6
37237,3
37238,5
37239,5
37240,6
37241,4
37242,7
37243,3
37244,8
37245,4
37246,10
37247,9
37248,3
37249,5
37250,6
37251,8
37252,8
37253,5
37254,5
37255,6
37256,8
37257,6
37258,6
37259,8
37260,4
37261,5
37262,6
37263,7
37264,5
37265,4
37266,8
37267,4
37268,5
37269,4
37270,3
37271,5
37272,4
37273,5
37274,4
37275,5
37276,6
37277,4
37278,3
37279,6
37280,8
37281,4
37282,5
37283,5
37284,5
37285,1
37286,4
37287,7
37288,8
37289,3
37290,6
37291,7
37292,5
37293,8
37294,4
37295,9
37296,7
37297,2
37298,4
37299,5
37300,4
37301,8
37302,11
37303,9
37304,5
37305,6
37306,9
37307,4
37308,7
37309,2
37310,7
37311,3
37312,11
37313,5
37314,8
37315,4
37316,8
37317,8
37318,7
37319,9
37320,5
37321,14
37322,9
37323,10
37324,6
37325,7
37326,11
37327,7
37328,7
37329,8
37330,8
37331,4
37332,6
37333,4
37334,1
37335,5
37336,5
37337,6
37338,4
37339,6
37340,3
37341,8
37342,8
37343,3
37344,5
37345,5
37346,4
37347,6
37348,7
37349,5
37350,4
37351,10
37352,5
37353,6
37354,3
37355,5
37356,5
37357,5
37358,3
37359,9
37360,4
37361,4
37362,8
37363,5
37364,6
37365,4
37366,8
37367,5
37368,6
37369,4
37370,8
37371,4
37372,3
37373,9
37374,3
37375,7
37376,5
37377,4
37378,4
37379,4
37380,5
37381,5
37382,5
37383,3
37384,3
37385,3
37386,2
37387,4
37388,2
37389,5
37390,4
37391,4
37392,4
37393,2
37394,5
37395,11
37396,7
37397,11
37398,7
37399,5
37400,8
37401,6
37402,6
37403,7
37404,9
37405,11
37406,11
37407,6
37408,6
37409,11
37410,4
37411,6
37412,3
37413,6
37414,3
37415,7
37416,2
37417,6
37418,6
37419,6
37420,5
37421,6
37422,7
37423,4
37424,6
37425,6
37426,8
37427,8
37428,10
37429,6
37430,7
37431,10
37432,9
37433,8
37434,6
37435,5
37436,5
37437,6
37438,6
37439,6
37440,3
37441,5
37442,5
37443,12
37444,5
37445,10
37446,7
37447,2
37448,4
37449,7
37450,5
37451,4
37452,2
37453,8
37454,7
37455,7
37456,7
37457,9
37458,8
37459,8
37460,10
37461,9
37462,12
37463,11
37464,9
37465,6
37466,6
37467,7
37468,3
37469,5
37470,4
37471,4
37472,11
37473,7
37474,6
37475,4
37476,5
37477,8
37478,8
37479,4
37480,6
37481,5
37482,6
37483,8
37484,5
37485,11
37486,6
37487,11
37488,6
37489,7
37490,9
37491,4
37492,3
37493,6
37494,9
37495,5
37496,8
37497,4
37498,6
37499,9
37500,7
37501,10
37502,3
37503,3
37504,9
37505,5
37506,3
37507,4
37508,5
37509,9
37510,5
37511,7
37512,10
37513,7
37514,7
37515,6
37516,6
37517,3
37518,3
37519,5
37520,7
37521,5
37522,6
37523,5
37524,6
37525,5
37526,9
37527,1
37528,9
37529,13
37530,10
37531,7
37532,3
37533,6
37534,7
37535,5
37536,10
37537,11
37538,6
37539,6
37540,6
37541,4
37542,7
37543,4
37544,6
37545,6
37546,4
37547,7
37548,5
37549,12
37550,6
37551,10
37552,8
37553,9
37554,5
37555,8
37556,7
37557,3
37558,6
37559,12
37560,12
37561,9
37562,7
37563,5
37564,5
37565,11
37566,4
37567,4
37568,6
37569,5
37570,6
37571,2
37572,5
37573,4
37574,5
37575,5
37576,4
37577,4
37578,11
37579,6
37580,6
37581,3
37582,6
37583,5
37584,6
37585,10
37586,9
37587,9
37588,7
37589,7
37590,9
37591,9
37592,5
37593,10
37594,7
37595,5
37596,7
37597,9
37598,6
37599,4
37600,8
37601,6
37602,5
37603,4
37604,3
37605,10
37606,5
37607,10
37608,6
37609,8
37610,5
37611,7
37612,9
37613,7
37614,5
37615,6
37616,3
37617,6
37618,4
37619,8
37620,8
37621,8
37622,5
37623,4
37624,10
37625,5
37626,11
37627,7
37628,5
37629,7
37630,3
37631,7
37632,2
37633,3
37634,12
37635,2
37636,2
37637,6
37638,8
37639,7
37640,7
37641,5
37642,5
37643,7
37644,7
37645,8
37646,6
37647,7
37648,1
37649,2
37650,4
37651,2
37652,6
37653,7
37654,2
37655,5
37656,7
37657,1
37658,4
37659,7
37660,6
37661,8
37662,7
37663,5
37664,5
37665,6
37666,8
37667,7
37668,4
37669,4
37670,4
37671,11
37672,3
37673,7
37674,6
37675,4
37676,9
37677,7
37678,8
37679,9
37680,6
37681,9
37682,10
37683,4
37684,6
37685,4
37686,8
37687,9
37688,2
37689,6
37690,3
37691,6
37692,6
37693,3
37694,3
37695,7
37696,4
37697,5
37698,4
37699,8
37700,4
37701,4
37702,6
37703,6
37704,9
37705,5
37706,5
37707,5
37708,5
37709,4
37710,5
37711,5
37712,5
37713,9
37714,9
37715,6
37716,10
37717,10
37718,3
37719,4
37720,6
37721,6
37722,3
37723,5
37724,7
37725,3
37726,5
37727,9
37728,3
37729,5
37730,8
37731,5
37732,6
37733,7
37734,5
37735,4
37736,9
37737,5
37738,7
37739,6
37740,8
37741,2
37742,7
37743,5
37744,4
37745,4
37746,8
37747,7
37748,0
37749,9
37750,1
37751,5
37752,8
37753,8
37754,7
37755,4
37756,7
37757,6
37758,9
37759,5
37760,7
37761,7
37762,5
37763,5
37764,3
37765,4
37766,6
37767,8
37768,8
37769,9
37770,6
37771,11
37772,3
37773,11
37774,3
37775,4
37776,2
37777,4
37778,4
37779,6
37780,4
37781,6
37782,4
37783,8
37784,5
37785,6
37786,10
37787,8
37788,3
37789,6
37790,7
37791,12
37792,4
37793,8
37794,5
37795,2
37796,6
37797,11
37798,13
37799,9
37800,8
37801,12
37802,12
37803,13
37804,15
37805,6
37806,6
37807,7
37808,8
37809,3
37810,5
37811,8
37812,5
37813,7
37814,5
37815,3
37816,8
37817,4
37818,4
37819,4
37820,6
37821,3
37822,2
37823,6
37824,6
37825,10
37826,5
37827,3
37828,8
37829,5
37830,7
37831,6
37832,2
37833,3
37834,8
37835,5
37836,7
37837,8
37838,4
37839,5
37840,6
37841,2
37842,12
37843,8
37844,8
37845,7
37846,6
37847,9
37848,6
37849,5
37850,5
37851,4
37852,3
37853,6
37854,10
37855,6
37856,8
37857,4
37858,6
37859,5
37860,1
37861,7
37862,3
37863,4
37864,9
37865,2
37866,5
37867,5
37868,4
37869,6
37870,2
37871,3
37872,7
37873,7
37874,5
37875,7
37876,10
37877,11
37878,4
37879,2
37880,7
37881,6
37882,9
37883,5
37884,10
37885,7
37886,7
37887,7
37888,14
37889,5
37890,10
37891,10
37892,2
37893,4
37894,5
37895,3
37896,6
37897,5
37898,4
37899,5
37900,5
37901,6
37902,6
37903,4
37904,6
37905,4
37906,7
37907,3
37908,5
37909,9
37910,8
37911,7
37912,11
37913,10
37914,5
37915,10
37916,8
37917,6
37918,11
37919,4
37920,7
37921,7
37922,9
37923,6
37924,3
37925,8
37926,10
37927,4
37928,10
37929,7
37930,6
37931,10
37932,11
37933,9
37934,8
37935,8
37936,9
37937,12
37938,7
37939,10
37940,4
37941,10
37942,6
37943,8
37944,7
37945,2
37946,7
37947,8
37948,11
37949,7
37950,11
37951,8
37952,11
37953,9
37954,3
37955,3
37956,12
37957,10
37958,5
37959,5
37960,12
37961,6
37962,4
37963,7
37964,6
37965,4
37966,6
37967,9
37968,9
37969,5
37970,6
37971,11
37972,9
37973,7
37974,4
37975,6
37976,8
37977,6
37978,4
37979,12
37980,11
37981,4
37982,6
37983,8
37984,6
37985,6
37986,5
37987,12
37988,7
37989,12
37990,6
37991,11
37992,8
37993,13
37994,8
37995,5
37996,9
37997,9
37998,13
37999,3
38000,12
38001,6
38002,15
38003,6
38004,8
38005,8
38006,4
38007,9
38008,6
38009,6
38010,6
38011,5
38012,4
38013,4
38014,6
38015,8
38016,6
38017,4
38018,7
38019,4
38020,6
38021,4
38022,8
38023,12
38024,5
38025,8
38026,4
38027,9
38028,8
38029,6
38030,6
38031,10
38032,8
38033,4
38034,10
38035,6
38036,7
38037,4
38038,7
38039,9
38040,7
38041,10
38042,5
38043,1
38044,7
38045,9
38046,2
38047,14
38048,5
38049,5
38050,5
38051,8
38052,5
38053,10
38054,7
38055,13
38056,6
38057,2
38058,4
38059,0
38060,9
38061,2
38062,2
38063,4
38064,6
38065,8
38066,5
38067,5
38068,9
38069,4
38070,5
38071,5
38072,8
38073,8
38074,7
38075,2
38076,2
38077,3
38078,3
38079,4
38080,2
38081,6
38082,1
38083,5
38084,2
38085,5
38086,3
38087,8
38088,6
38089,3
38090,6
38091,8
38092,4
38093,4
38094,8
38095,4
38096,4
38097,7
38098,6
38099,2
38100,7
38101,3
38102,6
38103,4
38104,7
38105,6
38106,5
38107,5
38108,7
38109,6
38110,4
38111,6
38112,4
38113,5
38114,6
38115,6
38116,4
38117,6
38118,7
38119,6
38120,7
38121,6
38122,3
38123,5
38124,5
38125,5
38126,3
38127,3
38128,11
38129,7
38130,9
38131,6
38132,5
38133,5
38134,7
38135,5
38136,5
38137,9
38138,5
38139,4
38140,7
38141,9
38142,10
38143,2
38144,5
38145,5
38146,9
38147,5
38148,8
38149,8
38150,9
38151,2
38152,2
38153,1
38154,4
38155,2
38156,7
38157,2
38158,4
38159,5
38160,6
38161,7
38162,6
38163,3
38164,7
38165,6
38166,7
38167,6
38168,12
38169,9
38170,5
38171,6
38172,5
38173,7
38174,6
38175,5
38176,5
38177,8
38178,1
38179,4
38180,2
38181,7
38182,5
38183,6
38184,4
38185,8
38186,9
38187,3
38188,6
38189,6
38190,9
38191,4
38192,3
38193,5
38194,3
38195,5
38196,5
38197,1
38198,7
38199,2
38200,2
38201,6
38202,11
38203,3
38204,2
38205,7
38206,7
38207,5
38208,3
38209,8
38210,8
38211,6
38212,6
38213,7
38214,5
38215,6
38216,4
38217,9
38218,7
38219,5
38220,5
38221,6
38222,6
38223,5
38224,5
38225,1
38226,10
38227,8
38228,5
38229,3
38230,4
38231,4
38232,2
38233,1
38234,2
38235,5
38236,2
38237,7
38238,4
38239,5
38240,7
38241,3
38242,5
38243,3
38244,3
38245,3
38246,7
38247,5
38248,7
38249,4
38250,4
38251,2
38252,4
38253,2
38254,3
38255,5
38256,3
38257,9
38258,7
38259,4
38260,5
38261,9
38262,1
38263,7
38264,4
38265,6
38266,8
38267,10
38268,8
38269,7
38270,9
38271,7
38272,4
38273,14
38274,7
38275,3
38276,3
38277,9
38278,6
38279,5
38280,4
38281,9
38282,4
38283,7
38284,6
38285,5
38286,10
38287,5
38288,3
38289,4
38290,5
38291,5
38292,2
38293,5
38294,9
38295,6
38296,9
38297,13
38298,11
38299,6
38300,9
38301,7
38302,8
38303,6
38304,6
38305,4
38306,9
38307,6
38308,3
38309,6
38310,3
38311,6
38312,6
38313,5
38314,1
38315,8
38316,13
38317,7
38318,5
38319,9
38320,9
38321,7
38322,7
38323,5
38324,4
38325,8
38326,4
38327,4
38328,7
38329,3
38330,3
38331,6
38332,8
38333,3
38334,9
38335,8
38336,8
38337,8
38338,5
38339,8
38340,6
38341,9
38342,5
38343,7
38344,7
38345,7
38346,5
38347,8
38348,4
38349,6
38350,8
38351,2
38352,7
38353,5
38354,7
38355,5
38356,5
38357,5
38358,6
38359,6
38360,5
38361,6
38362,5
38363,5
38364,3
38365,9
38366,8
38367,6
38368,6
38369,4
38370,9
38371,4
38372,5
38373,11
38374,2
38375,7
38376,5
38377,5
38378,5
38379,4
38380,4
38381,4
38382,4
38383,2
38384,2
38385,2
38386,2
38387,4
38388,4
38389,4
38390,5
38391,5
38392,1
38393,2
38394,8
38395,3
38396,1
38397,5
38398,6
38399,4
38400,9
38401,4
38402,11
38403,9
38404,5
38405,6
38406,3
38407,9
38408,4
38409,6
38410,11
38411,3
38412,3
38413,13
38414,8
38415,9
38416,9
38417,6
38418,7
38419,9
38420,7
38421,8
38422,4
38423,4
38424,6
38425,5
38426,5
38427,6
38428,4
38429,6
38430,2
38431,6
38432,3
38433,4
38434,4
38435,4
38436,6
38437,5
38438,6
38439,7
38440,6
38441,9
38442,3
38443,3
38444,4
38445,7
38446,5
38447,5
38448,2
38449,2
38450,3
38451,3
38452,2
38453,8
38454,6
38455,2
38456,2
38457,3
38458,8
38459,3
38460,3
38461,3
38462,6
38463,3
38464,5
38465,6
38466,7
38467,2
38468,3
38469,5
38470,8
38471,3
38472,5
38473,7
38474,4
38475,7
38476,4
38477,5
38478,7
38479,8
38480,2
38481,5
38482,6
38483,7
38484,8
38485,3
38486,4
38487,4
38488,3
38489,5
38490,6
38491,8
38492,5
38493,9
38494,4
38495,7
38496,7
38497,5
38498,7
38499,6
38500,8
38501,5
38502,4
38503,5
38504,7
38505,12
38506,11
38507,5
38508,6
38509,6
38510,3
38511,4
38512,3
38513,8
38514,7
38515,16
38516,9
38517,9
38518,9
38519,9
38520,8
38521,5
38522,5
38523,5
38524,3
38525,7
38526,6
38527,6
38528,6
38529,4
38530,8
38531,8
38532,7
38533,6
38534,8
38535,8
38536,3
38537,5
38538,3
38539,4
38540,6
38541,5
38542,8
38543,7
38544,4
38545,2
38546,7
38547,4
38548,3
38549,4
38550,6
38551,7
38552,7
38553,9
38554,7
38555,6
38556,11
38557,7
38558,8
38559,10
38560,7
38561,8
38562,1
38563,6
38564,5
38565,9
38566,6
38567,9
38568,8
38569,9
38570,6
38571,9
38572,11
38573,6
38574,9
38575,9
38576,6
38577,8
38578,12
38579,5
38580,3
38581,9
38582,8
38583,6
38584,4
38585,9
38586,9
38587,9
38588,5
38589,8
38590,5
38591,10
38592,7
38593,9
38594,8
38595,4
38596,9
38597,8
38598,9
38599,8
38600,9
38601,6
38602,6
38603,7
38604,5
38605,12
38606,5
38607,4
38608,6
38609,7
38610,6
38611,8
38612,5
38613,9
38614,9
38615,8
38616,9
38617,11
38618,7
38619,12
38620,12
38621,10
38622,8
38623,8
38624,12
38625,5
38626,8
38627,9
38628,6
38629,10
38630,9
38631,3
38632,9
38633,6
38634,7
38635,6
38636,6
38637,9
38638,8
38639,7
38640,4
38641,10
38642,9
38643,8
38644,9
38645,9
38646,8
38647,9
38648,7
38649,5
38650,8
38651,5
38652,5
38653,12
38654,7
38655,7
38656,8
38657,4
38658,7
38659,6
38660,4
38661,4
38662,9
38663,8
38664,4
38665,5
38666,7
38667,7
38668,8
38669,6
38670,8
38671,8
38672,7
38673,7
38674,4
38675,5
38676,5
38677,6
38678,7
38679,5
38680,4
38681,7
38682,7
38683,4
38684,6
38685,5
38686,6
38687,4
38688,4
38689,8
38690,7
38691,6
38692,7
38693,5
38694,12
38695,6
38696,5
38697,6
38698,4
38699,6
38700,5
38701,6
38702,5
38703,6
38704,5
38705,6
38706,5
38707,8
38708,7
38709,7
38710,6
38711,6
38712,5
38713,5
38714,11
38715,10
38716,7
38717,8
38718,4
38719,4
38720,7
38721,6
38722,5
38723,11
38724,5
38725,3
38726,5
38727,3
38728,2
38729,4
38730,4
38731,4
38732,3
38733,6
38734,4
38735,4
38736,5
38737,8
38738,4
38739,8
38740,7
38741,2
38742,6
38743,6
38744,1
38745,1
38746,7
38747,4
38748,6
38749,6
38750,6
38751,3
38752,6
38753,2
38754,4
38755,6
38756,8
38757,6
38758,2
38759,6
38760,5
38761,4
38762,6
38763,4
38764,4
38765,1
38766,4
38767,1
38768,5
38769,4
38770,7
38771,4
38772,9
38773,2
38774,6
38775,4
38776,7
38777,8
38778,4
38779,3
38780,4
38781,6
38782,4
38783,6
38784,5
38785,11
38786,3
38787,5
38788,6
38789,7
38790,10
38791,3
38792,6
38793,5
38794,6
38795,2
38796,7
38797,5
38798,5
38799,5
38800,7
38801,3
38802,4
38803,2
38804,6
38805,2
38806,3
38807,7
38808,2
38809,3
38810,2
38811,5
38812,7
38813,1
38814,10
38815,5
38816,10
38817,6
38818,5
38819,3
38820,11
38821,4
38822,6
38823,5
38824,6
38825,3
38826,1
38827,9
38828,4
38829,6
38830,4
38831,1
38832,8
38833,5
38834,5
38835,5
38836,9
38837,8
38838,3
38839,5
38840,6
38841,4
38842,2
38843,4
38844,8
38845,9
38846,4
38847,2
38848,3
38849,7
38850,4
38851,0
38852,6
38853,6
38854,10
38855,4
38856,8
38857,14
38858,9
38859,12
38860,8
38861,4
38862,2
38863,1
38864,3
38865,5
38866,8
38867,2
38868,4
38869,3
38870,6
38871,6
38872,4
38873,3
38874,5
38875,12
38876,8
38877,8
38878,8
38879,8
38880,7
38881,6
38882,6
38883,10
38884,4
38885,4
38886,7
38887,4
38888,5
38889,5
38890,3
38891,4
38892,6
38893,6
38894,1
38895,3
38896,6
38897,4
38898,6
38899,3
38900,7
38901,3
38902,7
38903,5
38904,14
38905,8
38906,7
38907,7
38908,8
38909,13
38910,8
38911,5
38912,7
38913,8
38914,4
38915,7
38916,6
38917,8
38918,5
38919,8
38920,5
38921,5
38922,5
38923,1
38924,10
38925,6
38926,6
38927,6
38928,6
38929,2
38930,4
38931,6
38932,3
38933,8
38934,3
38935,9
38936,5
38937,9
38938,3
38939,7
38940,7
38941,5
38942,4
38943,5
38944,8
38945,7
38946,7
38947,6
38948,5
38949,4
38950,5
38951,7
38952,5
38953,3
38954,8
38955,5
38956,7
38957,2
38958,5
38959,6
38960,7
38961,8
38962,3
38963,2
38964,6
38965,7
38966,10
38967,10
38968,3
38969,6
38970,8
38971,5
38972,2
38973,7
38974,9
38975,5
38976,5
38977,8
38978,8
38979,2
38980,1
38981,9
38982,6
38983,7
38984,7
38985,4
38986,4
38987,7
38988,6
38989,7
38990,5
38991,6
38992,3
38993,3
38994,4
38995,6
38996,7
38997,5
38998,6
38999,8
39000,3
39001,4
39002,6
39003,5
39004,6
39005,3
39006,6
39007,4
39008,3
39009,11
39010,4
39011,4
39012,2
39013,4
39014,3
39015,9
39016,7
39017,3
39018,9
39019,4
39020,13
39021,3
39022,6
39023,10
39024,7
39025,7
39026,6
39027,7
39028,10
39029,6
39030,12
39031,9
39032,5
39033,6
39034,11
39035,12
39036,16
39037,12
39038,8
39039,4
39040,11
39041,10
39042,8
39043,8
39044,10
39045,10
39046,6
39047,4
39048,10
39049,4
39050,4
39051,5
39052,4
39053,8
39054,5
39055,4
39056,5
39057,4
39058,7
39059,3
39060,9
39061,3
39062,3
39063,7
39064,5
39065,2
39066,0
39067,14
39068,2
39069,8
39070,4
39071,7
39072,7
39073,7
39074,12
39075,5
39076,7
39077,4
39078,3
39079,8
39080,8
39081,4
39082,3
39083,5
39084,6
39085,5
39086,5
39087,7
39088,8
39089,1
39090,4
39091,5
39092,6
39093,4
39094,8
39095,7
39096,6
39097,3
39098,6
39099,8
39100,9
39101,9
39102,4
39103,6
39104,6
39105,6
39106,7
39107,7
39108,6
39109,8
39110,5
39111,2
39112,2
39113,9
39114,3
39115,3
39116,7
39117,3
39118,4
39119,7
39120,7
39121,5
39122,5
39123,7
39124,3
39125,6
39126,6
39127,6
39128,4
39129,4
39130,4
39131,10
39132,4
39133,5
39134,6
39135,4
39136,6
39137,8
39138,8
39139,5
39140,5
39141,5
39142,5
39143,6
39144,4
39145,6
39146,9
39147,7
39148,2
39149,3
39150,3
39151,6
39152,6
39153,5
39154,9
39155,11
39156,3
39157,6
39158,3
39159,9
39160,6
39161,8
39162,11
39163,5
39164,4
39165,8
39166,3
39167,9
39168,2
39169,6
39170,4
39171,4
39172,4
39173,7
39174,5
39175,3
39176,3
39177,4
39178,6
39179,3
39180,3
39181,4
39182,4
39183,4
39184,2
39185,3
39186,4
39187,4
39188,2
39189,6
39190,3
39191,10
39192,2
39193,4
39194,2
39195,6
39196,5
39197,5
39198,7
39199,10
39200,6
39201,5
39202,5
39203,7
39204,5
39205,4
39206,5
39207,4
39208,3
39209,5
39210,3
39211,3
39212,4
39213,9
39214,4
39215,2
39216,5
39217,7
39218,6
39219,7
39220,4
39221,5
39222,9
39223,4
39224,5
39225,9
39226,3
39227,3
39228,1
39229,3
39230,3
39231,3
39232,8
39233,5
39234,3
39235,4
39236,3
39237,1
39238,7
39239,7
39240,10
39241,5
39242,6
39243,5
39244,4
39245,4
39246,6
39247,8
39248,5
39249,7
39250,9
39251,7
39252,2
39253,4
39254,4
39255,4
39256,4
39257,4
39258,6
39259,7
39260,4
39261,11
39262,10
39263,9
39264,10
39265,6
39266,9
39267,9
39268,4
39269,4
39270,10
39271,8
39272,4
39273,8
39274,3
39275,3
39276,4
39277,10
39278,8
39279,6
39280,3
39281,4
39282,8
39283,6
39284,7
39285,8
39286,6
39287,8
39288,11
39289,8
39290,8
39291,5
39292,7
39293,5
39294,8
39295,7
39296,5
39297,6
39298,9
39299,6
39300,4
39301,10
39302,10
39303,8
39304,6
39305,9
39306,7
39307,5
39308,6
39309,6
39310,6
39311,8
39312,6
39313,8
39314,6
39315,7
39316,6
39317,7
39318,3
39319,11
39320,10
39321,7
39322,9
39323,8
39324,7
39325,14
39326,3
39327,10
39328,9
39329,6
39330,6
39331,6
39332,5
39333,5
39334,4
39335,6
39336,7
39337,7
39338,3
39339,11
39340,2
39341,9
39342,4
39343,9
39344,6
39345,5
39346,5
39347,9
39348,8
39349,6
39350,7
39351,9
39352,5
39353,6
39354,2
39355,2
39356,10
39357,5
39358,6
39359,4
39360,7
39361,7
39362,11
39363,6
39364,12
39365,5
39366,7
39367,6
39368,5
39369,4
39370,5
39371,9
39372,7
39373,6
39374,6
39375,5
39376,9
39377,3
39378,3
39379,5
39380,4
39381,3
39382,10
39383,4
39384,7
39385,6
39386,6
39387,3
39388,0
39389,6
39390,4
39391,4
39392,7
39393,0
39394,3
39395,3
39396,6
39397,5
39398,5
39399,3
39400,4
39401,5
39402,4
39403,6
39404,5
39405,6
39406,7
39407,1
39408,5
39409,10
39410,1
39411,4
39412,1
39413,5
39414,6
39415,4
39416,4
39417,4
39418,5
39419,4
39420,6
39421,4
39422,7
39423,4
39424,4
39425,2
39426,5
39427,3
39428,2
39429,3
39430,3
39431,5
39432,4
39433,3
39434,1
39435,4
39436,3
39437,2
39438,3
39439,4
39440,4
39441,2
39442,4
39443,2
39444,2
39445,4
39446,4
39447,2
39448,2
39449,4
39450,3
39451,3
39452,3
39453,2
39454,7
39455,7
39456,6
39457,2
39458,0
39459,5
39460,3
39461,4
39462,3
39463,5
39464,3
39465,1
39466,3
39467,7
39468,6
39469,5
39470,5
39471,5
39472,4
39473,4
39474,4
39475,5
39476,3
39477,8
39478,4
39479,6
39480,6
39481,5
39482,4
39483,7
39484,3
39485,12
39486,1
39487,5
39488,8
39489,8
39490,4
39491,9
39492,10
39493,8
39494,10
39495,6
39496,5
39497,4
39498,8
39499,2
39500,7
39501,5
39502,7
39503,4
39504,2
39505,4
39506,2
39507,3
39508,3
39509,6
39510,4
39511,5
39512,8
39513,2
39514,10
39515,3
39516,6
39517,4
39518,2
39519,3
39520,4
39521,9
39522,6
39523,8
39524,12
39525,4
39526,5
39527,3
39528,4
39529,2
39530,9
39531,4
39532,8
39533,6
39534,6
39535,3
39536,3
39537,5
39538,9
39539,2
39540,4
39541,8
39542,4
39543,5
39544,6
39545,4
39546,10
39547,7
39548,5
39549,3
39550,6
39551,6
39552,6
39553,3
39554,9
39555,6
39556,6
39557,5
39558,5
39559,8
39560,9
39561,6
39562,4
39563,5
39564,9
39565,4
39566,3
39567,2
39568,3
39569,6
39570,7
39571,5
39572,6
39573,3
39574,6
39575,5
39576,8
39577,4
39578,8
39579,9
39580,7
39581,6
39582,5
39583,6
39584,6
39585,8
39586,12
39587,7
39588,10
39589,6
39590,5
39591,6
39592,3
39593,8
39594,8
39595,7
39596,8
39597,5
39598,13
39599,9
39600,5
39601,6
39602,7
39603,8
39604,8
39605,10
39606,13
39607,7
39608,5
39609,10
39610,11
39611,11
39612,5
39613,11
39614,10
39615,9
39616,7
39617,13
39618,10
39619,9
39620,2
39621,10
39622,9
39623,7
39624,5
39625,11
39626,8
39627,10
39628,9
39629,5
39630,6
39631,8
39632,11
39633,7
39634,7
39635,4
39636,5
39637,5
39638,5
39639,8
39640,5
39641,7
39642,5
39643,10
39644,2
39645,8
39646,6
39647,13
39648,8
39649,6
39650,10
39651,5
39652,4
39653,5
39654,2
39655,9
39656,7
39657,6
39658,5
39659,8
39660,6
39661,2
39662,2
39663,3
39664,7
39665,6
39666,3
39667,6
39668,4
39669,8
39670,5
39671,4
39672,3
39673,6
39674,9
39675,4
39676,5
39677,7
39678,4
39679,4
39680,12
39681,6
39682,8
39683,3
39684,8
39685,8
39686,10
39687,11
39688,14
39689,4
39690,9
39691,7
39692,5
39693,7
39694,10
39695,5
39696,6
39697,13
39698,6
39699,8
39700,8
39701,12
39702,10
39703,2
39704,6
39705,8
39706,3
39707,6
39708,8
39709,8
39710,6
39711,6
39712,5
39713,7
39714,7
39715,6
39716,4
39717,5
39718,5
39719,7
39720,7
39721,6
39722,7
39723,8
39724,3
39725,4
39726,6
39727,8
39728,7
39729,8
39730,7
39731,12
39732,7
39733,8
39734,8
39735,5
39736,12
39737,10
39738,12
39739,9
39740,9
39741,12
39742,7
39743,12
39744,7
39745,11
39746,7
39747,11
39748,11
39749,10
39750,7
39751,17
39752,9
39753,5
39754,10
39755,14
39756,5
39757,7
39758,7
39759,6
39760,7
39761,8
39762,9
39763,3
39764,7
39765,8
39766,6
39767,7
39768,8
39769,4
39770,5
39771,5
39772,8
39773,6
39774,9
39775,11
39776,3
39777,5
39778,10
39779,12
39780,8
39781,7
39782,7
39783,8
39784,10
39785,9
39786,5
39787,5
39788,10
39789,10
39790,5
39791,7
39792,5
39793,3
39794,9
39795,5
39796,7
39797,7
39798,7
39799,9
39800,9
39801,4
39802,9
39803,6
39804,8
39805,11
39806,9
39807,8
39808,7
39809,5
39810,6
39811,11
39812,5
39813,9
39814,8
39815,4
39816,5
39817,6
39818,6
39819,8
39820,11
39821,9
39822,9
39823,9
39824,7
39825,5
39826,14
39827,4
39828,7
39829,8
39830,11
39831,9
39832,5
39833,3
39834,10
39835,5
39836,5
39837,7
39838,6
39839,11
39840,5
39841,9
39842,13
39843,7
39844,7
39845,5
39846,11
39847,5
39848,7
39849,6
39850,8
39851,10
39852,10
39853,10
39854,4
39855,9
39856,8
39857,5
39858,10
39859,8
39860,5
39861,5
39862,9
39863,9
39864,4
39865,9
39866,10
39867,8
39868,9
39869,6
39870,7
39871,5
39872,7
39873,8
39874,4
39875,10
39876,4
39877,5
39878,8
39879,5
39880,11
39881,6
39882,7
39883,7
39884,10
39885,2
39886,8
39887,5
39888,7
39889,4
39890,9
39891,6
39892,9
39893,6
39894,7
39895,8
39896,11
39897,12
39898,11
39899,12
39900,6
39901,11
39902,8
39903,10
39904,15
39905,6
39906,6
39907,8
39908,12
39909,9
39910,10
39911,7
39912,7
39913,4
39914,9
39915,5
39916,6
39917,10
39918,11
39919,14
39920,3
39921,9
39922,5
39923,10
39924,7
39925,5
39926,8
39927,6
39928,5
39929,11
39930,7
39931,5
39932,2
39933,6
39934,4
39935,5
39936,6
39937,7
39938,6
39939,2
39940,4
39941,7
39942,5
39943,7
39944,5
39945,5
39946,5
39947,10
39948,7
39949,7
39950,13
39951,7
39952,12
39953,6
39954,9
39955,7
39956,7
39957,8
39958,2
39959,9
39960,3
39961,6
39962,7
39963,9
39964,5
39965,9
39966,7
39967,6
39968,6
39969,4
39970,9
39971,7
39972,4
39973,6
39974,3
39975,7
39976,5
39977,5
39978,8
39979,5
39980,6
39981,6
39982,3
39983,5
39984,6
39985,5
39986,9
39987,4
39988,6
39989,10
39990,4
39991,10
39992,9
39993,10
39994,8
39995,3
39996,10
39997,12
39998,8
39999,3
40000,2
40001,5
40002,11
40003,5
40004,8
40005,8
40006,6
40007,3
40008,6
40009,9
40010,6
40011,8
40012,8
40013,2
40014,5
40015,8
40016,5
40017,11
40018,7
40019,6
40020,10
40021,11
40022,12
40023,9
40024,5
40025,10
40026,5
40027,6
40028,10
40029,5
40030,4
40031,3
40032,11
40033,5
40034,4
40035,6
40036,1
40037,4
40038,5
40039,6
40040,8
40041,11
40042,2
40043,4
40044,6
40045,9
40046,1
40047,9
40048,5
40049,6
40050,6
40051,3
40052,6
40053,4
40054,5
40055,5
40056,3
40057,4
40058,2
40059,4
40060,5
40061,5
40062,3
40063,4
40064,5
40065,7
40066,5
40067,5
40068,3
40069,4
40070,6
40071,6
40072,5
40073,5
40074,5
40075,9
40076,5
40077,10
40078,1
40079,6
40080,4
40081,10
40082,7
40083,8
40084,7
40085,11
40086,7
40087,7
40088,6
40089,7
40090,6
40091,3
40092,6
40093,12
40094,12
40095,8
40096,7
40097,8
40098,11
40099,8
40100,7
40101,6
40102,8
40103,6
40104,6
40105,7
40106,8
40107,10
40108,3
40109,8
40110,9
40111,6
40112,4
40113,7
40114,4
40115,5
40116,7
40117,3
40118,5
40119,3
40120,10
40121,7
40122,8
40123,10
40124,5
40125,7
40126,7
40127,5
40128,5
40129,2
40130,4
40131,6
40132,8
40133,5
40134,4
40135,6
40136,7
40137,6
40138,11
40139,10
40140,6
40141,11
40142,6
40143,8
40144,8
40145,11
40146,7
40147,7
40148,6
40149,9
40150,3
40151,4
40152,3
40153,6
40154,6
40155,5
40156,4
40157,5
40158,7
40159,3
40160,7
40161,5
40162,2
40163,7
40164,3
40165,4
40166,7
40167,4
40168,4
40169,2
40170,3
40171,6
40172,2
40173,3
40174,5
40175,4
40176,7
40177,6
40178,5
40179,4
40180,2
40181,6
40182,7
40183,5
40184,5
40185,3
40186,7
40187,2
40188,6
40189,3
40190,6
40191,5
40192,5
40193,6
40194,6
40195,5
40196,6
40197,3
40198,9
40199,3
40200,4
40201,5
40202,3
40203,10
40204,4
40205,4
40206,5
40207,3
40208,5
40209,2
40210,6
40211,6
40212,1
40213,6
40214,6
40215,3
40216,4
40217,3
40218,6
40219,6
40220,4
40221,8
40222,6
40223,8
40224,8
40225,4
40226,3
40227,7
40228,7
40229,6
40230,4
40231,6
40232,7
40233,9
40234,4
40235,8
40236,7
40237,5
40238,10
40239,6
40240,9
40241,9
40242,6
40243,9
40244,8
40245,6
40246,11
40247,6
40248,8
40249,6
40250,8
40251,9
40252,5
40253,6
40254,6
40255,8
40256,4
40257,6
40258,5
40259,6
40260,4
40261,7
40262,7
40263,9
40264,9
40265,12
40266,6
40267,9
40268,9
40269,8
40270,11
40271,3
40272,9
40273,9
40274,6
40275,5
40276,8
40277,3
40278,6
40279,5
40280,6
40281,4
40282,8
40283,7
40284,4
40285,3
40286,4
40287,4
40288,2
40289,7
40290,6
40291,8
40292,4
40293,8
40294,6
40295,7
40296,3
40297,7
40298,8
40299,7
40300,6
40301,3
40302,7
40303,1
40304,5
40305,4
40306,9
40307,5
40308,5
40309,4
40310,4
40311,4
40312,5
40313,6
40314,4
40315,3
40316,5
40317,6
40318,4
40319,7
40320,6
40321,7
40322,7
40323,3
40324,7
40325,9
40326,4
40327,4
40328,6
40329,6
40330,5
40331,5
40332,6
40333,7
40334,7
40335,5
40336,6
40337,7
40338,8
40339,6
40340,6
40341,3
40342,5
40343,5
40344,9
40345,8
40346,4
40347,8
40348,6
40349,6
40350,8
40351,8
40352,10
40353,11
40354,9
40355,12
40356,7
40357,11
40358,11
40359,11
40360,8
40361,7
40362,6
40363,7
40364,8
40365,6
40366,7
40367,4
40368,8
40369,5
40370,5
40371,4
40372,4
40373,5
40374,5
40375,5
40376,6
40377,2
40378,4
40379,2
40380,2
40381,6
40382,6
40383,5
40384,5
40385,2
40386,2
40387,4
40388,2
40389,4
40390,3
40391,4
40392,2
40393,6
40394,5
40395,3
40396,9
40397,1
40398,5
40399,3
40400,4
40401,4
40402,3
40403,4
40404,6
40405,3
40406,6
40407,8
40408,6
40409,5
40410,5
40411,3
40412,3
40413,4
40414,4
40415,5
40416,1
40417,2
40418,2
40419,3
40420,1
40421,1
40422,4
40423,6
40424,2
40425,2
40426,4
40427,6
40428,4
40429,5
40430,5
40431,3
40432,6
40433,2
40434,9
40435,4
40436,5
40437,4
40438,9
40439,3
40440,3
40441,4
40442,6
40443,2
40444,3
40445,6
40446,5
40447,5
40448,6
40449,10
40450,8
40451,5
40452,10
40453,2
40454,5
40455,14
40456,2
40457,5
40458,3
40459,3
40460,2
40461,3
40462,4
40463,3
40464,8
40465,3
40466,7
40467,11
40468,6
40469,8
40470,8
40471,10
40472,3
40473,3
40474,9
40475,9
40476,8
40477,6
40478,4
40479,8
40480,8
40481,9
40482,8
40483,5
40484,10
40485,8
40486,7
40487,3
40488,3
40489,7
40490,2
40491,7
40492,3
40493,4
40494,6
40495,13
40496,8
40497,7
40498,8
40499,6
40500,8
40501,2
40502,5
40503,7
40504,6
40505,7
40506,6
40507,12
40508,8
40509,10
40510,10
40511,5
40512,4
40513,4
40514,1
40515,5
40516,1
40517,4
40518,2
40519,4
40520,6
40521,5
40522,8
40523,9
40524,6
40525,6
40526,5
40527,9
40528,2
40529,5
40530,4
40531,5
40532,6
40533,3
40534,8
40535,5
40536,3
40537,4
40538,7
40539,4
40540,4
40541,3
40542,5
40543,2
40544,5
40545,3
40546,7
40547,3
40548,5
40549,2
40550,4
40551,3
40552,4
40553,6
40554,2
40555,6
40556,6
40557,6
40558,11
40559,8
40560,9
40561,7
40562,2
40563,5
40564,2
40565,5
40566,3
40567,2
40568,5
40569,6
40570,4
40571,3
40572,7
40573,6
40574,7
40575,2
40576,4
40577,4
40578,5
40579,2
40580,5
40581,4
40582,3
40583,3
40584,11
40585,6
40586,4
40587,4
40588,3
40589,10
40590,1
40591,5
40592,12
40593,6
40594,9
40595,7
40596,7
40597,10
40598,5
40599,5
40600,4
40601,6
40602,6
40603,5
40604,4
40605,6
40606,7
40607,4
40608,6
40609,6
40610,7
40611,3
40612,4
40613,7
40614,9
40615,1
40616,6
40617,7
40618,5
40619,6
40620,5
40621,6
40622,6
40623,8
40624,2
40625,4
40626,10
40627,9
40628,6
40629,7
40630,8
40631,6
40632,9
40633,4
40634,10
40635,6
40636,5
40637,7
40638,6
40639,1
40640,6
40641,11
40642,5
40643,5
40644,10
40645,8
40646,10
40647,4
40648,10
40649,3
40650,11
40651,6
40652,6
40653,5
40654,6
40655,11
40656,5
40657,3
40658,10
40659,9
40660,6
40661,5
40662,8
40663,7
40664,11
40665,3
40666,2
40667,5
40668,4
40669,7
40670,2
40671,9
40672,10
40673,2
40674,4
40675,2
40676,2
40677,6
40678,2
40679,5
40680,5
40681,2
40682,4
40683,2
40684,4
40685,8
40686,4
40687,3
40688,9
40689,4
40690,3
40691,6
40692,4
40693,9
40694,2
40695,6
40696,4
40697,3
40698,5
40699,5
40700,4
40701,5
40702,2
40703,4
40704,4
40705,9
40706,5
40707,5
40708,6
40709,4
40710,7
40711,2
40712,5
40713,6
40714,5
40715,7
40716,4
40717,7
40718,8
40719,7
40720,6
40721,4
40722,6
40723,6
40724,6
40725,3
40726,1
40727,4
40728,2
40729,6
40730,3
40731,6
40732,6
40733,3
40734,5
40735,11
40736,3
40737,5
40738,8
40739,4
40740,6
40741,6
40742,7
40743,9
40744,7
40745,10
40746,6
40747,5
40748,2
40749,7
40750,7
40751,7
40752,2
40753,4
40754,6
40755,8
40756,2
40757,5
40758,3
40759,8
40760,4
40761,4
40762,10
40763,4
40764,4
40765,6
40766,9
40767,8
40768,9
40769,4
40770,11
40771,4
40772,7
40773,7
40774,7
40775,6
40776,6
40777,5
40778,3
40779,8
40780,5
40781,5
40782,4
40783,7
40784,6
40785,7
40786,8
40787,3
40788,4
40789,4
40790,9
40791,9
40792,8
40793,6
40794,3
40795,9
40796,3
40797,9
40798,6
40799,5
40800,4
40801,2
40802,7
40803,4
40804,7
40805,3
40806,7
40807,3
40808,5
40809,5
40810,12
40811,9
40812,6
40813,10
40814,7
40815,9
40816,4
40817,6
40818,8
40819,9
40820,7
40821,9
40822,5
40823,7
40824,8
40825,10
40826,4
40827,7
40828,6
40829,9
40830,5
40831,5
40832,4
40833,4
40834,4
40835,7
40836,6
40837,4
40838,6
40839,7
40840,9
40841,4
40842,4
40843,7
40844,4
40845,11
40846,8
40847,5
40848,6
40849,7
40850,7
40851,5
40852,6
40853,4
40854,3
40855,11
40856,10
40857,7
40858,6
40859,4
40860,10
40861,6
40862,3
40863,7
40864,4
40865,10
40866,4
40867,5
40868,2
40869,5
40870,3
40871,10
40872,3
40873,6
40874,5
40875,9
40876,4
40877,7
40878,7
40879,7
40880,8
40881,7
40882,4
40883,12
40884,9
40885,6
40886,10
40887,8
40888,9
40889,6
40890,9
40891,5
40892,8
40893,8
40894,10
40895,6
40896,9
40897,8
40898,3
40899,7
40900,6
40901,8
40902,4
40903,8
40904,7
40905,8
40906,8
40907,8
40908,9
40909,6
40910,10
40911,7
40912,7
40913,3
40914,11
40915,6
40916,5
40917,7
40918,7
40919,7
40920,4
40921,11
40922,4
40923,4
40924,6
40925,6
40926,4
40927,5
40928,4
40929,9
40930,3
40931,3
40932,5
40933,0
40934,4
40935,9
40936,7
40937,7
40938,4
40939,6
40940,3
40941,3
40942,6
40943,4
40944,5
40945,4
40946,6
40947,5
40948,3
40949,8
40950,5
40951,11
40952,4
40953,4
40954,5
40955,13
40956,3
40957,6
40958,8
40959,6
40960,5
40961,6
40962,7
40963,4
40964,5
40965,4
40966,5
40967,7
40968,7
40969,7
40970,3
40971,7
40972,3
40973,4
40974,8
40975,5
40976,4
40977,10
40978,4
40979,7
40980,5
40981,7
40982,7
40983,6
40984,3
40985,6
40986,6
40987,6
40988,4
40989,8
40990,4
40991,5
40992,4
40993,4
40994,7
40995,6
40996,5
40997,4
40998,6
40999,4
41000,5
41001,2
41002,4
41003,2
41004,5
41005,3
41006,4
41007,4
41008,3
41009,1
41010,1
41011,9
41012,4
41013,6
41014,3
41015,11
41016,5
41017,5
41018,5
41019,4
41020,5
41021,5
41022,4
41023,8
41024,4
41025,9
41026,8
41027,7
41028,6
41029,7
41030,2
41031,7
41032,8
41033,2
41034,7
41035,4
41036,6
41037,6
41038,4
41039,7
41040,2
41041,2
41042,6
41043,5
41044,8
41045,3
41046,6
41047,2
41048,6
41049,3
41050,5
41051,4
41052,1
41053,3
41054,7
41055,2
41056,7
41057,5
41058,8
41059,5
41060,6
41061,7
41062,5
41063,10
41064,10
41065,12
41066,9
41067,5
41068,5
41069,5
41070,4
41071,1
41072,3
41073,1
41074,2
41075,3
41076,2
41077,9
41078,4
41079,7
41080,4
41081,6
41082,3
41083,9
41084,3
41085,8
41086,6
41087,5
41088,5
41089,3
41090,3
41091,4
41092,3
41093,6
41094,4
41095,3
41096,2
41097,6
41098,6
41099,2
41100,4
41101,3
41102,5
41103,6
41104,3
41105,5
41106,7
41107,4
41108,6
41109,6
41110,4
41111,2
41112,3
41113,5
41114,7
41115,3
41116,3
41117,7
41118,5
41119,6
41120,9
41121,6
41122,7
41123,11
41124,6
41125,8
41126,4
41127,3
41128,2
41129,1
41130,4
41131,4
41132,1
41133,10
41134,5
41135,4
41136,2
41137,4
41138,3
41139,6
41140,3
41141,5
41142,6
41143,6
41144,0
41145,3
41146,6
41147,3
41148,5
41149,3
41150,5
41151,3
41152,3
41153,3
41154,5
41155,4
41156,7
41157,1
41158,5
41159,8
41160,4
41161,5
41162,6
41163,9
41164,5
41165,6
41166,7
41167,2
41168,3
41169,3
41170,4
41171,9
41172,4
41173,5
41174,4
41175,3
41176,5
41177,6
41178,6
41179,6
41180,7
41181,5
41182,4
41183,8
41184,4
41185,6
41186,8
41187,5
41188,4
41189,4
41190,5
41191,6
41192,6
41193,2
41194,6
41195,7
41196,6
41197,3
41198,4
41199,5
41200,5
41201,4
41202,8
41203,8
41204,11
41205,3
41206,9
41207,7
41208,4
41209,7
41210,3
41211,7
41212,7
41213,8
41214,5
41215,3
41216,6
41217,11
41218,3
41219,6
41220,7
41221,6
41222,3
41223,7
41224,6
41225,7
41226,4
41227,5
41228,4
41229,6
41230,6
41231,3
41232,2
41233,6
41234,6
41235,3
41236,5
41237,5
41238,5
41239,8
41240,7
41241,2
41242,8
41243,4
41244,2
41245,5
41246,6
41247,1
41248,5
41249,1
41250,4
41251,5
41252,4
41253,3
41254,7
41255,7
41256,2
41257,8
41258,5
41259,15
41260,3
41261,10
41262,4
41263,11
41264,11
41265,12
41266,4
41267,11
41268,8
41269,3
41270,6
41271,12
41272,6
41273,6
41274,7
41275,3
41276,3
41277,8
41278,5
41279,0
41280,5
41281,10
41282,10
41283,7
41284,3
41285,8
41286,5
41287,7
41288,6
41289,10
41290,7
41291,8
41292,16
41293,6
41294,7
41295,7
41296,13
41297,9
41298,7
41299,8
41300,8
41301,10
41302,9
41303,7
41304,12
41305,8
41306,12
41307,8
41308,7
41309,7
41310,6
41311,2
41312,6
41313,5
41314,5
41315,7
41316,4
41317,9
41318,9
41319,12
41320,7
41321,6
41322,5
41323,9
41324,9
41325,10
41326,8
41327,7
41328,11
41329,5
41330,5
41331,7
41332,5
41333,7
41334,6
41335,7
41336,7
41337,10
41338,9
41339,4
41340,10
41341,8
41342,8
41343,4
41344,7
41345,10
41346,6
41347,10
41348,3
41349,5
41350,4
41351,8
41352,2
41353,3
41354,2
41355,6
41356,8
41357,8
41358,6
41359,10
41360,9
41361,5
41362,12
41363,7
41364,3
41365,6
41366,4
41367,6
41368,7
41369,6
41370,7
41371,8
41372,3
41373,9
41374,7
41375,1
41376,3
41377,5
41378,6
41379,8
41380,4
41381,3
41382,6
41383,5
41384,6
41385,7
41386,8
41387,6
41388,8
41389,9
41390,7
41391,9
41392,6
41393,7
41394,1
41395,6
41396,11
41397,5
41398,4
41399,7
41400,7
41401,8
41402,5
41403,5
41404,6
41405,10
41406,3
41407,6
41408,4
41409,8
41410,4
41411,9
41412,7
41413,6
41414,5
41415,7
41416,5
41417,6
41418,4
41419,4
41420,2
41421,4
41422,6
41423,8
41424,5
41425,3
41426,4
41427,6
41428,4
41429,5
41430,2
41431,6
41432,3
41433,6
41434,8
41435,3
41436,3
41437,4
41438,3
41439,0
41440,5
41441,4
41442,4
41443,2
41444,5
41445,8
41446,3
41447,4
41448,6
41449,5
41450,7
41451,8
41452,5
41453,6
41454,5
41455,4
41456,7
41457,7
41458,5
41459,9
41460,5
41461,3
41462,8
41463,3
41464,2
41465,6
41466,6
41467,3
41468,5
41469,6
41470,4
41471,3
41472,4
41473,2
41474,7
41475,6
41476,5
41477,5
41478,2
41479,4
41480,4
41481,3
41482,6
41483,7
41484,11
41485,5
41486,4
41487,5
41488,8
41489,8
41490,9
41491,3
41492,5
41493,7
41494,11
41495,9
41496,5
41497,7
41498,6
41499,6
41500,7
41501,3
41502,9
41503,6
41504,7
41505,5
41506,5
41507,3
41508,6
41509,6
41510,5
41511,3
41512,2
41513,11
41514,3
41515,12
41516,6
41517,3
41518,5
41519,5
41520,6
41521,1
41522,5
41523,4
41524,5
41525,6
41526,5
41527,3
41528,7
41529,5
41530,3
41531,3
41532,3
41533,8
41534,4
41535,12
41536,2
41537,6
41538,3
41539,6
41540,3
41541,3
41542,7
41543,4
41544,3
41545,4
41546,7
41547,3
41548,2
41549,6
41550,5
41551,2
41552,3
41553,2
41554,3
41555,2
41556,6
41557,7
41558,7
41559,6
41560,5
41561,6
41562,7
41563,4
41564,6
41565,4
41566,9
41567,5
41568,5
41569,2
41570,5
41571,6
41572,4
41573,3
41574,6
41575,5
41576,3
41577,3
41578,3
41579,2
41580,1
41581,2
41582,7
41583,3
41584,4
41585,4
41586,1
41587,5
41588,8
41589,3
41590,1
41591,11
41592,7
41593,4
41594,6
41595,8
41596,5
41597,8
41598,1
41599,7
41600,5
41601,1
41602,6
41603,4
41604,4
41605,3
41606,4
41607,3
41608,5
41609,2
41610,4
41611,1
41612,9
41613,2
41614,3
41615,3
41616,6
41617,3
41618,6
41619,2
41620,3
41621,7
41622,4
41623,4
41624,6
41625,4
41626,4
41627,3
41628,4
41629,9
41630,4
41631,5
41632,3
41633,6
41634,7
41635,7
41636,8
41637,8
41638,6
41639,8
41640,5
41641,12
41642,5
41643,7
41644,4
41645,2
41646,11
41647,10
41648,9
41649,12
41650,7
41651,7
41652,7
41653,10
41654,3
41655,2
41656,3
41657,5
41658,5
41659,5
41660,5
41661,4
41662,7
41663,4
41664,3
41665,5
41666,4
41667,5
41668,4
41669,6
41670,1
41671,3
41672,5
41673,6
41674,6
41675,7
41676,6
41677,3
41678,6
41679,8
41680,9
41681,3
41682,9
41683,2
41684,1
41685,2
41686,5
41687,4
41688,5
41689,4
41690,3
41691,4
41692,6
41693,4
41694,7
41695,9
41696,4
41697,4
41698,7
41699,7
41700,5
41701,5
41702,6
41703,3
41704,3
41705,3
41706,2
41707,4
41708,3
41709,9
41710,3
41711,7
41712,3
41713,6
41714,2
41715,6
41716,5
41717,10
41718,3
41719,7
41720,5
41721,6
41722,5
41723,9
41724,3
41725,4
41726,7
41727,6
41728,6
41729,9
41730,4
41731,7
41732,5
41733,8
41734,6
41735,6
41736,7
41737,8
41738,9
41739,7
41740,9
41741,9
41742,8
41743,8
41744,10
41745,8
41746,9
41747,8
41748,6
41749,7
41750,8
41751,3
41752,7
41753,4
41754,3
41755,3
41756,3
41757,4
41758,5
41759,3
41760,10
41761,2
41762,3
41763,6
41764,2
41765,8
41766,5
41767,7
41768,4
41769,8
41770,5
41771,6
41772,5
41773,8
41774,0
41775,6
41776,2
41777,2
41778,4
41779,1
41780,6
41781,1
41782,5
41783,5
41784,2
41785,2
41786,6
41787,6
41788,3
41789,5
41790,3
41791,5
41792,4
41793,3
41794,6
41795,3
41796,1
41797,6
41798,5
41799,4
41800,3
41801,3
41802,3
41803,7
41804,1
41805,8
41806,5
41807,3
41808,7
41809,6
41810,6
41811,10
41812,5
41813,8
41814,5
41815,7
41816,7
41817,9
41818,6
41819,6
41820,8
41821,5
41822,10
41823,8
41824,2
41825,5
41826,7
41827,7
41828,4
41829,4
41830,6
41831,3
41832,6
41833,4
41834,8
41835,6
41836,4
41837,5
41838,10
41839,6
41840,5
41841,4
41842,7
41843,2
41844,5
41845,3
41846,5
41847,3
41848,6
41849,6
41850,6
41851,4
41852,5
41853,4
41854,3
41855,4
41856,4
41857,4
41858,3
41859,6
41860,6
41861,10
41862,4
41863,4
41864,4
41865,5
41866,6
41867,7
41868,9
41869,5
41870,8
41871,7
41872,8
41873,10
41874,5
41875,8
41876,4
41877,8
41878,7
41879,7
41880,5
41881,6
41882,9
41883,9
41884,5
41885,4
41886,6
41887,4
41888,7
41889,2
41890,6
41891,2
41892,2
41893,3
41894,1
41895,3
41896,5
41897,5
41898,3
41899,5
41900,8
41901,2
41902,2
41903,6
41904,12
41905,4
41906,6
41907,11
41908,4
41909,4
41910,4
41911,9
41912,6
41913,6
41914,4
41915,2
41916,6
41917,9
41918,10
41919,17
41920,7
41921,9
41922,6
41923,12
41924,10
41925,14
41926,14
41927,9
41928,10
41929,8
41930,7
41931,11
41932,9
41933,6
41934,12
41935,5
41936,5
41937,8
41938,8
41939,6
41940,7
41941,3
41942,3
41943,5
41944,7
41945,10
41946,9
41947,4
41948,5
41949,7
41950,4
41951,3
41952,4
41953,5
41954,3
41955,3
41956,6
41957,7
41958,4
41959,9
41960,4
41961,4
41962,6
41963,4
41964,7
41965,8
41966,4
41967,3
41968,6
41969,4
41970,9
41971,12
41972,10
41973,8
41974,8
41975,5
41976,8
41977,8
41978,5
41979,7
41980,6
41981,10
41982,11
41983,6
41984,4
41985,10
41986,6
41987,5
41988,6
41989,5
41990,7
41991,10
41992,7
41993,6
41994,3
41995,4
41996,5
41997,2
41998,3
41999,6
42000,4
42001,3
42002,4
42003,5
42004,3
42005,6
42006,4
42007,5
42008,6
42009,4
42010,4
42011,8
42012,4
42013,5
42014,7
42015,5
42016,8
42017,4
42018,8
42019,6
42020,5
42021,7
42022,5
42023,7
42024,5
42025,4
42026,7
42027,2
42028,2
42029,8
42030,2
42031,9
42032,6
42033,5
42034,5
42035,2
42036,4
42037,7
42038,8
42039,3
42040,7
42041,3
42042,4
42043,9
42044,8
42045,8
42046,4
42047,7
42048,8
42049,6
42050,7
42051,6
42052,9
42053,4
42054,9
42055,1
42056,9
42057,5
42058,7
42059,11
42060,4
42061,5
42062,5
42063,7
42064,2
42065,6
42066,4
42067,7
42068,5
42069,6
42070,7
42071,6
42072,2
42073,9
42074,5
42075,6
42076,6
42077,4
42078,6
42079,5
42080,5
42081,3
42082,7
42083,5
42084,6
42085,1
42086,9
42087,8
42088,9
42089,3
42090,9
42091,6
42092,10
42093,10
42094,11
42095,7
42096,11
42097,5
42098,6
42099,4
42100,9
42101,5
42102,9
42103,7
42104,7
42105,5
42106,5
42107,2
42108,4
42109,7
42110,4
42111,8
42112,3
42113,2
42114,5
42115,2
42116,8
42117,6
42118,4
42119,2
42120,3
42121,6
42122,1
42123,4
42124,5
42125,5
42126,1
42127,2
42128,6
42129,2
42130,3
42131,2
42132,6
42133,3
42134,6
42135,7
42136,1
42137,5
42138,6
42139,4
42140,5
42141,7
42142,2
42143,6
42144,5
42145,3
42146,8
42147,6
42148,7
42149,6
42150,4
42151,8
42152,4
42153,2
42154,4
42155,5
42156,1
42157,5
42158,10
42159,6
42160,7
42161,3
42162,5
42163,4
42164,5
42165,8
42166,6
42167,8
42168,6
42169,3
42170,7
42171,6
42172,6
42173,3
42174,2
42175,5
42176,3
42177,6
42178,7
42179,5
42180,3
42181,11
42182,6
42183,5
42184,7
42185,4
42186,5
42187,4
42188,3
42189,3
42190,2
42191,6
42192,3
42193,7
42194,6
42195,4
42196,3
42197,4
42198,4
42199,5
42200,5
42201,9
42202,7
42203,5
42204,6
42205,10
42206,6
42207,5
42208,6
42209,1
42210,4
42211,4
42212,2
42213,2
42214,5
42215,4
42216,6
42217,2
42218,5
42219,6
42220,4
42221,5
42222,5
42223,4
42224,6
42225,4
42226,6
42227,4
42228,5
42229,7
42230,3
42231,7
42232,2
42233,7
42234,3
42235,6
42236,4
42237,5
42238,6
42239,5
42240,7
42241,7
42242,8
42243,4
42244,1
42245,9
42246,5
42247,4
42248,6
42249,4
42250,4
42251,3
42252,4
42253,1
42254,4
42255,7
42256,5
42257,5
42258,3
42259,5
42260,3
42261,7
42262,8
42263,5
42264,7
42265,7
42266,7
42267,6
42268,4
42269,6
42270,4
42271,7
42272,5
42273,7
42274,7
42275,7
42276,4
42277,3
42278,2
42279,3
42280,4
42281,1
42282,1
42283,2
42284,2
42285,2
42286,3
42287,0
42288,5
42289,3
42290,1
42291,3
42292,2
42293,2
42294,2
42295,6
42296,1
42297,3
42298,8
42299,6
42300,3
42301,2
42302,4
42303,5
42304,8
42305,4
42306,5
42307,4
42308,3
42309,2
42310,2
42311,2
42312,5
42313,1
42314,6
42315,5
42316,3
42317,5
42318,7
42319,2
42320,5
42321,1
42322,4
42323,4
42324,3
42325,2
42326,0
42327,5
42328,1
42329,2
42330,0
42331,1
42332,3
42333,5
42334,3
42335,1
42336,6
42337,2
42338,3
42339,4
42340,1
42341,5
42342,3
42343,7
42344,1
42345,3
42346,5
42347,7
42348,4
42349,6
42350,6
42351,4
42352,3
42353,3
42354,5
42355,3
42356,3
42357,8
42358,4
42359,3
42360,3
42361,6
42362,6
42363,5
42364,7
42365,3
42366,4
42367,7
42368,1
42369,3
42370,3
42371,5
42372,3
42373,4
42374,7
42375,7
42376,6
42377,7
42378,7
42379,3
42380,4
42381,6
42382,8
42383,5
42384,4
42385,6
42386,4
42387,6
42388,2
42389,4
42390,7
42391,2
42392,3
42393,3
42394,4
42395,5
42396,5
42397,6
42398,8
42399,6
42400,1
42401,5
42402,3
42403,2
42404,3
42405,1
42406,3
42407,3
42408,3
42409,1
42410,3
42411,3
42412,3
42413,4
42414,4
42415,2
42416,4
42417,5
42418,4
42419,4
42420,4
42421,4
42422,6
42423,6
42424,6
42425,4
42426,5
42427,7
42428,3
42429,6
42430,4
42431,5
42432,3
42433,7
42434,6
42435,6
42436,4
42437,2
42438,6
42439,5
42440,8
42441,5
42442,7
42443,4
42444,7
42445,5
42446,3
42447,7
42448,3
42449,5
42450,3
42451,1
42452,7
42453,5
42454,2
42455,9
42456,4
42457,3
42458,6
42459,3
42460,3
42461,8
42462,4
42463,4
42464,7
42465,4
42466,5
42467,6
42468,2
42469,2
42470,3
42471,4
42472,3
42473,3
42474,6
42475,7
42476,1
42477,5
42478,6
42479,2
42480,3
42481,7
42482,4
42483,5
42484,7
42485,2
42486,3
42487,10
42488,3
42489,4
42490,7
42491,4
42492,7
42493,5
42494,4
42495,3
42496,6
42497,7
42498,9
42499,5
42500,7
42501,4
42502,4
42503,8
42504,5
42505,6
42506,7
42507,9
42508,7
42509,3
42510,7
42511,5
42512,7
42513,4
42514,6
42515,7
42516,11
42517,5
42518,7
42519,5
42520,9
42521,6
42522,4
42523,4
42524,8
42525,3
42526,4
42527,6
42528,5
42529,6
42530,5
42531,5
42532,2
42533,8
42534,4
42535,3
42536,2
42537,4
42538,5
42539,8
42540,5
42541,8
42542,3
42543,7
42544,6
42545,9
42546,5
42547,5
42548,6
42549,2
42550,8
42551,5
42552,4
42553,5
42554,7
42555,3
42556,5
42557,9
42558,5
42559,4
42560,7
42561,4
42562,2
42563,6
42564,10
42565,8
42566,6
42567,6
42568,9
42569,4
42570,10
42571,6
42572,6
42573,4
42574,7
42575,6
42576,5
42577,7
42578,5
42579,8
42580,6
42581,6
42582,9
42583,0
42584,7
42585,3
42586,3
42587,5
42588,3
42589,6
42590,7
42591,7
42592,6
42593,3
42594,5
42595,8
42596,6
42597,5
42598,8
42599,4
42600,7
42601,5
42602,2
42603,13
42604,6
42605,8
42606,7
42607,6
42608,6
42609,6
42610,10
42611,9
42612,9
42613,9
42614,6
42615,6
42616,5
42617,7
42618,8
42619,5
42620,7
42621,4
42622,8
42623,6
42624,5
42625,6
42626,8
42627,3
42628,6
42629,7
42630,5
42631,5
42632,8
42633,6
42634,4
42635,6
42636,6
42637,11
42638,4
42639,10
42640,6
42641,8
42642,9
42643,10
42644,6
42645,4
42646,6
42647,6
42648,9
42649,11
42650,8
42651,9
42652,6
42653,6
42654,4
42655,6
42656,6
42657,7
42658,3
42659,8
42660,7
42661,4
42662,9
42663,7
42664,7
42665,6
42666,6
42667,3
42668,7
42669,6
42670,5
42671,6
42672,2
42673,4
42674,6
42675,8
42676,3
42677,3
42678,6
42679,7
42680,5
42681,5
42682,8
42683,3
42684,8
42685,8
42686,8
42687,4
42688,2
42689,5
42690,4
42691,5
42692,9
42693,6
42694,4
42695,3
42696,5
42697,2
42698,6
42699,5
42700,8
42701,5
42702,3
42703,7
42704,3
42705,6
42706,6
42707,5
42708,6
42709,2
42710,5
42711,1
42712,5
42713,9
42714,4
42715,3
42716,6
42717,6
42718,4
42719,5
42720,9
42721,6
42722,4
42723,4
42724,4
42725,2
42726,4
42727,8
42728,3
42729,3
42730,2
42731,5
42732,2
42733,6
42734,6
42735,3
42736,5
42737,3
42738,4
42739,4
42740,3
42741,2
42742,3
42743,5
42744,4
42745,5
42746,6
42747,5
42748,9
42749,3
42750,5
42751,7
42752,3
42753,6
42754,4
42755,6
42756,7
42757,7
42758,6
42759,5
42760,3
42761,8
42762,8
42763,1
42764,2
42765,3
42766,0
42767,11
42768,4
42769,6
42770,3
42771,2
42772,5
42773,6
42774,4
42775,3
42776,5
42777,4
42778,3
42779,7
42780,5
42781,3
42782,6
42783,3
42784,5
42785,2
42786,8
42787,8
42788,3
42789,4
42790,4
42791,1
42792,4
42793,1
42794,6
42795,4
42796,3
42797,3
42798,3
42799,6
42800,5
42801,5
42802,3
42803,4
42804,3
42805,6
42806,3
42807,4
42808,5
42809,4
42810,4
42811,2
42812,4
42813,4
42814,2
42815,4
42816,2
42817,5
42818,5
42819,3
42820,5
42821,1
42822,5
42823,4
42824,8
42825,4
42826,3
42827,7
42828,7
42829,6
42830,3
42831,5
42832,6
42833,5
42834,4
42835,7
42836,3
42837,7
42838,5
42839,7
42840,6
42841,4
42842,2
42843,5
42844,8
42845,6
42846,5
42847,7
42848,9
42849,5
42850,9
42851,2
42852,3
42853,6
42854,2
42855,4
42856,6
42857,3
42858,8
42859,4
42860,8
42861,5
42862,6
42863,6
42864,4
42865,6
42866,6
42867,4
42868,3
42869,8
42870,3
42871,5
42872,2
42873,5
42874,2
42875,4
42876,2
42877,1
42878,4
42879,2
42880,4
42881,4
42882,3
42883,4
42884,3
42885,5
42886,5
42887,3
42888,4
42889,0
42890,8
42891,4
42892,3
42893,4
42894,3
42895,5
42896,4
42897,4
42898,3
42899,5
42900,1
42901,3
42902,4
42903,1
42904,4
42905,2
42906,4
42907,5
42908,5
42909,6
42910,9
42911,2
42912,4
42913,3
42914,0
42915,6
42916,5
42917,3
42918,5
42919,1
42920,1
42921,1
42922,2
42923,7
42924,6
42925,3
42926,5
42927,5
42928,6
42929,5
42930,8
42931,4
42932,5
42933,4
42934,5
42935,4
42936,3
42937,4
42938,4
42939,1
42940,4
42941,5
42942,3
42943,5
42944,6
42945,2
42946,3
42947,5
42948,5
42949,4
42950,9
42951,3
42952,7
42953,6
42954,7
42955,13
42956,7
42957,4
42958,5
42959,6
42960,1
42961,4
42962,5
42963,9
42964,6
42965,5
42966,4
42967,5
42968,5
42969,2
42970,6
42971,4
42972,5
42973,4
42974,6
42975,1
42976,5
42977,6
42978,3
42979,6
42980,5
42981,7
42982,3
42983,7
42984,9
42985,2
42986,7
42987,4
42988,6
42989,4
42990,4
42991,8
42992,6
42993,4
42994,8
42995,1
42996,5
42997,4
42998,4
42999,8
43000,4
43001,8
43002,10
43003,5
43004,6
43005,5
43006,5
43007,6
43008,7
43009,5
43010,3
43011,8
43012,5
43013,3
43014,4
43015,7
43016,5
43017,4
43018,9
43019,9
43020,5
43021,4
43022,6
43023,4
43024,6
43025,5
43026,5
43027,8
43028,4
43029,5
43030,7
43031,5
43032,8
43033,10
43034,2
43035,1
43036,4
43037,8
43038,8
43039,7
43040,6
43041,13
43042,9
43043,9
43044,0
43045,6
43046,5
43047,3
43048,4
43049,8
43050,7
43051,6
43052,4
43053,3
43054,5
43055,5
43056,5
43057,2
43058,6
43059,3
43060,7
43061,7
43062,5
43063,7
43064,5
43065,5
43066,3
43067,7
43068,6
43069,5
43070,7
43071,5
43072,4
43073,5
43074,7
43075,8
43076,6
43077,9
43078,13
43079,8
43080,6
43081,8
43082,9
43083,9
43084,5
43085,6
43086,11
43087,12
43088,5
43089,5
43090,4
43091,6
43092,5
43093,6
43094,3
43095,5
43096,5
43097,2
43098,6
43099,3
43100,5
43101,3
43102,6
43103,8
43104,5
43105,3
43106,8
43107,5
43108,4
43109,5
43110,2
43111,6
43112,3
43113,5
43114,8
43115,4
43116,10
43117,3
43118,5
43119,5
43120,7
43121,7
43122,6
43123,7
43124,3
43125,8
43126,7
43127,3
43128,4
43129,13
43130,2
43131,5
43132,6
43133,3
43134,4
43135,3
43136,7
43137,16
43138,9
43139,6
43140,11
43141,5
43142,10
43143,9
43144,8
43145,13
43146,6
43147,9
43148,9
43149,7
43150,7
43151,5
43152,7
43153,2
43154,5
43155,6
43156,8
43157,5
43158,9
43159,9
43160,9
43161,5
43162,8
43163,5
43164,2
43165,5
43166,8
43167,6
43168,4
43169,2
43170,4
43171,4
43172,4
43173,4
43174,4
43175,3
43176,3
43177,3
43178,4
43179,3
43180,3
43181,4
43182,4
43183,5
43184,2
43185,2
43186,5
43187,2
43188,3
43189,6
43190,5
43191,4
43192,1
43193,4
43194,2
43195,5
43196,4
43197,6
43198,6
43199,3
43200,7
43201,5
43202,6
43203,8
43204,5
43205,4
43206,6
43207,3
43208,6
43209,7
43210,8
43211,7
43212,5
43213,5
43214,2
43215,6
43216,6
43217,8
43218,6
43219,3
43220,4
43221,10
43222,5
43223,8
43224,5
43225,9
43226,4
43227,6
43228,8
43229,6
43230,9
43231,4
43232,6
43233,7
43234,8
43235,5
43236,5
43237,6
43238,6
43239,8
43240,4
43241,5
43242,8
43243,6
43244,4
43245,9
43246,6
43247,6
43248,5
43249,9
43250,5
43251,4
43252,8
43253,6
43254,6
43255,5
43256,6
43257,3
43258,11
43259,4
43260,9
43261,3
43262,4
43263,5
43264,6
43265,3
43266,2
43267,5
43268,6
43269,7
43270,6
43271,7
43272,3
43273,5
43274,3
43275,3
43276,5
43277,9
43278,3
43279,3
43280,5
43281,6
43282,3
43283,2
43284,3
43285,2
43286,6
43287,4
43288,3
43289,4
43290,6
43291,3
43292,8
43293,5
43294,7
43295,6
43296,3
43297,7
43298,5
43299,8
43300,4
43301,8
43302,5
43303,7
43304,7
43305,6
43306,6
43307,11
43308,4
43309,8
43310,5
43311,6
43312,7
43313,3
43314,7
43315,4
43316,4
43317,6
43318,8
43319,2
43320,7
43321,8
43322,2
43323,7
43324,5
43325,5
43326,2
43327,1
43328,5
43329,4
43330,7
43331,4
43332,6
43333,5
43334,7
43335,5
43336,10
43337,4
43338,6
43339,7
43340,5
43341,6
43342,4
43343,7
43344,8
43345,6
43346,3
43347,3
43348,5
43349,4
43350,4
43351,2
43352,3
43353,7
43354,1
43355,4
43356,10
43357,8
43358,7
43359,10
43360,1
43361,6
43362,4
43363,7
43364,5
43365,6
43366,4
43367,5
43368,7
43369,1
43370,3
43371,2
43372,4
43373,1
43374,5
43375,3
43376,5
43377,8
43378,6
43379,1
43380,6
43381,5
43382,3
43383,4
43384,5
43385,4
43386,4
43387,4
43388,4
43389,7
43390,2
43391,8
43392,3
43393,6
43394,6
43395,8
43396,8
43397,9
43398,9
43399,14
43400,4
43401,9
43402,8
43403,8
43404,4
43405,10
43406,5
43407,5
43408,3
43409,5
43410,5
43411,7
43412,8
43413,5
43414,8
43415,12
43416,5
43417,9
43418,2
43419,6
43420,2
43421,5
43422,2
43423,6
43424,8
43425,8
43426,8
43427,13
43428,7
43429,7
43430,11
43431,8
43432,7
43433,9
43434,6
43435,3
43436,4
43437,5
43438,3
43439,6
43440,4
43441,6
43442,5
43443,6
43444,5
43445,4
43446,6
43447,5
43448,5
43449,8
43450,2
43451,5
43452,4
43453,3
43454,6
43455,4
43456,5
43457,6
43458,2
43459,7
43460,2
43461,5
43462,4
43463,6
43464,3
43465,4
43466,6
43467,7
43468,5
43469,8
43470,3
43471,6
43472,5
43473,5
43474,2
43475,4
43476,3
43477,9
43478,6
43479,3
43480,6
43481,7
43482,6
43483,7
43484,9
43485,4
43486,9
43487,5
43488,6
43489,12
43490,6
43491,6
43492,6
43493,4
43494,3
43495,1
43496,4
43497,5
43498,3
43499,4
43500,5
43501,4
43502,1
43503,2
43504,3
43505,5
43506,3
43507,3
43508,3
43509,6
43510,5
43511,4
43512,7
43513,4
43514,9
43515,10
43516,5
43517,9
43518,8
43519,4
43520,10
43521,5
43522,4
43523,6
43524,4
43525,8
43526,1
43527,4
43528,7
43529,6
43530,5
43531,3
43532,4
43533,6
43534,6
43535,9
43536,6
43537,6
43538,4
43539,3
43540,6
43541,4
43542,6
43543,4
43544,5
43545,8
43546,2
43547,4
43548,6
43549,6
43550,6
43551,2
43552,4
43553,6
43554,3
43555,8
43556,8
43557,5
43558,5
43559,7
43560,7
43561,5
43562,6
43563,4
43564,8
43565,4
43566,5
43567,9
43568,2
43569,16
43570,8
43571,6
43572,9
43573,6
43574,6
43575,4
43576,6
43577,4
43578,8
43579,5
43580,7
43581,6
43582,9
43583,9
43584,3
43585,5
43586,8
43587,7
43588,4
43589,2
43590,7
43591,4
43592,4
43593,2
43594,2
43595,3
43596,7
43597,5
43598,5
43599,1
43600,9
43601,3
43602,6
43603,6
43604,3
43605,3
43606,3
43607,5
43608,5
43609,6
43610,5
43611,6
43612,5
43613,10
43614,4
43615,7
43616,2
43617,6
43618,4
43619,4
43620,6
43621,9
43622,7
43623,11
43624,4
43625,7
43626,6
43627,5
43628,6
43629,6
43630,8
43631,7
43632,11
43633,5
43634,6
43635,6
43636,1
43637,6
43638,4
43639,6
43640,4
43641,5
43642,7
43643,7
43644,5
43645,7
43646,6
43647,11
43648,6
43649,4
43650,11
43651,6
43652,4
43653,3
43654,6
43655,5
43656,8
43657,2
43658,5
43659,4
43660,4
43661,7
43662,5
43663,8
43664,4
43665,6
43666,2
43667,5
43668,4
43669,5
43670,4
43671,4
43672,6
43673,4
43674,4
43675,5
43676,6
43677,8
43678,4
43679,4
43680,5
43681,1
43682,8
43683,4
43684,3
43685,6
43686,1
43687,3
43688,6
43689,4
43690,4
43691,2
43692,7
43693,3
43694,4
43695,6
43696,8
43697,1
43698,3
43699,3
43700,3
43701,4
43702,7
43703,6
43704,5
43705,3
43706,2
43707,1
43708,6
43709,3
43710,4
43711,2
43712,3
43713,9
43714,3
43715,4
43716,3
43717,3
43718,5
43719,1
43720,7
43721,4
43722,3
43723,5
43724,5
43725,5
43726,4
43727,5
43728,8
43729,7
43730,9
43731,8
43732,5
43733,12
43734,9
43735,3
43736,9
43737,4
43738,9
43739,9
43740,8
43741,3
43742,5
43743,7
43744,5
43745,2
43746,4
43747,4
43748,5
43749,10
43750,8
43751,6
43752,11
43753,6
43754,5
43755,5
43756,5
43757,6
43758,4
43759,7
43760,5
43761,2
43762,5
43763,1
43764,3
43765,4
43766,5
43767,2
43768,2
43769,0
43770,4
43771,3
43772,4
43773,5
43774,5
43775,6
43776,3
43777,5
43778,8
43779,6
43780,6
43781,5
43782,1
43783,9
43784,5
43785,3
43786,5
43787,10
43788,6
43789,9
43790,6
43791,6
43792,5
43793,4
43794,9
43795,4
43796,5
43797,5
43798,8
43799,6
43800,7
43801,9
43802,7
43803,6
43804,8
43805,8
43806,12
43807,9
43808,6
43809,5
43810,8
43811,3
43812,6
43813,6
43814,8
43815,3
43816,5
43817,4
43818,4
43819,2
43820,7
43821,4
43822,5
43823,3
43824,1
43825,4
43826,4
43827,6
43828,7
43829,2
43830,5
43831,4
43832,3
43833,2
43834,4
43835,4
43836,6
43837,4
43838,5
43839,8
43840,10
43841,6
43842,6
43843,8
43844,4
43845,4
43846,3
43847,5
43848,4
43849,4
43850,3
43851,4
43852,3
43853,2
43854,3
43855,2
43856,2
43857,6
43858,3
43859,3
43860,3
43861,6
43862,5
43863,4
43864,4
43865,2
43866,7
43867,1
43868,3
43869,4
43870,6
43871,4
43872,4
43873,4
43874,9
43875,4
43876,3
43877,9
43878,6
43879,4
43880,6
43881,4
43882,6
43883,2
43884,5
43885,6
43886,7
43887,4
43888,4
43889,2
43890,4
43891,3
43892,9
43893,3
43894,4
43895,5
43896,4
43897,3
43898,4
43899,5
43900,5
43901,3
43902,3
43903,5
43904,4
43905,4
43906,7
43907,3
43908,8
43909,9
43910,8
43911,5
43912,3
43913,6
43914,5
43915,7
43916,4
43917,4
43918,1
43919,8
43920,3
43921,3
43922,8
43923,10
43924,4
43925,8
43926,11
43927,6
43928,10
43929,8
43930,9
43931,9
43932,4
43933,12
43934,6
43935,9
43936,12
43937,5
43938,5
43939,13
43940,5
43941,8
43942,10
43943,7
43944,8
43945,10
43946,4
43947,3
43948,5
43949,7
43950,7
43951,2
43952,7
43953,3
43954,4
43955,6
43956,4
43957,4
43958,5
43959,2
43960,8
43961,7
43962,4
43963,5
43964,8
43965,5
43966,10
43967,5
43968,5
43969,13
43970,5
43971,4
43972,7
43973,5
43974,6
43975,5
43976,6
43977,4
43978,5
43979,9
43980,6
43981,4
43982,8
43983,4
43984,3
43985,5
43986,5
43987,3
43988,8
43989,3
43990,8
43991,4
43992,9
43993,3
43994,2
43995,7
43996,4
43997,7
43998,7
43999,8
44000,6
44001,6
44002,7
44003,11
44004,5
44005,5
44006,5
44007,5
44008,2
44009,3
44010,4
44011,4
44012,6
44013,3
44014,5
44015,3
44016,10
44017,2
44018,6
44019,5
44020,4
44021,4
44022,7
44023,7
44024,4
44025,7
44026,1
44027,8
44028,8
44029,7
44030,6
44031,10
44032,4
44033,5
44034,9
44035,7
44036,6
44037,8
44038,7
44039,7
44040,7
44041,5
44042,3
44043,5
44044,11
44045,9
44046,3
44047,9
44048,6
44049,8
44050,4
44051,3
44052,6
44053,8
44054,9
44055,4
44056,5
44057,7
44058,6
44059,3
44060,8
44061,5
44062,3
44063,7
44064,3
44065,7
44066,4
44067,6
44068,7
44069,3
44070,7
44071,6
44072,8
44073,5
44074,5
44075,2
44076,3
44077,6
44078,8
44079,5
44080,4
44081,8
44082,5
44083,3
44084,3
44085,2
44086,8
44087,4
44088,6
44089,2
44090,6
44091,7
44092,7
44093,4
44094,2
44095,1
44096,8
44097,5
44098,3
44099,3
44100,5
44101,5
44102,7
44103,3
44104,5
44105,5
44106,4
44107,7
44108,9
44109,3
44110,2
44111,6
44112,1
44113,7
44114,3
44115,7
44116,4
44117,6
44118,7
44119,3
44120,8
44121,4
44122,5
44123,4
44124,3
44125,7
44126,8
44127,6
44128,7
44129,5
44130,4
44131,9
44132,5
44133,3
44134,3
44135,6
44136,3
44137,4
44138,2
44139,4
44140,5
44141,3
44142,3
44143,5
44144,2
44145,2
44146,6
44147,5
44148,5
44149,4
44150,1
44151,5
44152,7
44153,5
44154,2
44155,4
44156,5
44157,5
44158,4
44159,1
44160,5
44161,2
44162,7
44163,4
44164,4
44165,7
44166,10
44167,5
44168,3
44169,7
44170,6
44171,7
44172,5
44173,8
44174,6
44175,9
44176,6
44177,6
44178,7
44179,3
44180,5
44181,2
44182,7
44183,3
44184,7
44185,5
44186,7
44187,6
44188,3
44189,6
44190,7
44191,4
44192,4
44193,4
44194,7
44195,7
44196,9
44197,4
44198,5
44199,4
44200,4
44201,1
44202,6
44203,2
44204,4
44205,5
44206,11
44207,5
44208,3
44209,4
44210,7
44211,7
44212,5
44213,7
44214,5
44215,7
44216,3
44217,2
44218,4
44219,5
44220,6
44221,7
44222,3
44223,6
44224,6
44225,5
44226,4
44227,4
44228,2
44229,5
44230,5
44231,3
44232,8
44233,3
44234,3
44235,4
44236,4
44237,7
44238,5
44239,5
44240,4
44241,4
44242,4
44243,4
44244,6
44245,4
44246,6
44247,4
44248,3
44249,5
44250,4
44251,3
44252,4
44253,4
44254,4
44255,5
44256,5
44257,8
44258,3
44259,4
44260,5
44261,6
44262,4
44263,5
44264,4
44265,6
44266,11
44267,8
44268,7
44269,4
44270,8
44271,5
44272,4
44273,3
44274,5
44275,2
44276,6
44277,9
44278,5
44279,6
44280,6
44281,7
44282,8
44283,4
44284,4
44285,8
44286,6
44287,5
44288,4
44289,5
44290,7
44291,8
44292,5
44293,6
44294,5
44295,5
44296,8
44297,7
44298,3
44299,5
44300,3
44301,4
44302,5
44303,4
44304,7
44305,6
44306,4
44307,3
44308,6
44309,7
44310,5
44311,7
44312,5
44313,4
44314,7
44315,11
44316,4
44317,9
44318,6
44319,4
44320,10
44321,3
44322,6
44323,5
44324,4
44325,6
44326,6
44327,6
44328,9
44329,3
44330,6
44331,7
44332,5
44333,5
44334,2
44335,7
44336,4
44337,5
44338,4
44339,6
44340,6
44341,9
44342,3
44343,4
44344,6
44345,6
44346,3
44347,5
44348,7
44349,8
44350,8
44351,9
44352,5
44353,8
44354,6
44355,14
44356,7
44357,4
44358,6
44359,8
44360,5
44361,7
44362,9
44363,4
44364,1
44365,6
44366,4
44367,7
44368,6
44369,6
44370,4
44371,10
44372,2
44373,7
44374,6
44375,5
44376,4
44377,6
44378,6
44379,9
44380,5
44381,8
44382,8
44383,2
44384,5
44385,6
44386,5
44387,4
44388,7
44389,4
44390,3
44391,4
44392,5
44393,5
44394,8
44395,6
44396,10
44397,7
44398,3
44399,5
44400,9
44401,7
44402,7
44403,4
44404,5
44405,8
44406,7
44407,8
44408,6
44409,4
44410,8
44411,7
44412,9
44413,7
44414,7
44415,5
44416,9
44417,7
44418,3
44419,7
44420,7
44421,6
44422,7
44423,8
44424,5
44425,5
44426,5
44427,9
44428,4
44429,5
44430,4
44431,5
44432,5
44433,7
44434,6
44435,6
44436,8
44437,8
44438,4
44439,2
44440,6
44441,5
44442,6
44443,3
44444,6
44445,6
44446,3
44447,4
44448,6
44449,8
44450,7
44451,5
44452,5
44453,6
44454,8
44455,10
44456,8
44457,8
44458,9
44459,6
44460,8
44461,11
44462,9
44463,6
44464,7
44465,7
44466,6
44467,6
44468,7
44469,7
44470,7
44471,5
44472,4
44473,3
44474,9
44475,7
44476,5
44477,8
44478,3
44479,9
44480,7
44481,6
44482,5
44483,6
44484,6
44485,8
44486,3
44487,6
44488,6
44489,4
44490,8
44491,6
44492,8
44493,5
44494,4
44495,4
44496,5
44497,4
44498,3
44499,5
44500,5
44501,6
44502,6
44503,5
44504,5
44505,4
44506,5
44507,4
44508,8
44509,5
44510,8
44511,10
44512,7
44513,7
44514,5
44515,7
44516,8
44517,4
44518,8
44519,6
44520,5
44521,7
44522,4
44523,9
44524,3
44525,4
44526,4
44527,10
44528,7
44529,3
44530,6
44531,3
44532,5
44533,4
44534,4
44535,1
44536,7
44537,3
44538,11
44539,3
44540,6
44541,4
44542,3
44543,4
44544,4
44545,2
44546,7
44547,4
44548,6
44549,8
44550,4
44551,5
44552,6
44553,5
44554,4
44555,3
44556,1
44557,1
44558,4
44559,5
44560,3
44561,6
44562,3
44563,5
44564,2
44565,7
44566,3
44567,4
44568,4
44569,4
44570,5
44571,1
44572,1
44573,4
44574,3
44575,1
44576,6
44577,5
44578,3
44579,2
44580,3
44581,1
44582,0
44583,4
44584,4
44585,3
44586,5
44587,3
44588,5
44589,4
44590,6
44591,2
44592,6
44593,3
44594,4
44595,7
44596,7
44597,5
44598,5
44599,4
44600,5
44601,11
44602,7
44603,2
44604,6
44605,2
44606,5
44607,7
44608,3
44609,3
44610,7
44611,3
44612,2
44613,6
44614,5
44615,5
44616,7
44617,3
44618,5
44619,6
44620,0
44621,3
44622,6
44623,4
44624,4
44625,5
44626,3
44627,4
44628,6
44629,4
44630,4
44631,4
44632,1
44633,5
44634,6
44635,5
44636,8
44637,2
44638,5
44639,6
44640,4
44641,2
44642,3
44643,7
44644,2
44645,4
44646,4
44647,2
44648,6
44649,5
44650,2
44651,2
44652,7
44653,4
44654,7
44655,5
44656,5
44657,5
44658,5
44659,6
44660,2
44661,7
44662,7
44663,5
44664,4
44665,5
44666,8
44667,2
44668,5
44669,4
44670,7
44671,2
44672,6
44673,7
44674,7
44675,4
44676,5
44677,10
44678,6
44679,5
44680,5
44681,8
44682,6
44683,5
44684,3
44685,3
44686,5
44687,3
44688,2
44689,7
44690,3
44691,5
44692,2
44693,5
44694,5
44695,2
44696,3
44697,4
44698,5
44699,5
44700,7
44701,2
44702,6
44703,6
44704,7
44705,6
44706,8
44707,7
44708,10
44709,2
44710,7
44711,3
44712,3
44713,6
44714,2
44715,5
44716,8
44717,4
44718,4
44719,6
44720,1
44721,4
44722,4
44723,6
44724,7
44725,4
44726,6
44727,9
44728,10
44729,5
44730,4
44731,6
44732,6
44733,9
44734,5
44735,2
44736,5
44737,4
44738,7
44739,4
44740,4
44741,5
44742,5
44743,5
44744,1
44745,4
44746,4
44747,5
44748,5
44749,4
44750,7
44751,8
44752,5
44753,5
44754,3
44755,5
44756,8
44757,6
44758,5
44759,5
44760,3
44761,5
44762,8
44763,3
44764,4
44765,6
44766,6
44767,4
44768,5
44769,3
44770,7
44771,8
44772,2
44773,5
44774,6
44775,3
44776,8
44777,5
44778,6
44779,3
44780,6
44781,4
44782,4
44783,9
44784,5
44785,4
44786,6
44787,11
44788,4
44789,3
44790,4
44791,4
44792,6
44793,5
44794,6
44795,4
44796,10
44797,6
44798,7
44799,12
44800,11
44801,8
44802,7
44803,2
44804,5
44805,4
44806,4
44807,5
44808,3
44809,7
44810,4
44811,5
44812,5
44813,3
44814,6
44815,3
44816,9
44817,6
44818,6
44819,6
44820,7
44821,10
44822,4
44823,7
44824,7
44825,5
44826,4
44827,7
44828,5
44829,3
44830,4
44831,2
44832,4
44833,4
44834,4
44835,8
44836,6
44837,6
44838,5
44839,7
44840,5
44841,7
44842,3
44843,4
44844,4
44845,3
44846,5
44847,4
44848,4
44849,7
44850,3
44851,1
44852,5
44853,2
44854,4
44855,6
44856,6
44857,5
44858,6
44859,2
44860,4
44861,5
44862,7
44863,6
44864,4
44865,4
44866,2
44867,4
44868,8
44869,3
44870,2
44871,3
44872,1
44873,4
44874,2
44875,6
44876,3
44877,6
44878,2
44879,4
44880,4
44881,5
44882,5
44883,2
44884,5
44885,4
44886,3
44887,7
44888,3
44889,4
44890,4
44891,4
44892,2
44893,4
44894,3
44895,6
44896,3
44897,6
44898,6
44899,5
44900,5
44901,5
44902,6
44903,4
44904,9
44905,10
44906,8
44907,10
44908,8
44909,3
44910,12
44911,6
44912,3
44913,2
44914,7
44915,7
44916,3
44917,6
44918,5
44919,3
44920,8
44921,6
44922,2
44923,5
44924,5
44925,7
44926,5
44927,2
44928,5
44929,5
44930,6
44931,4
44932,2
44933,1
44934,3
44935,4
44936,0
44937,4
44938,8
44939,5
44940,3
44941,8
44942,4
44943,3
44944,2
44945,4
44946,3
44947,2
44948,3
44949,3
44950,2
44951,2
44952,3
44953,5
44954,1
44955,5
44956,3
44957,1
44958,5
44959,2
44960,4
44961,4
44962,3
44963,5
44964,3
44965,3
44966,3
44967,4
44968,4
44969,4
44970,4
44971,4
44972,4
44973,5
44974,2
44975,4
44976,4
44977,4
44978,4
44979,4
44980,2
44981,4
44982,5
44983,5
44984,4
44985,4
44986,4
44987,3
44988,5
44989,2
44990,5
44991,5
44992,4
44993,5
44994,5
44995,5
44996,2
44997,3
44998,7
44999,0
45000,4
45001,3
45002,4
45003,4
45004,7
45005,6
45006,4
45007,5
45008,4
45009,6
45010,8
45011,7
45012,6
45013,6
45014,6
45015,10
45016,6
45017,3
45018,6
45019,10
45020,4
45021,7
45022,7
45023,10
45024,5
45025,2
45026,3
45027,4
45028,6
45029,3
45030,2
45031,3
45032,4
45033,7
45034,5
45035,5
45036,9
45037,4
45038,9
45039,4
45040,5
45041,7
45042,8
45043,8
45044,5
45045,9
45046,7
45047,7
45048,9
45049,6
45050,7
45051,6
45052,3
45053,9
45054,5
45055,8
45056,2
45057,9
45058,5
45059,5
45060,6
45061,5
45062,4
45063,8
45064,5
45065,4
45066,3
45067,2
45068,6
45069,1
45070,3
45071,5
45072,4
45073,6
45074,5
45075,2
45076,4
45077,5
45078,6
45079,3
45080,8
45081,6
45082,7
45083,5
45084,3
45085,6
45086,7
45087,6
45088,4
45089,6
45090,3
45091,4
45092,6
45093,3
45094,5
45095,8
45096,11
45097,5
45098,10
45099,6
45100,9
45101,7
45102,13
45103,4
45104,7
45105,6
45106,8
45107,5
45108,7
45109,6
45110,5
45111,6
45112,7
45113,3
45114,3
45115,6
45116,8
45117,10
45118,6
45119,4
45120,7
45121,5
45122,5
45123,4
45124,9
45125,8
45126,6
45127,8
45128,5
45129,6
45130,8
45131,7
45132,5
45133,5
45134,7
45135,4
45136,8
45137,10
45138,4
45139,4
45140,5
45141,7
45142,7
45143,2
45144,7
45145,6
45146,1
45147,6
45148,6
45149,3
45150,9
45151,5
45152,4
45153,3
45154,5
45155,3
45156,5
45157,6
45158,5
45159,2
45160,6
45161,3
45162,6
45163,5
45164,6
45165,6
45166,2
45167,5
45168,4
45169,7
45170,2
45171,7
45172,3
45173,3
45174,4
45175,3
45176,6
45177,3
45178,6
45179,3
45180,4
45181,5
45182,5
45183,7
45184,9
45185,7
45186,5
45187,4
45188,6
45189,6
45190,6
45191,2
45192,3
45193,6
45194,2
45195,6
45196,2
45197,6
45198,4
45199,2
45200,3
45201,3
45202,3
45203,3
45204,4
45205,5
45206,3
45207,6
45208,3
45209,3
45210,5
45211,2
45212,4
45213,2
45214,1
45215,1
45216,4
45217,3
45218,3
45219,5
45220,4
45221,6
45222,2
45223,7
45224,4
45225,3
45226,3
45227,4
45228,4
45229,1
45230,6
45231,2
45232,5
45233,2
45234,2
45235,3
45236,4
45237,3
45238,6
45239,5
45240,5
45241,5
45242,9
45243,4
45244,5
45245,3
45246,6
45247,7
45248,6
45249,9
45250,3
45251,3
45252,7
45253,3
45254,5
45255,2
45256,3
45257,2
45258,2
45259,3
45260,3
45261,3
45262,1
45263,4
45264,1
45265,3
45266,3
45267,3
45268,3
45269,2
45270,4
45271,4
45272,1
45273,7
45274,2
45275,5
45276,3
45277,4
45278,4
45279,3
45280,2
45281,4
45282,1
45283,2
45284,3
45285,2
45286,3
45287,2
45288,3
45289,5
45290,6
45291,4
45292,5
45293,1
45294,3
45295,8
45296,7
45297,4
45298,7
45299,4
45300,4
45301,7
45302,2
45303,4
45304,5
45305,5
45306,2
45307,3
45308,2
45309,4
45310,5
45311,3
45312,5
45313,4
45314,7
45315,3
45316,7
45317,1
45318,7
45319,6
45320,5
45321,5
45322,5
45323,9
45324,9
45325,8
45326,7
45327,6
45328,6
45329,6
45330,5
45331,3
45332,5
45333,4
45334,4
45335,5
45336,6
45337,6
45338,3
45339,2
45340,8
45341,6
45342,4
45343,0
45344,2
45345,9
45346,2
45347,5
45348,2
45349,5
45350,3
45351,3
45352,3
45353,6
45354,5
45355,5
45356,4
45357,4
45358,9
45359,4
45360,4
45361,7
45362,3
45363,6
45364,5
45365,5
45366,4
45367,4
45368,5
45369,4
45370,4
45371,4
45372,11
45373,5
45374,2
45375,2
45376,5
45377,6
45378,4
45379,7
45380,3
45381,6
45382,3
45383,8
45384,4
45385,7
45386,5
45387,4
45388,4
45389,7
45390,5
45391,8
45392,0
45393,1
45394,2
45395,4
45396,3
45397,5
45398,6
45399,6
45400,4
45401,5
45402,1
45403,3
45404,5
45405,5
45406,4
45407,6
45408,7
45409,6
45410,2
45411,5
45412,6
45413,3
45414,7
45415,9
45416,3
45417,2
45418,9
45419,3
45420,4
45421,6
45422,4
45423,2
45424,7
45425,2
45426,3
45427,0
45428,2
45429,2
45430,2
45431,3
45432,3
45433,7
45434,5
45435,5
45436,10
45437,4
45438,6
45439,3
45440,4
45441,4
45442,4
45443,4
45444,5
45445,3
45446,1
45447,6
45448,4
45449,8
45450,8
45451,4
45452,5
45453,3
45454,9
45455,3
45456,4
45457,3
45458,6
45459,5
45460,4
45461,5
45462,3
45463,6
45464,8
45465,4
45466,7
45467,4
45468,6
45469,9
45470,4
45471,3
45472,7
45473,8
45474,7
45475,7
45476,9
45477,7
45478,9
45479,7
45480,3
45481,4
45482,4
45483,5
45484,4
45485,6
45486,5
45487,3
45488,6
45489,4
45490,7
45491,2
45492,3
45493,6
45494,0
45495,5
45496,6
45497,1
45498,4
45499,4
45500,2
45501,6
45502,2
45503,2
45504,4
45505,3
45506,2
45507,4
45508,1
45509,5
45510,2
45511,3
45512,2
45513,6
45514,0
45515,4
45516,7
45517,9
45518,8
45519,9
45520,8
45521,4
45522,0
45523,3
45524,3
45525,1
45526,4
45527,4
45528,4
45529,2
45530,4
45531,7
45532,5
45533,5
45534,4
45535,4
45536,9
45537,3
45538,5
45539,5
45540,3
45541,2
45542,3
45543,6
45544,3
45545,5
45546,1
45547,3
45548,5
45549,6
45550,3
45551,3
45552,3
45553,6
45554,9
45555,9
45556,5
45557,9
45558,2
45559,1
45560,5
45561,5
45562,8
45563,3
45564,3
45565,1
45566,2
45567,1
45568,7
45569,8
45570,2
45571,6
45572,5
45573,8
45574,3
45575,5
45576,3
45577,6
45578,7
45579,2
45580,7
45581,5
45582,6
45583,7
45584,6
45585,7
45586,5
45587,9
45588,8
45589,9
45590,5
45591,10
45592,6
45593,6
45594,9
45595,6
45596,10
45597,11
45598,5
45599,7
45600,4
45601,4
45602,8
45603,5
45604,4
45605,8
45606,6
45607,3
45608,9
45609,6
45610,7
45611,1
45612,8
45613,6
45614,5
45615,6
45616,4
45617,4
45618,4
45619,4
45620,4
45621,7
45622,3
45623,6
45624,3
45625,4
45626,3
45627,7
45628,2
45629,6
45630,4
45631,7
45632,7
45633,2
45634,6
45635,6
45636,6
45637,5
45638,4
45639,5
45640,6
45641,2
45642,6
45643,5
45644,3
45645,6
45646,3
45647,5
45648,3
45649,6
45650,2
45651,5
45652,2
45653,6
45654,2
45655,4
45656,3
45657,5
45658,5
45659,4
45660,7
45661,4
45662,4
45663,7
45664,2
45665,0
45666,9
45667,4
45668,5
45669,2
45670,4
45671,1
45672,4
45673,7
45674,6
45675,3
45676,5
45677,5
45678,4
45679,9
45680,4
45681,2
45682,4
45683,6
45684,6
45685,6
45686,5
45687,3
45688,4
45689,6
45690,3
45691,6
45692,5
45693,5
45694,6
45695,7
45696,4
45697,7
45698,4
45699,3
45700,8
45701,4
45702,6
45703,4
45704,1
45705,3
45706,6
45707,6
45708,3
45709,6
45710,5
45711,5
45712,5
45713,4
45714,1
45715,2
45716,2
45717,5
45718,7
45719,4
45720,4
45721,5
45722,6
45723,2
45724,5
45725,2
45726,3
45727,2
45728,5
45729,2
45730,6
45731,1
45732,2
45733,6
45734,2
45735,4
45736,5
45737,3
45738,3
45739,3
45740,2
45741,2
45742,3
45743,4
45744,2
45745,1
45746,5
45747,2
45748,2
45749,3
45750,5
45751,5
45752,3
45753,6
45754,7
45755,2
45756,2
45757,3
45758,2
45759,6
45760,6
45761,6
45762,5
45763,4
45764,5
45765,5
45766,1
45767,3
45768,1
45769,6
45770,4
45771,2
45772,4
45773,2
45774,3
45775,3
45776,4
45777,3
45778,5
45779,7
45780,0
45781,9
45782,9
45783,5
45784,1
45785,1
45786,4
45787,3
45788,4
45789,1
45790,3
45791,3
45792,2
45793,5
45794,4
45795,3
45796,10
45797,7
45798,2
45799,3
45800,6
45801,3
45802,2
45803,8
45804,2
45805,4
45806,6
45807,1
45808,2
45809,4
45810,2
45811,9
45812,4
45813,5
45814,10
45815,5
45816,7
45817,6
45818,11
45819,7
45820,3
45821,4
45822,6
45823,7
45824,9
45825,4
45826,4
45827,5
45828,6
45829,5
45830,5
45831,8
45832,3
45833,5
45834,4
45835,3
45836,6
45837,4
45838,4
45839,4
45840,9
45841,3
45842,4
45843,3
45844,11
45845,4
45846,4
45847,5
45848,5
45849,5
45850,4
45851,6
45852,7
45853,4
45854,3
45855,7
45856,4
45857,4
45858,3
45859,4
45860,3
45861,5
45862,7
45863,5
45864,5
45865,7
45866,4
45867,7
45868,8
45869,5
45870,8
45871,3
45872,8
45873,4
45874,7
45875,4
45876,7
45877,3
45878,5
45879,3
45880,3
45881,6
45882,4
45883,3
45884,8
45885,3
45886,2
45887,3
45888,2
45889,8
45890,2
45891,4
45892,3
45893,4
45894,5
45895,2
45896,2
45897,4
45898,4
45899,6
45900,4
45901,6
45902,7
45903,3
45904,4
45905,9
45906,8
45907,9
45908,8
45909,6
45910,7
45911,11
45912,5
45913,6
45914,9
45915,6
45916,7
45917,6
45918,10
45919,10
45920,7
45921,7
45922,4
45923,4
45924,8
45925,6
45926,4
45927,2
45928,5
45929,5
45930,3
45931,6
45932,9
45933,5
45934,4
45935,8
45936,12
45937,6
45938,3
45939,2
45940,7
45941,6
45942,9
45943,5
45944,6
45945,9
45946,6
45947,9
45948,7
45949,5
45950,6
45951,4
45952,8
45953,7
45954,10
45955,5
45956,5
45957,7
45958,4
45959,6
45960,6
45961,4
45962,5
45963,5
45964,8
45965,5
45966,7
45967,3
45968,3
45969,2
45970,11
45971,3
45972,5
45973,9
45974,5
45975,4
45976,6
45977,6
45978,7
45979,3
45980,2
45981,4
45982,7
45983,5
45984,2
45985,2
45986,6
45987,3
45988,7
45989,8
45990,4
45991,1
45992,3
45993,2
45994,4
45995,3
45996,6
45997,1
45998,4
45999,7
46000,4
46001,3
46002,1
46003,5
46004,3
46005,2
46006,3
46007,1
46008,5
46009,7
46010,2
46011,4
46012,6
46013,1
46014,3
46015,3
46016,7
46017,1
46018,3
46019,5
46020,3
46021,4
46022,2
46023,3
46024,5
46025,5
46026,3
46027,6
46028,7
46029,4
46030,5
46031,7
46032,4
46033,8
46034,4
46035,7
46036,7
46037,6
46038,10
46039,1
46040,4
46041,3
46042,3
46043,5
46044,4
46045,5
46046,3
46047,4
46048,3
46049,3
46050,5
46051,5
46052,3
46053,3
46054,6
46055,2
46056,2
46057,3
46058,2
46059,3
46060,3
46061,3
46062,7
46063,2
46064,2
46065,4
46066,7
46067,6
46068,4
46069,2
46070,6
46071,6
46072,5
46073,4
46074,2
46075,2
46076,4
46077,2
46078,3
46079,2
46080,8
46081,0
46082,3
46083,8
46084,5
46085,5
46086,2
46087,5
46088,3
46089,5
46090,1
46091,4
46092,7
46093,4
46094,2
46095,3
46096,3
46097,4
46098,5
46099,0
46100,2
46101,4
46102,4
46103,7
46104,5
46105,5
46106,8
46107,8
46108,5
46109,7
46110,4
46111,6
46112,4
46113,4
46114,5
46115,4
46116,5
46117,3
46118,4
46119,7
46120,7
46121,2
46122,6
46123,5
46124,2
46125,4
46126,5
46127,7
46128,4
46129,6
46130,5
46131,5
46132,9
46133,8
46134,7
46135,8
46136,3
46137,6
46138,7
46139,6
46140,6
46141,3
46142,4
46143,6
46144,2
46145,7
46146,5
46147,4
46148,4
46149,4
46150,2
46151,2
46152,4
46153,2
46154,6
46155,1
46156,2
46157,4
46158,4
46159,4
46160,3
46161,2
46162,6
46163,3
46164,5
46165,6
46166,4
46167,3
46168,3
46169,6
46170,3
46171,4
46172,4
46173,1
46174,2
46175,1
46176,4
46177,1
46178,1
46179,2
46180,1
46181,1
46182,2
46183,2
46184,3
46185,3
46186,0
46187,2
46188,3
46189,5
46190,3
46191,4
46192,2
46193,2
46194,3
46195,1
46196,2
46197,2
46198,3
46199,3
46200,3
46201,1
46202,3
46203,2
46204,5
46205,3
46206,1
46207,4
46208,2
46209,4
46210,4
46211,2
46212,3
46213,3
46214,2
46215,5
46216,1
46217,4
46218,2
46219,2
46220,0
46221,4
46222,2
46223,1
46224,3
46225,1
46226,1
46227,3
46228,5
46229,5
46230,3
46231,1
46232,8
46233,5
46234,3
46235,7
46236,5
46237,3
46238,5
46239,0
46240,6
46241,4
46242,1
46243,5
46244,2
46245,5
46246,4
46247,3
46248,3
46249,1
46250,2
46251,2
46252,4
46253,4
46254,7
46255,2
46256,6
46257,3
46258,7
46259,3
46260,4
46261,2
46262,4
46263,6
46264,3
46265,4
46266,3
46267,3
46268,7
46269,5
46270,4
46271,2
46272,5
46273,5
46274,5
46275,3
46276,7
46277,5
46278,3
46279,4
46280,6
46281,6
46282,4
46283,5
46284,2
46285,8
46286,4
46287,6
46288,1
46289,3
46290,5
46291,1
46292,3
46293,4
46294,9
46295,4
46296,7
46297,5
46298,2
46299,3
46300,5
46301,3
46302,4
46303,3
46304,4
46305,5
46306,4
46307,4
46308,6
46309,3
46310,3
46311,4
46312,4
46313,5
46314,2
46315,4
46316,7
46317,3
46318,6
46319,2
46320,6
46321,5
46322,5
46323,10
46324,6
46325,6
46326,6
46327,7
46328,4
46329,6
46330,4
46331,7
46332,6
46333,3
46334,5
46335,8
46336,5
46337,7
46338,5
46339,8
46340,4
46341,6
46342,10
46343,10
46344,9
46345,9
46346,6
46347,6
46348,5
46349,6
46350,6
46351,3
46352,6
46353,7
46354,6
46355,9
46356,7
46357,5
46358,7
46359,11
46360,5
46361,6
46362,9
46363,4
46364,9
46365,7
46366,4
46367,2
46368,5
46369,5
46370,5
46371,7
46372,7
46373,5
46374,6
46375,11
46376,12
46377,5
46378,6
46379,7
46380,6
46381,3
46382,1
46383,4
46384,5
46385,5
46386,4
46387,3
46388,2
46389,5
46390,4
46391,4
46392,9
46393,5
46394,6
46395,4
46396,4
46397,4
46398,2
46399,5
46400,3
46401,2
46402,6
46403,3
46404,5
46405,1
46406,4
46407,4
46408,5
46409,4
46410,5
46411,6
46412,7
46413,3
46414,3
46415,2
46416,5
46417,4
46418,4
46419,6
46420,4
46421,9
46422,4
46423,5
46424,4
46425,5
46426,4
46427,3
46428,5
46429,8
46430,4
46431,1
46432,5
46433,2
46434,5
46435,3
46436,4
46437,9
46438,2
46439,7
46440,6
46441,5
46442,6
46443,2
46444,7
46445,5
46446,4
46447,3
46448,7
46449,6
46450,2
46451,3
46452,2
46453,3
46454,1
46455,2
46456,5
46457,1
46458,1
46459,6
46460,4
46461,2
46462,1
46463,3
46464,4
46465,3
46466,3
46467,9
46468,7
46469,3
46470,6
46471,12
46472,2
46473,6
46474,6
46475,4
46476,4
46477,3
46478,6
46479,7
46480,3
46481,3
46482,5
46483,4
46484,5
46485,5
46486,3
46487,3
46488,3
46489,4
46490,3
46491,2
46492,3
46493,2
46494,4
46495,2
46496,5
46497,2
46498,5
46499,0
46500,4
46501,7
46502,2
46503,3
46504,3
46505,1
46506,5
46507,1
46508,3
46509,1
46510,5
46511,4
46512,2
46513,2
46514,1
46515,6
46516,2
46517,5
46518,0
46519,5
46520,4
46521,4
46522,2
46523,8
46524,1
46525,3
46526,5
46527,3
46528,2
46529,5
46530,3
46531,4
46532,2
46533,2
46534,5
46535,4
46536,6
46537,5
46538,3
46539,2
46540,8
46541,9
46542,5
46543,4
46544,4
46545,4
46546,7
46547,7
46548,6
46549,5
46550,4
46551,1
46552,6
46553,4
46554,1
46555,5
46556,3
46557,7
46558,5
46559,2
46560,5
46561,4
46562,4
46563,3
46564,4
46565,2
46566,5
46567,4
46568,4
46569,5
46570,6
46571,2
46572,4
46573,9
46574,4
46575,3
46576,3
46577,5
46578,5
46579,7
46580,5
46581,4
46582,5
46583,3
46584,6
46585,6
46586,3
46587,3
46588,5
46589,2
46590,6
46591,5
46592,3
46593,3
46594,5
46595,5
46596,3
46597,4
46598,5
46599,2
46600,4
46601,3
46602,8
46603,8
46604,4
46605,5
46606,7
46607,8
46608,10
46609,9
46610,4
46611,10
46612,9
46613,2
46614,4
46615,4
46616,5
46617,1
46618,3
46619,6
46620,4
46621,2
46622,4
46623,4
46624,5
46625,3
46626,5
46627,4
46628,4
46629,5
46630,3
46631,6
46632,2
46633,5
46634,6
46635,8
46636,2
46637,7
46638,2
46639,10
46640,4
46641,6
46642,4
46643,3
46644,3
46645,5
46646,2
46647,4
46648,4
46649,3
46650,6
46651,4
46652,3
46653,2
46654,3
46655,2
46656,3
46657,8
46658,5
46659,5
46660,1
46661,8
46662,3
46663,3
46664,4
46665,7
46666,7
46667,2
46668,8
46669,2
46670,7
46671,10
46672,7
46673,9
46674,3
46675,9
46676,10
46677,9
46678,5
46679,9
46680,4
46681,5
46682,5
46683,6
46684,5
46685,7
46686,6
46687,6
46688,6
46689,4
46690,2
46691,4
46692,7
46693,8
46694,4
46695,6
46696,2
46697,8
46698,4
46699,4
46700,5
46701,4
46702,4
46703,8
46704,3
46705,1
46706,4
46707,2
46708,4
46709,1
46710,4
46711,7
46712,5
46713,4
46714,4
46715,8
46716,3
46717,7
46718,6
46719,7
46720,8
46721,3
46722,6
46723,8
46724,6
46725,1
46726,8
46727,3
46728,7
46729,5
46730,2
46731,1
46732,3
46733,5
46734,7
46735,2
46736,5
46737,3
46738,9
46739,3
46740,3
46741,6
46742,0
46743,3
46744,5
46745,4
46746,4
46747,4
46748,4
46749,4
46750,2
46751,4
46752,0
46753,3
46754,4
46755,2
46756,2
46757,4
46758,5
46759,4
46760,3
46761,7
46762,5
46763,2
46764,7
46765,3
46766,6
46767,8
46768,9
46769,6
46770,8
46771,7
46772,4
46773,6
46774,9
46775,4
46776,10
46777,4
46778,6
46779,3
46780,5
46781,7
46782,4
46783,2
46784,5
46785,4
46786,4
46787,6
46788,3
46789,7
46790,7
46791,3
46792,8
46793,6
46794,4
46795,11
46796,6
46797,4
46798,6
46799,6
46800,8
46801,7
46802,5
46803,6
46804,4
46805,10
46806,5
46807,9
46808,5
46809,1
46810,12
46811,1
46812,6
46813,6
46814,4
46815,2
46816,1
46817,3
46818,2
46819,3
46820,5
46821,5
46822,3
46823,4
46824,2
46825,4
46826,0
46827,1
46828,3
46829,4
46830,5
46831,3
46832,4
46833,3
46834,2
46835,3
46836,5
46837,3
46838,1
46839,2
46840,1
46841,3
46842,4
46843,3
46844,4
46845,4
46846,7
46847,3
46848,3
46849,6
46850,8
46851,3
46852,9
46853,6
46854,1
46855,5
46856,7
46857,7
46858,4
46859,2
46860,3
46861,2
46862,2
46863,5
46864,3
46865,6
46866,5
46867,3
46868,4
46869,8
46870,6
46871,4
46872,8
46873,9
46874,10
46875,8
46876,5
46877,8
46878,8
46879,4
46880,7
46881,5
46882,5
46883,8
46884,1
46885,3
46886,8
46887,7
46888,5
46889,4
46890,6
46891,8
46892,5
46893,4
46894,4
46895,9
46896,7
46897,5
46898,5
46899,2
46900,4
46901,1
46902,3
46903,5
46904,5
46905,4
46906,5
46907,4
46908,1
46909,5
46910,3
46911,1
46912,6
46913,4
46914,4
46915,2
46916,4
46917,3
46918,5
46919,4
46920,3
46921,4
46922,3
46923,8
46924,3
46925,4
46926,6
46927,3
46928,5
46929,6
46930,2
46931,2
46932,7
46933,2
46934,2
46935,4
46936,2
46937,1
46938,5
46939,1
46940,2
46941,3
46942,3
46943,1
46944,6
46945,2
46946,5
46947,6
46948,6
46949,6
46950,7
46951,12
46952,2
46953,4
46954,7
46955,6
46956,1
46957,2
46958,3
46959,4
46960,8
46961,6
46962,5
46963,6
46964,6
46965,2
46966,5
46967,5
46968,3
46969,3
46970,5
46971,0
46972,2
46973,4
46974,5
46975,3
46976,3
46977,6
46978,4
46979,2
46980,7
46981,5
46982,7
46983,7
46984,7
46985,6
46986,5
46987,7
46988,4
46989,7
46990,4
46991,5
46992,4
46993,4
46994,7
46995,0
46996,5
46997,2
46998,4
46999,4
47000,3
47001,6
47002,4
47003,4
47004,2
47005,6
47006,4
47007,5
47008,6
47009,6
47010,6
47011,5
47012,4
47013,7
47014,7
47015,7
47016,6
47017,6
47018,3
47019,9
47020,4
47021,7
47022,3
47023,1
47024,7
47025,7
47026,4
47027,3
47028,7
47029,4
47030,5
47031,4
47032,7
47033,7
47034,3
47035,5
47036,3
47037,4
47038,4
47039,5
47040,8
47041,0
47042,7
47043,4
47044,3
47045,6
47046,5
47047,3
47048,6
47049,3
47050,3
47051,6
47052,3
47053,5
47054,6
47055,4
47056,7
47057,6
47058,4
47059,3
47060,5
47061,8
47062,5
47063,6
47064,5
47065,6
47066,3
47067,2
47068,9
47069,7
47070,4
47071,3
47072,1
47073,5
47074,4
47075,3
47076,2
47077,3
47078,5
47079,2
47080,3
47081,3
47082,4
47083,4
47084,3
47085,2
47086,2
47087,2
47088,6
47089,5
47090,4
47091,5
47092,7
47093,8
47094,1
47095,4
47096,3
47097,2
47098,4
47099,2
47100,5
47101,4
47102,6
47103,2
47104,1
47105,5
47106,3
47107,3
47108,7
47109,2
47110,5
47111,3
47112,3
47113,3
47114,1
47115,2
47116,5
47117,6
47118,4
47119,3
47120,1
47121,6
47122,2
47123,3
47124,4
47125,2
47126,3
47127,4
47128,3
47129,6
47130,5
47131,6
47132,0
47133,5
47134,5
47135,7
47136,4
47137,5
47138,5
47139,6
47140,5
47141,2
47142,6
47143,5
47144,1
47145,4
47146,2
47147,3
47148,1
47149,2
47150,4
47151,5
47152,5
47153,5
47154,1
47155,4
47156,4
47157,7
47158,6
47159,4
47160,4
47161,4
47162,7
47163,3
47164,4
47165,7
47166,6
47167,4
47168,5
47169,3
47170,7
47171,5
47172,2
47173,6
47174,5
47175,6
47176,3
47177,2
47178,7
47179,2
47180,10
47181,4
47182,4
47183,1
47184,7
47185,5
47186,4
47187,4
47188,6
47189,4
47190,3
47191,3
47192,3
47193,5
47194,5
47195,5
47196,3
47197,2
47198,6
47199,5
47200,3
47201,5
47202,8
47203,8
47204,7
47205,9
47206,7
47207,5
47208,6
47209,4
47210,4
47211,3
47212,4
47213,4
47214,4
47215,6
47216,3
47217,6
47218,3
47219,5
47220,3
47221,6
47222,5
47223,1
47224,6
47225,4
47226,2
47227,6
47228,6
47229,4
47230,6
47231,3
47232,5
47233,4
47234,8
47235,3
47236,4
47237,4
47238,5
47239,9
47240,8
47241,7
47242,14
47243,8
47244,12
47245,8
47246,9
47247,9
47248,6
47249,5
47250,5
47251,4
47252,4
47253,4
47254,3
47255,2
47256,3
47257,3
47258,1
47259,4
47260,3
47261,6
47262,4
47263,4
47264,3
47265,4
47266,2
47267,2
47268,3
47269,0
47270,4
47271,5
47272,2
47273,3
47274,2
47275,2
47276,5
47277,2
47278,2
47279,3
47280,4
47281,4
47282,4
47283,3
47284,2
47285,3
47286,5
47287,1
47288,6
47289,5
47290,7
47291,2
47292,4
47293,2
47294,3
47295,4
47296,3
47297,4
47298,4
47299,3
47300,2
47301,4
47302,3
47303,6
47304,2
47305,5
47306,3
47307,4
47308,5
47309,1
47310,3
47311,1
47312,3
47313,4
47314,5
47315,2
47316,4
47317,2
47318,1
47319,5
47320,4
47321,3
47322,4
47323,2
47324,5
47325,8
47326,4
47327,3
47328,1
47329,2
47330,6
47331,1
47332,5
47333,5
47334,3
47335,6
47336,4
47337,3
47338,3
47339,5
47340,4
47341,4
47342,4
47343,3
47344,2
47345,4
47346,0
47347,5
47348,2
47349,6
47350,4
47351,4
47352,3
47353,6
47354,2
47355,4
47356,5
47357,1
47358,2
47359,9
47360,8
47361,5
47362,7
47363,4
47364,10
47365,6
47366,4
47367,8
47368,4
47369,7
47370,8
47371,7
47372,6
47373,10
47374,6
47375,4
47376,6
47377,3
47378,5
47379,4
47380,4
47381,10
47382,6
47383,3
47384,3
47385,7
47386,6
47387,4
47388,10
47389,9
47390,6
47391,5
47392,4
47393,4
47394,6
47395,4
47396,7
47397,6
47398,7
47399,5
47400,6
47401,2
47402,4
47403,4
47404,8
47405,6
47406,5
47407,3
47408,4
47409,6
47410,6
47411,6
47412,5
47413,6
47414,6
47415,3
47416,3
47417,6
47418,4
47419,4
47420,6
47421,5
47422,5
47423,3
47424,2
47425,1
47426,4
47427,2
47428,9
47429,3
47430,4
47431,2
47432,1
47433,6
47434,6
47435,1
47436,4
47437,5
47438,4
47439,2
47440,4
47441,5
47442,6
47443,7
47444,6
47445,4
47446,4
47447,2
47448,2
47449,5
47450,5
47451,6
47452,5
47453,5
47454,5
47455,3
47456,7
47457,3
47458,3
47459,5
47460,1
47461,2
47462,2
47463,5
47464,1
47465,6
47466,3
47467,4
47468,3
47469,3
47470,2
47471,2
47472,3
47473,5
47474,3
47475,4
47476,5
47477,4
47478,2
47479,6
47480,5
47481,4
47482,3
47483,2
47484,2
47485,3
47486,4
47487,7
47488,4
47489,2
47490,3
47491,6
47492,6
47493,7
47494,4
47495,5
47496,5
47497,4
47498,3
47499,5
47500,3
47501,4
47502,3
47503,2
47504,4
47505,5
47506,4
47507,5
47508,4
47509,7
47510,2
47511,7
47512,5
47513,4
47514,2
47515,5
47516,4
47517,3
47518,4
47519,2
47520,7
47521,3
47522,6
47523,2
47524,4
47525,2
47526,5
47527,6
47528,5
47529,6
47530,4
47531,8
47532,4
47533,3
47534,7
47535,5
47536,6
47537,7
47538,3
47539,3
47540,6
47541,7
47542,3
47543,8
47544,4
47545,3
47546,5
47547,3
47548,5
47549,7
47550,7
47551,8
47552,3
47553,6
47554,6
47555,4
47556,3
47557,1
47558,4
47559,4
47560,6
47561,7
47562,7
47563,7
47564,5
47565,2
47566,4
47567,7
47568,4
47569,4
47570,7
47571,6
47572,6
47573,4
47574,7
47575,5
47576,4
47577,7
47578,5
47579,7
47580,10
47581,5
47582,10
47583,5
47584,4
47585,7
47586,4
47587,4
47588,8
47589,10
47590,7
47591,6
47592,5
47593,4
47594,5
47595,6
47596,7
47597,7
47598,6
47599,9
47600,12
47601,8
47602,13
47603,11
47604,10
47605,5
47606,4
47607,5
47608,9
47609,5
47610,4
47611,5
47612,5
47613,8
47614,4
47615,5
47616,4
47617,4
47618,2
47619,4
47620,4
47621,4
47622,7
47623,5
47624,3
47625,4
47626,2
47627,4
47628,5
47629,4
47630,2
47631,5
47632,4
47633,6
47634,3
47635,6
47636,5
47637,7
47638,5
47639,4
47640,6
47641,3
47642,4
47643,2
47644,2
47645,4
47646,2
47647,2
47648,7
47649,4
47650,4
47651,2
47652,5
47653,9
47654,3
47655,3
47656,7
47657,8
47658,3
47659,3
47660,7
47661,6
47662,7
47663,7
47664,6
47665,4
47666,3
47667,3
47668,0
47669,5
47670,6
47671,4
47672,8
47673,4
47674,5
47675,9
47676,5
47677,9
47678,2
47679,4
47680,4
47681,11
47682,7
47683,6
47684,3
47685,3
47686,1
47687,7
47688,6
47689,2
47690,6
47691,3
47692,7
47693,2
47694,7
47695,5
47696,8
47697,3
47698,5
47699,4
47700,8
47701,4
47702,2
47703,4
47704,5
47705,6
47706,3
47707,3
47708,5
47709,0
47710,4
47711,4
47712,3
47713,3
47714,4
47715,9
47716,2
47717,6
47718,3
47719,2
47720,9
47721,1
47722,7
47723,4
47724,7
47725,9
47726,2
47727,3
47728,6
47729,4
47730,5
47731,3
47732,3
47733,2
47734,1
47735,4
47736,8
47737,4
47738,4
47739,5
47740,7
47741,7
47742,3
47743,6
47744,8
47745,5
47746,5
47747,6
47748,7
47749,4
47750,4
47751,7
47752,4
47753,7
47754,8
47755,9
47756,7
47757,9
47758,9
47759,9
47760,7
47761,7
47762,6
47763,14
47764,4
47765,5
47766,6
47767,9
47768,5
47769,8
47770,5
47771,7
47772,5
47773,5
47774,4
47775,11
47776,12
47777,4
47778,9
47779,4
47780,9
47781,6
47782,5
47783,4
47784,7
47785,6
47786,5
47787,7
47788,4
47789,3
47790,7
47791,5
47792,7
47793,8
47794,4
47795,6
47796,5
47797,4
47798,3
47799,3
47800,6
47801,2
47802,2
47803,2
47804,4
47805,6
47806,3
47807,1
47808,2
47809,2
47810,5
47811,3
47812,5
47813,6
47814,1
47815,3
47816,4
47817,3
47818,7
47819,5
47820,4
47821,6
47822,5
47823,6
47824,3
47825,3
47826,5
47827,3
47828,3
47829,5
47830,6
47831,2
47832,4
47833,5
47834,8
47835,7
47836,6
47837,7
47838,3
47839,9
47840,8
47841,5
47842,4
47843,5
47844,5
47845,3
47846,6
47847,5
47848,6
47849,8
47850,3
47851,6
47852,3
47853,6
47854,3
47855,7
47856,3
47857,3
47858,5
47859,4
47860,3
47861,5
47862,3
47863,2
47864,2
47865,3
47866,5
47867,4
47868,6
47869,4
47870,1
47871,4
47872,2
47873,4
47874,4
47875,5
47876,3
47877,7
47878,1
47879,9
47880,3
47881,8
47882,6
47883,4
47884,7
47885,2
47886,6
47887,3
47888,1
47889,5
47890,8
47891,4
47892,4
47893,3
47894,6
47895,5
47896,3
47897,3
47898,7
47899,4
47900,4
47901,6
47902,3
47903,2
47904,5
47905,4
47906,5
47907,7
47908,3
47909,4
47910,1
47911,2
47912,6
47913,2
47914,3
47915,6
47916,1
47917,3
47918,5
47919,2
47920,4
47921,3
47922,6
47923,4
47924,4
47925,4
47926,7
47927,5
47928,2
47929,4
47930,6
47931,6
47932,3
47933,3
47934,5
47935,4
47936,6
47937,6
47938,9
47939,3
47940,6
47941,4
47942,8
47943,6
47944,8
47945,2
47946,5
47947,9
47948,8
47949,4
47950,3
47951,6
47952,5
47953,4
47954,11
47955,5
47956,4
47957,5
47958,8
47959,7
47960,1
47961,6
47962,4
47963,4
47964,9
47965,2
47966,4
47967,6
47968,4
47969,2
47970,4
47971,4
47972,6
47973,3
47974,8
47975,8
47976,3
47977,8
47978,5
47979,7
47980,7
47981,9
47982,5
47983,4
47984,10
47985,8
47986,10
47987,6
47988,7
47989,8
47990,2
47991,4
47992,6
47993,7
47994,5
47995,5
47996,4
47997,7
47998,5
47999,7
48000,6
48001,6
48002,9
48003,5
48004,2
48005,9
48006,5
48007,4
48008,2
48009,4
48010,5
48011,6
48012,7
48013,6
48014,6
48015,5
48016,9
48017,8
48018,5
48019,7
48020,5
48021,7
48022,5
48023,7
48024,6
48025,2
48026,6
48027,6
48028,5
48029,7
48030,7
48031,2
48032,5
48033,5
48034,5
48035,3
48036,5
48037,3
48038,2
48039,2
48040,4
48041,4
48042,2
48043,5
48044,3
48045,8
48046,10
48047,2
48048,3
48049,4
48050,6
48051,7
48052,5
48053,7
48054,5
48055,7
48056,5
48057,6
48058,4
48059,1
48060,6
48061,3
48062,7
48063,5
48064,7
48065,10
48066,4
48067,9
48068,6
48069,5
48070,3
48071,11
48072,2
48073,7
48074,6
48075,4
48076,9
48077,3
48078,8
48079,8
48080,3
48081,1
48082,2
48083,2
48084,2
48085,5
48086,6
48087,4
48088,5
48089,7
48090,5
48091,6
48092,7
48093,4
48094,9
48095,5
48096,5
48097,2
48098,9
48099,7
48100,3
48101,6
48102,3
48103,6
48104,3
48105,4
48106,4
48107,5
48108,6
48109,5
48110,7
48111,1
48112,5
48113,3
48114,1
48115,4
48116,6
48117,4
48118,3
48119,5
48120,8
48121,4
48122,5
48123,3
48124,3
48125,2
48126,6
48127,1
48128,2
48129,4
48130,3
48131,3
48132,8
48133,6
48134,1
48135,7
48136,5
48137,5
48138,6
48139,5
48140,1
48141,4
48142,1
48143,5
48144,3
48145,5
48146,8
48147,6
48148,6
48149,4
48150,6
48151,4
48152,4
48153,2
48154,4
48155,6
48156,6
48157,4
48158,4
48159,11
48160,2
48161,8
48162,9
48163,5
48164,3
48165,8
48166,5
48167,6
48168,10
48169,8
48170,4
48171,8
48172,6
48173,7
48174,7
48175,8
48176,7
48177,5
48178,8
48179,8
48180,1
48181,4
48182,3
48183,8
48184,3
48185,4
48186,7
48187,5
48188,6
48189,4
48190,5
48191,9
48192,6
48193,9
48194,6
48195,9
48196,10
48197,7
48198,8
48199,4
48200,6
48201,8
48202,7
48203,4
48204,5
48205,4
48206,3
48207,6
48208,3
48209,4
48210,3
48211,3
48212,3
48213,4
48214,1
48215,4
48216,3
48217,6
48218,4
48219,5
48220,4
48221,2
48222,5
48223,4
48224,2
48225,5
48226,4
48227,6
48228,1
48229,6
48230,6
48231,2
48232,1
48233,1
48234,2
48235,3
48236,5
48237,7
48238,9
48239,5
48240,6
48241,2
48242,4
48243,2
48244,2
48245,1
48246,2
48247,4
48248,4
48249,3
48250,0
48251,2
48252,4
48253,2
48254,3
48255,4
48256,2
48257,4
48258,3
48259,2
48260,3
48261,4
48262,1
48263,0
48264,5
48265,3
48266,4
48267,2
48268,1
48269,4
48270,2
48271,2
48272,2
48273,1
48274,2
48275,4
48276,3
48277,3
48278,4
48279,7
48280,4
48281,9
48282,7
48283,5
48284,3
48285,5
48286,3
48287,4
48288,2
48289,4
48290,4
48291,6
48292,2
48293,5
48294,2
48295,3
48296,5
48297,3
48298,5
48299,5
48300,3
48301,2
48302,7
48303,4
48304,2
48305,3
48306,2
48307,7
48308,7
48309,4
48310,6
48311,6
48312,8
48313,9
48314,3
48315,10
48316,3
48317,3
48318,4
48319,2
48320,3
48321,5
48322,6
48323,4
48324,2
48325,1
48326,3
48327,2
48328,5
48329,5
48330,6
48331,2
48332,3
48333,5
48334,3
48335,5
48336,2
48337,4
48338,4
48339,4
48340,4
48341,4
48342,5
48343,5
48344,4
48345,7
48346,6
48347,3
48348,6
48349,3
48350,1
48351,4
48352,11
48353,6
48354,2
48355,7
48356,5
48357,3
48358,5
48359,6
48360,8
48361,6
48362,7
48363,6
48364,8
48365,9
48366,2
48367,6
48368,6
48369,2
48370,7
48371,6
48372,8
48373,6
48374,6
48375,3
48376,6
48377,7
48378,3
48379,1
48380,3
48381,5
48382,6
48383,4
48384,6
48385,6
48386,5
48387,8
48388,4
48389,2
48390,6
48391,6
48392,5
48393,5
48394,5
48395,6
48396,8
48397,7
48398,8
48399,6
48400,6
48401,6
48402,13
48403,9
48404,5
48405,6
48406,2
48407,4
48408,4
48409,2
48410,3
48411,7
48412,6
48413,4
48414,9
48415,2
48416,8
48417,9
48418,5
48419,2
48420,4
48421,6
48422,3
48423,2
48424,4
48425,2
48426,2
48427,5
48428,3
48429,0
48430,4
48431,3
48432,4
48433,4
48434,2
48435,2
48436,7
48437,4
48438,3
48439,0
48440,5
48441,9
48442,0
48443,6
48444,4
48445,3
48446,9
48447,8
48448,6
48449,3
48450,8
48451,1
48452,3
48453,5
48454,9
48455,4
48456,4
48457,6
48458,4
48459,3
48460,1
48461,2
48462,2
48463,4
48464,3
48465,6
48466,2
48467,6
48468,3
48469,3
48470,5
48471,4
48472,1
48473,3
48474,7
48475,3
48476,6
48477,3
48478,6
48479,3
48480,7
48481,3
48482,6
48483,4
48484,5
48485,6
48486,8
48487,3
48488,4
48489,2
48490,5
48491,4
48492,4
48493,7
48494,6
48495,5
48496,7
48497,9
48498,10
48499,4
48500,6
48501,6
48502,10
48503,7
48504,5
48505,7
48506,7
48507,7
48508,5
48509,5
48510,7
48511,5
48512,8
48513,3
48514,4
48515,5
48516,3
48517,2
48518,4
48519,5
48520,6
48521,2
48522,2
48523,7
48524,2
48525,5
48526,4
48527,5
48528,6
48529,4
48530,3
48531,9
48532,4
48533,2
48534,4
48535,8
48536,4
48537,4
48538,7
48539,4
48540,6
48541,5
48542,5
48543,7
48544,9
48545,3
48546,10
48547,2
48548,7
48549,9
48550,4
48551,7
48552,4
48553,6
48554,7
48555,4
48556,5
48557,13
48558,4
48559,4
48560,6
48561,6
48562,5
48563,11
48564,4
48565,6
48566,10
48567,4
48568,3
48569,5
48570,7
48571,8
48572,3
48573,5
48574,7
48575,8
48576,5
48577,9
48578,8
48579,7
48580,3
48581,7
48582,6
48583,10
48584,9
48585,12
48586,11
48587,3
48588,9
48589,6
48590,2
48591,3
48592,3
48593,11
48594,5
48595,2
48596,8
48597,5
48598,9
48599,7
48600,3
48601,6
48602,8
48603,3
48604,6
48605,10
48606,9
48607,6
48608,9
48609,5
48610,8
48611,4
48612,7
48613,4
48614,5
48615,4
48616,5
48617,5
48618,7
48619,7
48620,5
48621,4
48622,6
48623,5
48624,5
48625,7
48626,8
48627,4
48628,8
48629,5
48630,4
48631,4
48632,5
48633,8
48634,4
48635,5
48636,11
48637,5
48638,7
48639,3
48640,4
48641,6
48642,6
48643,4
48644,5
48645,7
48646,3
48647,9
48648,3
48649,5
48650,7
48651,8
48652,4
48653,4
48654,3
48655,7
48656,4
48657,7
48658,8
48659,6
48660,3
48661,5
48662,7
48663,2
48664,6
48665,5
48666,7
48667,7
48668,3
48669,7
48670,5
48671,6
48672,4
48673,5
48674,6
48675,7
48676,8
48677,6
48678,4
48679,3
48680,3
48681,5
48682,3
48683,7
48684,6
48685,6
48686,4
48687,6
48688,4
48689,6
48690,6
48691,2
48692,3
48693,3
48694,2
48695,4
48696,2
48697,5
48698,7
48699,2
48700,10
48701,5
48702,3
48703,7
48704,5
48705,3
48706,6
48707,7
48708,4
48709,6
48710,3
48711,7
48712,1
48713,3
48714,9
48715,4
48716,4
48717,4
48718,8
48719,2
48720,4
48721,4
48722,4
48723,6
48724,1
48725,3
48726,2
48727,3
48728,4
48729,6
48730,3
48731,2
48732,5
48733,8
48734,5
48735,6
48736,7
48737,5
48738,3
48739,9
48740,4
48741,8
48742,5
48743,5
48744,6
48745,5
48746,9
48747,5
48748,6
48749,4
48750,3
48751,3
48752,6
48753,5
48754,2
48755,5
48756,4
48757,3
48758,3
48759,4
48760,3
48761,3
48762,3
48763,3
48764,4
48765,0
48766,6
48767,5
48768,4
48769,4
48770,1
48771,6
48772,2
48773,3
48774,3
48775,3
48776,2
48777,8
48778,2
48779,4
48780,3
48781,7
48782,4
48783,3
48784,5
48785,8
48786,3
48787,9
48788,3
48789,5
48790,2
48791,3
48792,3
48793,4
48794,6
48795,8
48796,4
48797,6
48798,5
48799,8
48800,6
48801,4
48802,6
48803,5
48804,4
48805,5
48806,9
48807,3
48808,6
48809,2
48810,9
48811,3
48812,6
48813,6
48814,3
48815,9
48816,4
48817,10
48818,7
48819,5
48820,5
48821,6
48822,6
48823,8
48824,4
48825,7
48826,2
48827,2
48828,1
48829,4
48830,1
48831,1
48832,2
48833,4
48834,4
48835,0
48836,3
48837,10
48838,3
48839,5
48840,5
48841,5
48842,3
48843,2
48844,5
48845,5
48846,5
48847,2
48848,6
48849,5
48850,4
48851,3
48852,1
48853,3
48854,4
48855,3
48856,2
48857,6
48858,4
48859,3
48860,2
48861,5
48862,6
48863,3
48864,7
48865,5
48866,4
48867,7
48868,4
48869,3
48870,3
48871,4
48872,4
48873,5
48874,5
48875,4
48876,5
48877,2
48878,4
48879,4
48880,3
48881,4
48882,6
48883,6
48884,7
48885,5
48886,7
48887,4
48888,4
48889,11
48890,8
48891,6
48892,12
48893,9
48894,11
48895,4
48896,9
48897,6
48898,6
48899,11
48900,7
48901,6
48902,6
48903,6
48904,5
48905,7
48906,9
48907,5
48908,7
48909,9
48910,9
48911,4
48912,8
48913,2
48914,8
48915,4
48916,5
48917,4
48918,4
48919,6
48920,6
48921,7
48922,7
48923,9
48924,7
48925,4
48926,7
48927,4
48928,7
48929,7
48930,3
48931,5
48932,2
48933,5
48934,3
48935,5
48936,6
48937,4
48938,4
48939,5
48940,3
48941,7
48942,7
48943,4
48944,5
48945,5
48946,2
48947,6
48948,5
48949,4
48950,3
48951,8
48952,3
48953,7
48954,1
48955,2
48956,1
48957,3
48958,5
48959,1
48960,8
48961,1
48962,1
48963,5
48964,6
48965,3
48966,5
48967,2
48968,8
48969,5
48970,7
48971,3
48972,7
48973,6
48974,2
48975,1
48976,3
48977,5
48978,4
48979,4
48980,5
48981,2
48982,5
48983,4
48984,6
48985,1
48986,3
48987,3
48988,3
48989,2
48990,4
48991,7
48992,6
48993,3
48994,3
48995,3
48996,4
48997,4
48998,3
48999,6
49000,3
49001,6
49002,1
49003,4
49004,10
49005,2
49006,4
49007,5
49008,2
49009,4
49010,2
49011,4
49012,6
49013,3
49014,4
49015,5
49016,7
49017,7
49018,5
49019,2
49020,3
49021,6
49022,2
49023,3
49024,6
49025,3
49026,6
49027,5
49028,4
49029,3
49030,5
49031,1
49032,3
49033,5
49034,4
49035,6
49036,2
49037,2
49038,4
49039,6
49040,8
49041,3
49042,3
49043,2
49044,5
49045,5
49046,3
49047,6
49048,8
49049,4
49050,5
49051,1
49052,3
49053,6
49054,2
49055,6
49056,6
49057,2
49058,6
49059,4
49060,4
49061,10
49062,5
49063,3
49064,3
49065,3
49066,3
49067,5
49068,1
49069,4
49070,2
49071,7
49072,5
49073,7
49074,7
49075,7
49076,5
49077,1
49078,6
49079,8
49080,5
49081,6
49082,4
49083,6
49084,5
49085,4
49086,4
49087,7
49088,6
49089,7
49090,5
49091,7
49092,1
49093,8
49094,7
49095,6
49096,8
49097,3
49098,5
49099,4
49100,5
49101,6
49102,5
49103,7
49104,5
49105,6
49106,6
49107,7
49108,6
49109,5
49110,1
49111,5
49112,4
49113,3
49114,6
49115,3
49116,6
49117,7
49118,9
49119,8
49120,4
49121,8
49122,8
49123,6
49124,10
49125,5
49126,5
49127,4
49128,8
49129,4
49130,8
49131,3
49132,6
49133,5
49134,8
49135,7
49136,8
49137,9
49138,8
49139,8
49140,6
49141,8
49142,9
49143,7
49144,8
49145,8
49146,4
49147,7
49148,1
49149,8
49150,4
49151,5
49152,7
49153,4
49154,4
49155,5
49156,2
49157,3
49158,5
49159,8
49160,3
49161,8
49162,5
49163,11
49164,5
49165,8
49166,7
49167,9
49168,7
49169,5
49170,5
49171,6
49172,7
49173,2
49174,3
49175,1
49176,8
49177,4
49178,5
49179,5
49180,6
49181,5
49182,2
49183,3
49184,4
49185,7
49186,8
49187,4
49188,4
49189,5
49190,5
49191,6
49192,2
49193,4
49194,4
49195,6
49196,5
49197,4
49198,3
49199,1
49200,7
49201,4
49202,3
49203,7
49204,2
49205,2
49206,5
49207,5
49208,3
49209,7
49210,3
49211,2
49212,2
49213,4
49214,6
49215,4
49216,5
49217,7
49218,2
49219,4
49220,4
49221,8
49222,1
49223,7
49224,2
49225,3
49226,2
49227,6
49228,3
49229,2
49230,3
49231,2
49232,2
49233,3
49234,2
49235,5
49236,4
49237,5
49238,4
49239,5
49240,7
49241,5
49242,2
49243,7
49244,4
49245,4
49246,6
49247,5
49248,4
49249,5
49250,3
49251,3
49252,4
49253,6
49254,6
49255,3
49256,4
49257,7
49258,4
49259,3
49260,6
49261,4
49262,4
49263,2
49264,6
49265,6
49266,8
49267,7
49268,7
49269,0
49270,6
49271,4
49272,1
49273,6
49274,1
49275,3
49276,4
49277,6
49278,6
49279,4
49280,3
49281,5
49282,6
49283,4
49284,2
49285,3
49286,1
49287,5
49288,7
49289,3
49290,2
49291,7
49292,3
49293,3
49294,5
49295,2
49296,2
49297,2
49298,1
49299,5
49300,2
49301,2
49302,3
49303,6
49304,3
49305,3
49306,5
49307,3
49308,2
49309,5
49310,4
49311,4
49312,3
49313,9
49314,1
49315,4
49316,3
49317,3
49318,2
49319,4
49320,4
49321,4
49322,2
49323,7
49324,6
49325,3
49326,1
49327,3
49328,6
49329,2
49330,4
49331,7
49332,3
49333,4
49334,5
49335,1
49336,1
49337,4
49338,2
49339,3
49340,3
49341,6
49342,4
49343,4
49344,2
49345,6
49346,4
49347,5
49348,1
49349,5
49350,6
49351,3
49352,3
49353,3
49354,4
49355,5
49356,2
49357,3
49358,2
49359,5
49360,3
49361,2
49362,2
49363,3
49364,2
49365,4
49366,4
49367,5
49368,5
49369,2
49370,6
49371,6
49372,3
49373,5
49374,4
49375,2
49376,3
49377,2
49378,3
49379,5
49380,6
49381,4
49382,3
49383,4
49384,6
49385,3
49386,3
49387,5
49388,4
49389,6
49390,3
49391,4
49392,3
49393,8
49394,2
49395,0
49396,1
49397,3
49398,3
49399,2
49400,8
49401,4
49402,3
49403,3
49404,4
49405,2
49406,3
49407,2
49408,3
49409,4
49410,2
49411,4
49412,2
49413,4
49414,5
49415,8
49416,4
49417,11
49418,7
49419,7
49420,5
49421,5
49422,4
49423,5
49424,7
49425,5
49426,8
49427,8
49428,0
49429,7
49430,1
49431,4
49432,0
49433,8
49434,1
49435,6
49436,2
49437,8
49438,5
49439,10
49440,1
49441,4
49442,5
49443,3
49444,2
49445,3
49446,1
49447,2
49448,2
49449,2
49450,5
49451,3
49452,5
49453,4
49454,2
49455,2
49456,3
49457,6
49458,4
49459,2
49460,3
49461,4
49462,4
49463,3
49464,7
49465,4
49466,5
49467,2
49468,1
49469,3
49470,2
49471,8
49472,5
49473,1
49474,2
49475,4
49476,1
49477,2
49478,0
49479,4
49480,4
49481,1
49482,5
49483,3
49484,1
49485,2
49486,2
49487,4
49488,3
49489,2
49490,4
49491,1
49492,7
49493,4
49494,3
49495,3
49496,2
49497,5
49498,1
49499,5
49500,3
49501,6
49502,5
49503,4
49504,1
49505,7
49506,1
49507,4
49508,3
49509,2
49510,6
49511,2
49512,1
49513,8
49514,4
49515,5
49516,5
49517,5
49518,0
49519,3
49520,4
49521,0
49522,2
49523,2
49524,0
49525,2
49526,3
49527,2
49528,4
49529,3
49530,5
49531,2
49532,2
49533,7
49534,1
49535,2
49536,3
49537,4
49538,2
49539,9
49540,4
49541,5
49542,6
49543,3
49544,2
49545,5
49546,4
49547,4
49548,3
49549,6
49550,5
49551,8
49552,3
49553,6
49554,4
49555,7
49556,4
49557,2
49558,5
49559,2
49560,6
49561,6
49562,5
49563,3
49564,7
49565,5
49566,9
49567,3
49568,3
49569,4
49570,4
49571,4
49572,4
49573,3
49574,4
49575,4
49576,4
49577,4
49578,5
49579,5
49580,3
49581,2
49582,4
49583,2
49584,5
49585,2
49586,2
49587,5
49588,2
49589,7
49590,3
49591,4
49592,4
49593,7
49594,4
49595,4
49596,4
49597,3
49598,4
49599,4
49600,5
49601,6
49602,2
49603,5
49604,4
49605,5
49606,8
49607,7
49608,8
49609,6
49610,2
49611,4
49612,6
49613,7
49614,7
49615,3
49616,3
49617,3
49618,3
49619,1
49620,6
49621,4
49622,3
49623,3
49624,3
49625,9
49626,6
49627,8
49628,8
49629,6
49630,4
49631,2
49632,7
49633,6
49634,6
49635,4
49636,9
49637,6
49638,2
49639,5
49640,6
49641,10
49642,3
49643,6
49644,4
49645,2
49646,2
49647,6
49648,4
49649,2
49650,4
49651,2
49652,3
49653,5
49654,3
49655,5
49656,2
49657,6
49658,2
49659,3
49660,5
49661,2
49662,4
49663,4
49664,3
49665,3
49666,2
49667,6
49668,2
49669,2
49670,5
49671,4
49672,2
49673,3
49674,0
49675,1
49676,1
49677,3
49678,5
49679,6
49680,3
49681,6
49682,5
49683,4
49684,5
49685,6
49686,2
49687,5
49688,6
49689,7
49690,3
49691,9
49692,5
49693,2
49694,7
49695,3
49696,3
49697,4
49698,5
49699,5
49700,3
49701,3
49702,3
49703,2
49704,4
49705,3
49706,3
49707,3
49708,6
49709,3
49710,2
49711,5
49712,6
49713,7
49714,6
49715,3
49716,3
49717,3
49718,6
49719,2
49720,1
49721,5
49722,1
49723,4
49724,8
49725,5
49726,3
49727,4
49728,3
49729,9
49730,3
49731,3
49732,5
49733,6
49734,4
49735,2
49736,3
49737,5
49738,9
49739,4
49740,3
49741,2
49742,6
49743,5
49744,1
49745,6
49746,5
49747,8
49748,6
49749,8
49750,7
49751,8
49752,4
49753,4
49754,4
49755,8
49756,4
49757,4
49758,4
49759,4
49760,1
49761,4
49762,3
49763,2
49764,3
49765,5
49766,2
49767,4
49768,1
49769,3
49770,3
49771,6
49772,9
49773,4
49774,5
49775,2
49776,5
49777,6
49778,3
49779,4
49780,10
49781,4
49782,3
49783,6
49784,6
49785,5
49786,5
49787,3
49788,4
49789,3
49790,2
49791,4
49792,5
49793,5
49794,4
49795,4
49796,5
49797,6
49798,3
49799,3
49800,4
49801,3
49802,6
49803,5
49804,4
49805,6
49806,3
49807,5
49808,5
49809,3
49810,5
49811,2
49812,3
49813,3
49814,5
49815,2
49816,2
49817,5
49818,3
49819,4
49820,2
49821,3
49822,2
49823,5
49824,0
49825,8
49826,1
49827,2
49828,5
49829,2
49830,3
49831,2
49832,1
49833,3
49834,2
49835,3
49836,4
49837,5
49838,5
49839,2
49840,2
49841,4
49842,3
49843,3
49844,4
49845,6
49846,4
49847,1
49848,3
49849,4
49850,2
49851,2
49852,1
49853,4
49854,3
49855,8
49856,5
49857,7
49858,8
49859,6
49860,4
49861,4
49862,3
49863,4
49864,3
49865,3
49866,2
49867,1
49868,4
49869,3
49870,3
49871,3
49872,1
49873,5
49874,0
49875,2
49876,2
49877,3
49878,5
49879,8
49880,5
49881,7
49882,2
49883,7
49884,2
49885,4
49886,2
49887,5
49888,2
49889,6
49890,4
49891,2
49892,5
49893,2
49894,3
49895,1
49896,7
49897,4
49898,7
49899,4
49900,1
49901,4
49902,3
49903,2
49904,2
49905,2
49906,2
49907,3
49908,3
49909,2
49910,2
49911,6
49912,3
49913,5
49914,1
49915,5
49916,2
49917,8
49918,3
49919,4
49920,6
49921,5
49922,4
49923,5
49924,8
49925,6
49926,2
49927,6
49928,5
49929,5
49930,3
49931,5
49932,2
49933,10
49934,4
49935,7
49936,3
49937,6
49938,6
49939,6
49940,5
49941,2
49942,5
49943,7
49944,6
49945,2
49946,6
49947,3
49948,3
49949,4
49950,6
49951,5
49952,0
49953,4
49954,0
49955,5
49956,4
49957,0
49958,3
49959,4
49960,5
49961,1
49962,7
49963,3
49964,8
49965,1
49966,3
49967,4
49968,4
49969,2
49970,5
49971,2
49972,5
49973,2
49974,3
49975,4
49976,3
49977,5
49978,2
49979,2
49980,1
49981,3
49982,5
49983,3
49984,3
49985,2
49986,5
49987,6
49988,5
49989,4
49990,5
49991,5
49992,4
49993,6
49994,3
49995,6
49996,4
49997,3
49998,2
49999,2
50000,2
50001,3
50002,8
50003,5
50004,2
50005,4
50006,3
50007,1
50008,2
50009,1
50010,4
50011,3
50012,2
50013,2
50014,3
50015,3
50016,2
50017,5
50018,3
50019,5
50020,2
50021,6
50022,9
50023,6
50024,8
50025,8
50026,8
50027,7
50028,2
50029,5
50030,4
50031,4
50032,4
50033,5
50034,5
50035,3
50036,4
50037,4
50038,4
50039,2
50040,1
50041,6
50042,3
50043,4
50044,4
50045,5
50046,1
50047,6
50048,3
50049,5
50050,6
50051,10
50052,5
50053,5
50054,1
50055,6
50056,7
50057,6
50058,0
50059,8
50060,9
50061,6
50062,8
50063,7
50064,10
50065,7
50066,7
50067,8
50068,8
50069,5
50070,4
50071,6
50072,5
50073,8
50074,6
50075,8
50076,8
50077,9
50078,6
50079,8
50080,7
50081,4
50082,10
50083,9
50084,8
50085,9
50086,4
50087,5
50088,3
50089,7
50090,6
50091,6
50092,7
50093,9
50094,5
50095,7
50096,13
50097,3
50098,4
50099,8
50100,5
50101,8
50102,3
50103,9
50104,7
50105,9
50106,0
50107,5
50108,4
50109,2
50110,5
50111,4
50112,3
50113,7
50114,5
50115,9
50116,5
50117,4
50118,8
50119,1
50120,5
50121,5
50122,4
50123,5
50124,4
50125,7
50126,3
50127,7
50128,8
50129,0
50130,3
50131,5
50132,2
50133,4
50134,2
50135,3
50136,4
50137,5
50138,6
50139,5
50140,7
50141,3
50142,4
50143,6
50144,3
50145,8
50146,4
50147,8
50148,2
50149,5
50150,7
50151,5
50152,4
50153,3
50154,8
50155,6
50156,3
50157,5
50158,6
50159,2
50160,5
50161,9
50162,4
50163,0
50164,6
50165,1
50166,2
50167,5
50168,6
50169,4
50170,2
50171,7
50172,5
50173,5
50174,6
50175,7
50176,3
50177,1
50178,4
50179,7
50180,1
50181,4
50182,6
50183,4
50184,4
50185,5
50186,6
50187,5
50188,6
50189,5
50190,4
50191,7
50192,6
50193,8
50194,2
50195,9
50196,3
50197,3
50198,4
50199,5
50200,5
50201,3
50202,3
50203,3
50204,4
50205,4
50206,6
50207,3
50208,4
50209,1
50210,6
50211,6
50212,4
50213,6
50214,4
50215,4
50216,5
50217,2
50218,8
50219,1
50220,4
50221,2
50222,4
50223,5
50224,5
50225,3
50226,2
50227,2
50228,4
50229,2
50230,2
50231,5
50232,2
50233,5
50234,2
50235,2
50236,4
50237,3
50238,2
50239,3
50240,1
50241,3
50242,4
50243,4
50244,7
50245,3
50246,2
50247,3
50248,3
50249,3
50250,2
50251,2
50252,0
50253,4
50254,5
50255,2
50256,4
50257,4
50258,5
50259,3
50260,1
50261,3
50262,1
50263,4
50264,0
50265,2
50266,2
50267,2
50268,2
50269,5
50270,3
50271,5
50272,2
50273,4
50274,2
50275,4
50276,2
50277,3
50278,4
50279,3
50280,6
50281,1
50282,2
50283,2
50284,2
50285,5
50286,2
50287,1
50288,3
50289,4
50290,4
50291,6
50292,4
50293,2
50294,1
50295,4
50296,4
50297,3
50298,7
50299,2
50300,2
50301,3
50302,4
50303,4
50304,4
50305,4
50306,5
50307,4
50308,3
50309,9
50310,4
50311,7
50312,8
50313,8
50314,5
50315,7
50316,5
50317,9
50318,7
50319,6
50320,7
50321,3
50322,4
50323,4
50324,3
50325,4
50326,2
50327,1
50328,5
50329,2
50330,8
50331,4
50332,3
50333,2
50334,6
50335,1
50336,2
50337,3
50338,4
50339,4
50340,2
50341,3
50342,4
50343,2
50344,4
50345,5
50346,2
50347,8
50348,5
50349,2
50350,3
50351,1
50352,3
50353,7
50354,3
50355,4
50356,5
50357,6
50358,7
50359,8
50360,5
50361,5
50362,3
50363,3
50364,4
50365,8
50366,5
50367,5
50368,7
50369,4
50370,5
50371,2
50372,3
50373,3
50374,4
50375,2
50376,3
50377,7
50378,3
50379,5
50380,7
50381,6
50382,8
50383,3
50384,7
50385,3
50386,6
50387,10
50388,7
50389,5
50390,9
50391,6
50392,5
50393,7
50394,8
50395,4
50396,3
50397,2
50398,4
50399,2
50400,1
50401,2
50402,3
50403,2
50404,2
50405,3
50406,4
50407,5
50408,0
50409,4
50410,5
50411,5
50412,7
50413,8
50414,2
50415,4
50416,4
50417,2
50418,5
50419,5
50420,5
50421,3
50422,5
50423,3
50424,7
50425,5
50426,4
50427,7
50428,4
50429,2
50430,1
50431,8
50432,5
50433,5
50434,7
50435,3
50436,4
50437,6
50438,7
50439,2
50440,7
50441,3
50442,4
50443,5
50444,6
50445,6
50446,4
50447,4
50448,9
50449,15
50450,4
50451,8
50452,12
50453,8
50454,11
50455,10
50456,3
50457,10
50458,4
50459,6
50460,4
50461,3
50462,5
50463,4
50464,7
50465,6
50466,9
50467,3
50468,6
50469,4
50470,11
50471,1
50472,8
50473,5
50474,9
50475,7
50476,5
50477,4
50478,11
50479,8
50480,5
50481,5
50482,5
50483,9
50484,8
50485,10
50486,7
50487,4
50488,6
50489,9
50490,12
50491,10
50492,11
50493,4
50494,4
50495,6
50496,7
50497,10
50498,7
50499,5
50500,7
50501,5
50502,9
50503,11
50504,6
50505,7
50506,4
50507,6
50508,4
50509,8
50510,2
50511,4
50512,6
50513,2
50514,4
50515,6
50516,9
50517,4
50518,5
50519,9
50520,7
50521,7
50522,3
50523,8
50524,4
50525,7
50526,2
50527,6
50528,7
50529,2
50530,7
50531,4
50532,1
50533,4
50534,3
50535,3
50536,2
50537,5
50538,4
50539,4
50540,4
50541,4
50542,5
50543,5
50544,3
50545,5
50546,6
50547,4
50548,8
50549,1
50550,7
50551,6
50552,4
50553,7
50554,7
50555,8
50556,9
50557,9
50558,9
50559,3
50560,6
50561,2
50562,6
50563,5
50564,2
50565,2
50566,2
50567,3
50568,7
50569,5
50570,6
50571,2
50572,1
50573,4
50574,8
50575,2
50576,5
50577,4
50578,3
50579,0
50580,6
50581,3
50582,5
50583,2
50584,4
50585,0
50586,4
50587,8
50588,5
50589,7
50590,4
50591,6
50592,3
50593,5
50594,3
50595,4
50596,8
50597,4
50598,5
50599,6
50600,6
50601,4
50602,5
50603,3
50604,4
50605,5
50606,2
50607,4
50608,5
50609,7
50610,4
50611,4
50612,4
50613,5
50614,5
50615,7
50616,7
50617,2
50618,3
50619,4
50620,1
50621,3
50622,5
50623,4
50624,3
50625,3
50626,5
50627,4
50628,4
50629,4
50630,6
50631,2
50632,7
50633,5
50634,5
50635,7
50636,9
50637,7
50638,6
50639,11
50640,2
50641,8
50642,4
50643,7
50644,5
50645,7
50646,4
50647,5
50648,6
50649,6
50650,5
50651,3
50652,10
50653,5
50654,2
50655,8
50656,8
50657,4
50658,7
50659,9
50660,10
50661,9
50662,4
50663,9
50664,6
50665,2
50666,3
50667,8
50668,5
50669,6
50670,8
50671,2
50672,6
50673,6
50674,4
50675,7
50676,8
50677,5
50678,6
50679,2
50680,5
50681,3
50682,7
50683,3
50684,6
50685,4
50686,4
50687,7
50688,5
50689,6
50690,9
50691,6
50692,1
50693,5
50694,2
50695,6
50696,2
50697,7
50698,6
50699,8
50700,7
50701,7
50702,7
50703,6
50704,7
50705,3
50706,8
50707,6
50708,4
50709,8
50710,7
50711,6
50712,2
50713,5
50714,6
50715,4
50716,4
50717,6
50718,7
50719,2
50720,5
50721,8
50722,6
50723,11
50724,9
50725,5
50726,5
50727,7
50728,6
50729,5
50730,7
50731,8
50732,7
50733,2
50734,7
50735,7
50736,6
50737,8
50738,3
50739,9
50740,3
50741,7
50742,7
50743,7
50744,7
50745,6
50746,5
50747,3
50748,6
50749,2
50750,5
50751,5
50752,5
50753,5
50754,1
50755,6
50756,4
50757,3
50758,3
50759,7
50760,3
50761,6
50762,7
50763,4
50764,3
50765,10
50766,7
50767,7
50768,1
50769,7
50770,6
50771,9
50772,7
50773,4
50774,10
50775,9
50776,6
50777,4
50778,4
50779,6
50780,12
50781,6
50782,9
50783,8
50784,6
50785,5
50786,9
50787,6
50788,10
50789,5
50790,4
50791,9
50792,5
50793,7
50794,5
50795,6
50796,5
50797,7
50798,3
50799,5
50800,8
50801,6
50802,7
50803,4
50804,5
50805,5
50806,5
50807,5
50808,4
50809,5
50810,7
50811,7
50812,8
50813,2
50814,6
50815,6
50816,7
50817,2
50818,6
50819,5
50820,2
50821,5
50822,4
50823,0
50824,6
50825,3
50826,2
50827,4
50828,4
50829,4
50830,4
50831,6
50832,5
50833,1
50834,6
50835,8
50836,5
50837,6
50838,5
50839,6
50840,3
50841,3
50842,6
50843,2
50844,9
50845,4
50846,2
50847,2
50848,4
50849,3
50850,4
50851,3
50852,4
50853,5
50854,4
50855,4
50856,4
50857,2
50858,4
50859,6
50860,4
50861,5
50862,9
50863,3
50864,6
50865,6
50866,5
50867,7
50868,6
50869,4
50870,6
50871,6
50872,2
50873,6
50874,3
50875,7
50876,2
50877,7
50878,4
50879,8
50880,3
50881,4
50882,2
50883,7
50884,8
50885,5
50886,3
50887,7
50888,2
50889,5
50890,6
50891,9
50892,3
50893,3
50894,5
50895,6
50896,2
50897,6
50898,5
50899,8
50900,6
50901,8
50902,7
50903,6
50904,5
50905,5
50906,5
50907,7
50908,8
50909,3
50910,6
50911,3
50912,8
50913,4
50914,5
50915,4
50916,2
50917,6
50918,3
50919,3
50920,7
50921,6
50922,7
50923,3
50924,5
50925,5
50926,3
50927,6
50928,1
50929,5
50930,1
50931,6
50932,2
50933,6
50934,5
50935,4
50936,4
50937,1
50938,6
50939,5
50940,5
50941,5
50942,2
50943,3
50944,6
50945,3
50946,5
50947,8
50948,7
50949,8
50950,3
50951,5
50952,8
50953,5
50954,11
50955,5
50956,8
50957,6
50958,5
50959,6
50960,2
50961,11
50962,8
50963,2
50964,7
50965,11
50966,6
50967,5
50968,6
50969,7
50970,5
50971,5
50972,6
50973,4
50974,4
50975,5
50976,2
50977,6
50978,5
50979,12
50980,2
50981,4
50982,4
50983,2
50984,5
50985,5
50986,7
50987,2
50988,3
50989,5
50990,5
50991,2
50992,2
50993,2
50994,4
50995,5
50996,5
50997,4
50998,7
50999,5
51000,5
51001,5
51002,3
51003,6
51004,8
51005,7
51006,4
51007,1
51008,6
51009,4
51010,6
51011,4
51012,6
51013,3
51014,10
51015,4
51016,3
51017,3
51018,6
51019,7
51020,6
51021,5
51022,3
51023,2
51024,4
51025,5
51026,4
51027,4
51028,5
51029,6
51030,3
51031,5
51032,6
51033,6
51034,5
51035,8
51036,5
51037,0
51038,6
51039,4
51040,3
51041,9
51042,5
51043,4
51044,4
51045,10
51046,5
51047,7
51048,6
51049,5
51050,4
51051,8
51052,5
51053,6
51054,7
51055,2
51056,5
51057,8
51058,5
51059,7
51060,5
51061,6
51062,6
51063,5
51064,4
51065,5
51066,6
51067,4
51068,10
51069,4
51070,5
51071,3
51072,8
51073,5
51074,7
51075,6
51076,4
51077,4
51078,5
51079,4
51080,5
51081,5
51082,4
51083,2
51084,4
51085,5
51086,2
51087,3
51088,3
51089,5
51090,4
51091,4
51092,7
51093,5
51094,3
51095,3
51096,4
51097,3
51098,5
51099,3
51100,5
51101,5
51102,5
51103,3
51104,5
51105,5
51106,3
51107,2
51108,9
51109,3
51110,8
51111,5
51112,3
51113,9
51114,5
51115,5
51116,7
51117,6
51118,4
51119,6
51120,6
51121,6
51122,4
51123,5
51124,4
51125,4
51126,6
51127,4
51128,5
51129,7
51130,7
51131,4
51132,5
51133,5
51134,3
51135,6
51136,6
51137,5
51138,6
51139,5
51140,8
51141,6
51142,2
51143,4
51144,1
51145,6
51146,4
51147,6
51148,9
51149,4
51150,3
51151,3
51152,5
51153,5
51154,8
51155,6
51156,8
51157,4
51158,6
51159,6
51160,6
51161,6
51162,6
51163,7
51164,3
51165,5
51166,2
51167,4
51168,6
51169,2
51170,6
51171,5
51172,4
51173,5
51174,2
51175,4
51176,7
51177,4
51178,7
51179,4
51180,3
51181,6
51182,5
51183,6
51184,10
51185,4
51186,7
51187,7
51188,4
51189,6
51190,3
51191,10
51192,7
51193,5
51194,3
51195,5
51196,6
51197,10
51198,7
51199,4
51200,9
51201,13
51202,7
51203,3
51204,8
51205,12
51206,4
51207,4
51208,7
51209,7
51210,7
51211,6
51212,6
51213,4
51214,2
51215,10
51216,5
51217,6
51218,6
51219,5
51220,5
51221,4
51222,3
51223,6
51224,4
51225,7
51226,8
51227,8
51228,5
51229,9
51230,7
51231,12
51232,10
51233,10
51234,10
51235,7
51236,7
51237,4
51238,7
51239,2
51240,4
51241,3
51242,4
51243,5
51244,5
51245,5
51246,4
51247,5
51248,5
51249,8
51250,6
51251,9
51252,5
51253,6
51254,3
51255,9
51256,8
51257,9
51258,10
51259,7
51260,7
51261,6
51262,5
51263,10
51264,6
51265,7
51266,6
51267,5
51268,6
51269,1
51270,7
51271,9
51272,2
51273,7
51274,4
51275,5
51276,10
51277,6
51278,6
51279,2
51280,7
51281,5
51282,4
51283,5
51284,4
51285,5
51286,8
51287,6
51288,7
51289,8
51290,6
51291,4
51292,5
51293,5
51294,5
51295,3
51296,4
51297,3
51298,1
51299,4
51300,1
51301,9
51302,3
51303,6
51304,6
51305,3
51306,5
51307,6
51308,3
51309,4
51310,6
51311,3
51312,4
51313,2
51314,1
51315,7
51316,5
51317,4
51318,1
51319,7
51320,7
51321,4
51322,4
51323,5
51324,5
51325,7
51326,6
51327,5
51328,7
51329,5
51330,3
51331,5
51332,4
51333,3
51334,8
51335,7
51336,4
51337,4
51338,7
51339,6
51340,12
51341,5
51342,7
51343,3
51344,11
51345,4
51346,4
51347,8
51348,6
51349,3
51350,9
51351,6
51352,6
51353,5
51354,4
51355,4
51356,4
51357,5
51358,7
51359,5
51360,7
51361,3
51362,7
51363,4
51364,5
51365,4
51366,5
51367,7
51368,4
51369,3
51370,7
51371,12
51372,5
51373,4
51374,2
51375,9
51376,3
51377,9
51378,5
51379,8
51380,7
51381,2
51382,8
51383,5
51384,3
51385,5
51386,4
51387,9
51388,6
51389,6
51390,4
51391,3
51392,9
51393,6
51394,5
51395,4
51396,5
51397,9
51398,3
51399,8
51400,5
51401,7
51402,4
51403,2
51404,4
51405,6
51406,5
51407,8
51408,2
51409,10
51410,6
51411,6
51412,7
51413,7
51414,3
51415,4
51416,5
51417,7
51418,4
51419,5
51420,3
51421,4
51422,5
51423,3
51424,4
51425,7
51426,4
51427,2
51428,5
51429,6
51430,4
51431,7
51432,4
51433,6
51434,5
51435,3
51436,6
51437,3
51438,4
51439,5
51440,9
51441,7
51442,4
51443,5
51444,9
51445,4
51446,2
51447,5
51448,5
51449,4
51450,6
51451,5
51452,4
51453,5
51454,6
51455,8
51456,5
51457,5
51458,6
51459,6
51460,7
51461,7
51462,8
51463,6
51464,13
51465,12
51466,9
51467,7
51468,5
51469,9
51470,6
51471,9
51472,5
51473,8
51474,7
51475,7
51476,10
51477,9
51478,2
51479,5
51480,5
51481,7
51482,6
51483,8
51484,6
51485,6
51486,6
51487,10
51488,5
51489,1
51490,1
51491,4
51492,8
51493,7
51494,3
51495,6
51496,2
51497,2
51498,8
51499,2
51500,8
51501,4
51502,5
51503,3
51504,6
51505,6
51506,5
51507,4
51508,9
51509,2
51510,2
51511,3
51512,4
51513,4
51514,3
51515,2
51516,7
51517,7
51518,4
51519,6
51520,5
51521,5
51522,5
51523,4
51524,8
51525,4
51526,5
51527,6
51528,10
51529,5
51530,9
51531,3
51532,7
51533,9
51534,8
51535,8
51536,7
51537,7
51538,7
51539,5
51540,7
51541,4
51542,4
51543,6
51544,1
51545,1
51546,8
51547,6
51548,3
51549,6
51550,3
51551,5
51552,4
51553,2
51554,6
51555,5
51556,8
51557,3
51558,5
51559,7
51560,4
51561,5
51562,3
51563,7
51564,5
51565,4
51566,7
51567,1
51568,10
51569,5
51570,1
51571,8
51572,9
51573,4
51574,4
51575,9
51576,5
51577,8
51578,7
51579,6
51580,9
51581,7
51582,9
51583,5
51584,4
51585,5
51586,3
51587,6
51588,7
51589,6
51590,6
51591,4
51592,7
51593,7
51594,10
51595,3
51596,5
51597,4
51598,4
51599,7
51600,3
51601,6
51602,8
51603,7
51604,3
51605,3
51606,9
51607,4
51608,4
51609,6
51610,6
51611,5
51612,5
51613,8
51614,4
51615,4
51616,9
51617,6
51618,5
51619,9
51620,11
51621,5
51622,5
51623,6
51624,6
51625,8
51626,4
51627,6
51628,8
51629,3
51630,7
51631,9
51632,6
51633,4
51634,9
51635,2
51636,7
51637,5
51638,5
51639,5
51640,4
51641,6
51642,4
51643,5
51644,5
51645,3
51646,7
51647,7
51648,7
51649,5
51650,10
51651,7
51652,4
51653,9
51654,8
51655,10
51656,7
51657,5
51658,3
51659,3
51660,6
51661,6
51662,6
51663,6
51664,2
51665,3
51666,5
51667,5
51668,8
51669,4
51670,2
51671,11
51672,6
51673,8
51674,4
51675,4
51676,3
51677,5
51678,2
51679,1
51680,3
51681,10
51682,5
51683,6
51684,4
51685,6
51686,2
51687,5
51688,5
51689,5
51690,6
51691,3
51692,4
51693,4
51694,6
51695,3
51696,3
51697,6
51698,4
51699,4
51700,4
51701,4
51702,2
51703,3
51704,1
51705,6
51706,3
51707,5
51708,3
51709,7
51710,3
51711,3
51712,2
51713,4
51714,2
51715,6
51716,3
51717,1
51718,11
51719,7
51720,5
51721,9
51722,3
51723,5
51724,0
51725,2
51726,2
51727,4
51728,3
51729,5
51730,10
51731,4
51732,4
51733,5
51734,2
51735,5
51736,5
51737,6
51738,2
51739,3
51740,3
51741,3
51742,2
51743,5
51744,3
51745,4
51746,5
51747,6
51748,3
51749,10
51750,5
51751,4
51752,7
51753,2
51754,4
51755,5
51756,4
51757,4
51758,6
51759,4
51760,5
51761,6
51762,5
51763,5
51764,6
51765,4
51766,7
51767,5
51768,5
51769,8
51770,6
51771,8
51772,7
51773,6
51774,6
51775,6
51776,4
51777,4
51778,7
51779,7
51780,5
51781,11
51782,2
51783,9
51784,5
51785,5
51786,4
51787,2
51788,4
51789,3
51790,5
51791,4
51792,4
51793,7
51794,3
51795,6
51796,3
51797,6
51798,5
51799,5
51800,4
51801,5
51802,8
51803,4
51804,5
51805,5
51806,7
51807,4
51808,6
51809,7
51810,4
51811,4
51812,3
51813,3
51814,6
51815,4
51816,0
51817,4
51818,3
51819,6
51820,4
51821,3
51822,4
51823,7
51824,4
51825,10
51826,8
51827,2
51828,3
51829,5
51830,7
51831,5
51832,4
51833,6
51834,4
51835,3
51836,6
51837,8
51838,5
51839,10
51840,3
51841,1
51842,5
51843,4
51844,2
51845,8
51846,7
51847,4
51848,6
51849,8
51850,7
51851,8
51852,7
51853,7
51854,9
51855,9
51856,8
51857,7
51858,5
51859,4
51860,5
51861,7
51862,2
51863,6
51864,8
51865,3
51866,4
51867,7
51868,6
51869,7
51870,6
51871,6
51872,7
51873,3
51874,11
51875,4
51876,7
51877,5
51878,2
51879,5
51880,2
51881,3
51882,4
51883,3
51884,3
51885,2
51886,3
51887,6
51888,1
51889,7
51890,2
51891,2
51892,1
51893,3
51894,5
51895,2
51896,3
51897,6
51898,4
51899,5
51900,1
51901,9
51902,2
51903,3
51904,3
51905,2
51906,1
51907,3
51908,2
51909,4
51910,4
51911,2
51912,5
51913,2
51914,4
51915,3
51916,3
51917,1
51918,5
51919,9
51920,3
51921,4
51922,4
51923,2
51924,3
51925,2
51926,7
51927,5
51928,9
51929,4
51930,6
51931,7
51932,5
51933,11
51934,5
51935,2
51936,8
51937,5
51938,5
51939,6
51940,5
51941,9
51942,3
51943,6
51944,7
51945,3
51946,4
51947,2
51948,5
51949,5
51950,7
51951,5
51952,8
51953,5
51954,9
51955,6
51956,8
51957,7
51958,4
51959,8
51960,5
51961,5
51962,8
51963,4
51964,6
51965,4
51966,7
51967,3
51968,1
51969,1
51970,3
51971,2
51972,5
51973,3
51974,3
51975,5
51976,2
51977,6
51978,4
51979,6
51980,4
51981,4
51982,3
51983,9
51984,1
51985,6
51986,8
51987,7
51988,8
51989,9
51990,5
51991,6
51992,6
51993,12
51994,10
51995,11
51996,8
51997,9
51998,2
51999,6
52000,6
52001,2
52002,8
52003,6
52004,2
52005,3
52006,3
52007,6
52008,1
52009,7
52010,3
52011,4
52012,4
52013,3
52014,2
52015,5
52016,3
52017,7
52018,2
52019,6
52020,5
52021,7
52022,4
52023,4
52024,4
52025,4
52026,7
52027,5
52028,8
52029,5
52030,7
52031,2
52032,7
52033,2
52034,8
52035,1
52036,6
52037,6
52038,7
52039,8
52040,9
52041,8
52042,3
52043,6
52044,7
52045,7
52046,5
52047,5
52048,3
52049,7
52050,5
52051,8
52052,9
52053,8
52054,5
52055,8
52056,7
52057,3
52058,10
52059,7
52060,6
52061,7
52062,3
52063,9
52064,7
52065,4
52066,5
52067,6
52068,12
52069,10
52070,8
52071,7
52072,6
52073,6
52074,10
52075,8
52076,4
52077,1
52078,11
52079,9
52080,6
52081,5
52082,10
52083,6
52084,6
52085,8
52086,7
52087,4
52088,2
52089,4
52090,7
52091,5
52092,6
52093,1
52094,5
52095,2
52096,7
52097,5
52098,4
52099,4
52100,2
52101,5
52102,6
52103,5
52104,6
52105,2
52106,2
52107,9
52108,7
52109,6
52110,7
52111,5
52112,5
52113,2
52114,8
52115,5
52116,6
52117,6
52118,1
52119,4
52120,2
52121,5
52122,4
52123,8
52124,11
52125,5
52126,5
52127,6
52128,7
52129,3
52130,2
52131,4
52132,5
52133,4
52134,7
52135,2
52136,6
52137,5
52138,6
52139,4
52140,6
52141,6
52142,6
52143,6
52144,5
52145,6
52146,5
52147,7
52148,5
52149,6
52150,4
52151,4
52152,2
52153,6
52154,5
52155,2
52156,2
52157,5
52158,9
52159,2
52160,3
52161,7
52162,1
52163,2
52164,4
52165,6
52166,5
52167,4
52168,4
52169,4
52170,2
52171,3
52172,9
52173,6
52174,3
52175,4
52176,6
52177,2
52178,6
52179,4
52180,3
52181,8
52182,4
52183,7
52184,2
52185,5
52186,6
52187,2
52188,3
52189,6
52190,7
52191,8
52192,3
52193,5
52194,5
52195,6
52196,3
52197,3
52198,3
52199,5
52200,4
52201,3
52202,2
52203,6
52204,4
52205,1
52206,3
52207,3
52208,6
52209,2
52210,3
52211,5
52212,4
52213,3
52214,2
52215,4
52216,2
52217,1
52218,2
52219,4
52220,3
52221,4
52222,1
52223,2
52224,4
52225,7
52226,6
52227,2
52228,4
52229,4
52230,3
52231,2
52232,4
52233,0
52234,3
52235,1
52236,3
52237,3
52238,1
52239,4
52240,5
52241,4
52242,1
52243,3
52244,4
52245,6
52246,6
52247,4
52248,5
52249,6
52250,4
52251,2
52252,3
52253,6
52254,5
52255,1
52256,2
52257,5
52258,7
52259,4
52260,7
52261,3
52262,3
52263,7
52264,5
52265,3
52266,6
52267,5
52268,6
52269,7
52270,3
52271,4
52272,7
52273,4
52274,3
52275,5
52276,8
52277,7
52278,6
52279,8
52280,6
52281,6
52282,9
52283,3
52284,8
52285,5
52286,3
52287,5
52288,6
52289,3
52290,11
52291,6
52292,5
52293,7
52294,2
52295,7
52296,7
52297,3
52298,7
52299,8
52300,5
52301,6
52302,4
52303,3
52304,2
52305,12
52306,3
52307,3
52308,3
52309,5
52310,2
52311,1
52312,6
52313,5
52314,4
52315,10
52316,5
52317,3
52318,2
52319,5
52320,7
52321,8
52322,4
52323,3
52324,6
52325,3
52326,5
52327,7
52328,7
52329,3
52330,5
52331,4
52332,4
52333,5
52334,5
52335,3
52336,7
52337,5
52338,5
52339,6
52340,7
52341,4
52342,5
52343,7
52344,4
52345,6
52346,8
52347,7
52348,5
52349,7
52350,4
52351,14
52352,5
52353,6
52354,4
52355,7
52356,5
52357,4
52358,3
52359,5
52360,8
52361,4
52362,11
52363,7
52364,12
52365,11
52366,10
52367,11
52368,4
52369,5
52370,6
52371,7
52372,8
52373,1
52374,13
52375,2
52376,10
52377,9
52378,8
52379,7
52380,7
52381,2
52382,10
52383,6
52384,5
52385,11
52386,6
52387,3
52388,9
52389,5
52390,7
52391,5
52392,5
52393,8
52394,5
52395,1
52396,8
52397,4
52398,3
52399,8
52400,6
52401,9
52402,4
52403,10
52404,3
52405,6
52406,6
52407,4
52408,2
52409,4
52410,8
52411,4
52412,6
52413,7
52414,4
52415,6
52416,4
52417,5
52418,4
52419,5
52420,11
52421,5
52422,9
52423,5
52424,6
52425,6
52426,6
52427,4
52428,8
52429,5
52430,3
52431,8
52432,7
52433,5
52434,10
52435,1
52436,4
52437,5
52438,2
52439,3
52440,2
52441,5
52442,5
52443,7
52444,4
52445,6
52446,5
52447,6
52448,4
52449,3
52450,7
52451,8
52452,2
52453,7
52454,4
52455,3
52456,8
52457,5
52458,5
52459,8
52460,1
52461,1
52462,8
52463,5
52464,4
52465,3
52466,4
52467,7
52468,5
52469,2
52470,8
52471,3
52472,7
52473,6
52474,8
52475,10
52476,6
52477,9
52478,6
52479,9
52480,7
52481,5
52482,7
52483,9
52484,3
52485,8
52486,5
52487,8
52488,6
52489,3
52490,7
52491,3
52492,4
52493,6
52494,6
52495,5
52496,5
52497,5
52498,6
52499,5
52500,5
52501,7
52502,5
52503,4
52504,1
52505,5
52506,4
52507,3
52508,4
52509,3
52510,3
52511,1
52512,6
52513,7
52514,8
52515,0
52516,6
52517,5
52518,11
52519,10
52520,6
52521,7
52522,2
52523,6
52524,5
52525,5
52526,5
52527,7
52528,5
52529,6
52530,6
52531,5
52532,8
52533,1
52534,9
52535,4
52536,5
52537,4
52538,7
52539,4
52540,3
52541,5
52542,7
52543,7
52544,4
52545,4
52546,8
52547,3
52548,8
52549,5
52550,1
52551,5
52552,5
52553,4
52554,8
52555,8
52556,5
52557,6
52558,4
52559,1
52560,4
52561,2
52562,3
52563,5
52564,4
52565,2
52566,8
52567,4
52568,2
52569,4
52570,5
52571,4
52572,9
52573,4
52574,5
52575,7
52576,9
52577,4
52578,8
52579,9
52580,5
52581,5
52582,9
52583,5
52584,5
52585,3
52586,2
52587,6
52588,6
52589,5
52590,3
52591,2
52592,9
52593,3
52594,5
52595,8
52596,2
52597,8
52598,3
52599,4
52600,2
52601,6
52602,5
52603,4
52604,7
52605,6
52606,4
52607,4
52608,9
52609,2
52610,9
52611,3
52612,2
52613,7
52614,1
52615,5
52616,4
52617,6
52618,4
52619,7
52620,4
52621,3
52622,8
52623,5
52624,6
52625,4
52626,4
52627,4
52628,5
52629,4
52630,6
52631,3
52632,5
52633,3
52634,5
52635,6
52636,3
52637,5
52638,6
52639,6
52640,2
52641,5
52642,5
52643,6
52644,5
52645,5
52646,3
52647,5
52648,4
52649,4
52650,8
52651,6
52652,2
52653,6
52654,1
52655,5
52656,4
52657,4
52658,3
52659,4
52660,3
52661,1
52662,4
52663,4
52664,1
52665,1
52666,2
52667,5
52668,5
52669,5
52670,0
52671,6
52672,4
52673,5
52674,2
52675,2
52676,5
52677,4
52678,4
52679,5
52680,4
52681,5
52682,2
52683,5
52684,2
52685,1
52686,4
52687,3
52688,7
52689,4
52690,4
52691,5
52692,5
52693,7
52694,4
52695,2
52696,2
52697,2
52698,6
52699,1
52700,4
52701,6
52702,4
52703,4
52704,5
52705,7
52706,3
52707,5
52708,5
52709,5
52710,5
52711,10
52712,4
52713,7
52714,8
52715,5
52716,5
52717,5
52718,6
52719,6
52720,6
52721,12
52722,5
52723,6
52724,7
52725,4
52726,7
52727,5
52728,2
52729,6
52730,8
52731,7
52732,3
52733,7
52734,6
52735,6
52736,7
52737,9
52738,8
52739,5
52740,4
52741,9
52742,6
52743,3
52744,5
52745,7
52746,3
52747,3
52748,6
52749,7
52750,6
52751,7
52752,10
52753,3
52754,7
52755,4
52756,10
52757,9
52758,10
52759,7
52760,7
52761,9
52762,3
52763,4
52764,1
52765,10
52766,6
52767,6
52768,4
52769,3
52770,3
52771,7
52772,3
52773,3
52774,6
52775,6
52776,5
52777,12
52778,8
52779,3
52780,6
52781,6
52782,2
52783,12
52784,3
52785,5
52786,5
52787,4
52788,6
52789,5
52790,6
52791,7
52792,8
52793,3
52794,7
52795,5
52796,3
52797,7
52798,7
52799,6
52800,5
52801,5
52802,3
52803,7
52804,8
52805,9
52806,7
52807,13
52808,7
52809,11
52810,10
52811,11
52812,9
52813,6
52814,8
52815,5
52816,8
52817,11
52818,9
52819,4
52820,6
52821,6
52822,6
52823,6
52824,10
52825,5
52826,3
52827,8
52828,3
52829,10
52830,6
52831,5
52832,6
52833,9
52834,4
52835,10
52836,2
52837,6
52838,1
52839,5
52840,4
52841,1
52842,3
52843,4
52844,4
52845,3
52846,4
52847,6
52848,6
52849,2
52850,6
52851,7
52852,6
52853,5
52854,6
52855,2
52856,3
52857,9
52858,6
52859,5
52860,9
52861,1
52862,3
52863,1
52864,4
52865,3
52866,7
52867,2
52868,2
52869,4
52870,9
52871,3
52872,3
52873,8
52874,4
52875,6
52876,6
52877,8
52878,7
52879,5
52880,9
52881,1
52882,5
52883,4
52884,3
52885,1
52886,5
52887,7
52888,6
52889,6
52890,2
52891,7
52892,4
52893,6
52894,7
52895,1
52896,3
52897,4
52898,6
52899,1
52900,8
52901,3
52902,6
52903,3
52904,3
52905,3
52906,1
52907,11
52908,2
52909,2
52910,5
52911,5
52912,4
52913,7
52914,2
52915,6
52916,3
52917,6
52918,9
52919,8
52920,3
52921,6
52922,2
52923,5
52924,3
52925,3
52926,3
52927,5
52928,6
52929,6
52930,6
52931,5
52932,5
52933,5
52934,4
52935,4
52936,6
52937,3
52938,5
52939,5
52940,3
52941,5
52942,6
52943,4
52944,9
52945,7
52946,5
52947,5
52948,4
52949,7
52950,2
52951,7
52952,3
52953,3
52954,6
52955,4
52956,4
52957,6
52958,5
52959,4
52960,5
52961,5
52962,3
52963,5
52964,6
52965,8
52966,4
52967,6
52968,4
52969,2
52970,4
52971,2
52972,4
52973,4
52974,7
52975,5
52976,5
52977,4
52978,4
52979,3
52980,4
52981,2
52982,4
52983,7
52984,0
52985,6
52986,3
52987,3
52988,9
52989,3
52990,4
52991,5
52992,4
52993,5
52994,8
52995,2
52996,7
52997,5
52998,7
52999,6
53000,9
53001,12
53002,5
53003,7
53004,6
53005,7
53006,2
53007,5
53008,5
53009,4
53010,5
53011,4
53012,2
53013,5
53014,2
53015,5
53016,8
53017,7
53018,2
53019,3
53020,5
53021,5
53022,6
53023,6
53024,3
53025,3
53026,9
53027,5
53028,7
53029,7
53030,7
53031,3
53032,3
53033,5
53034,7
53035,5
53036,2
53037,4
53038,4
53039,2
53040,3
53041,4
53042,3
53043,3
53044,2
53045,6
53046,4
53047,2
53048,0
53049,2
53050,6
53051,1
53052,2
53053,3
53054,4
53055,1
53056,2
53057,4
53058,6
53059,8
53060,1
53061,4
53062,2
53063,4
53064,1
53065,6
53066,5
53067,3
53068,3
53069,3
53070,3
53071,4
53072,0
53073,6
53074,2
53075,4
53076,2
53077,2
53078,2
53079,3
53080,3
53081,2
53082,2
53083,3
53084,2
53085,8
53086,2
53087,4
53088,3
53089,3
53090,5
53091,6
53092,4
53093,5
53094,5
53095,6
53096,3
53097,6
53098,5
53099,0
53100,5
53101,3
53102,2
53103,3
53104,7
53105,3
53106,7
53107,4
53108,3
53109,7
53110,1
53111,3
53112,5
53113,4
53114,5
53115,6
53116,5
53117,6
53118,2
53119,5
53120,7
53121,5
53122,2
53123,3
53124,4
53125,4
53126,5
53127,5
53128,5
53129,7
53130,3
53131,5
53132,5
53133,8
53134,3
53135,5
53136,9
53137,5
53138,8
53139,11
53140,7
53141,10
53142,6
53143,5
53144,3
53145,3
53146,4
53147,3
53148,6
53149,7
53150,2
53151,3
53152,3
53153,5
53154,7
53155,6
53156,4
53157,7
53158,6
53159,8
53160,3
53161,5
53162,9
53163,2
53164,8
53165,8
53166,3
53167,7
53168,3
53169,4
53170,4
53171,1
53172,5
53173,4
53174,5
53175,7
53176,9
53177,10
53178,8
53179,6
53180,5
53181,8
53182,5
53183,6
53184,1
53185,9
53186,1
53187,7
53188,3
53189,3
53190,6
53191,6
53192,8
53193,4
53194,6
53195,7
53196,3
53197,3
53198,5
53199,0
53200,2
53201,4
53202,4
53203,3
53204,4
53205,6
53206,4
53207,6
53208,1
53209,6
53210,8
53211,5
53212,9
53213,5
53214,3
53215,3
53216,4
53217,4
53218,5
53219,6
53220,2
53221,4
53222,1
53223,4
53224,4
53225,3
53226,4
53227,4
53228,4
53229,7
53230,8
53231,3
53232,8
53233,4
53234,5
53235,6
53236,7
53237,10
53238,5
53239,4
53240,8
53241,4
53242,8
53243,5
53244,3
53245,7
53246,7
53247,6
53248,7
53249,5
53250,6
53251,5
53252,5
53253,3
53254,4
53255,4
53256,6
53257,4
53258,5
53259,5
53260,4
53261,5
53262,4
53263,4
53264,8
53265,6
53266,3
53267,6
53268,5
53269,3
53270,4
53271,3
53272,2
53273,3
53274,3
53275,5
53276,7
53277,6
53278,4
53279,5
53280,2
53281,4
53282,2
53283,4
53284,4
53285,6
53286,6
53287,10
53288,10
53289,12
53290,8
53291,7
53292,7
53293,5
53294,8
53295,6
53296,4
53297,6
53298,3
53299,5
53300,7
53301,7
53302,4
53303,7
53304,7
53305,11
53306,12
53307,7
53308,11
53309,5
53310,5
53311,5
53312,6
53313,9
53314,8
53315,5
53316,11
53317,9
53318,7
53319,8
53320,11
53321,9
53322,7
53323,9
53324,7
53325,9
53326,9
53327,7
53328,4
53329,7
53330,8
53331,7
53332,3
53333,5
53334,8
53335,2
53336,5
53337,6
53338,6
53339,6
53340,5
53341,4
53342,2
53343,7
53344,6
53345,5
53346,6
53347,7
53348,1
53349,8
53350,7
53351,5
53352,3
53353,5
53354,4
53355,6
53356,2
53357,7
53358,4
53359,9
53360,2
53361,7
53362,2
53363,4
53364,5
53365,5
53366,4
53367,4
53368,1
53369,5
53370,4
53371,4
53372,5
53373,6
53374,7
53375,1
53376,6
53377,7
53378,2
53379,5
53380,5
53381,6
53382,8
53383,6
53384,4
53385,1
53386,9
53387,7
53388,7
53389,4
53390,4
53391,5
53392,3
53393,6
53394,4
53395,8
53396,4
53397,2
53398,2
53399,6
53400,3
53401,4
53402,3
53403,4
53404,7
53405,3
53406,7
53407,4
53408,5
53409,3
53410,4
53411,4
53412,4
53413,8
53414,4
53415,2
53416,8
53417,3
53418,6
53419,11
53420,7
53421,8
53422,7
53423,6
53424,4
53425,2
53426,3
53427,5
53428,4
53429,6
53430,5
53431,4
53432,9
53433,3
53434,6
53435,4
53436,6
53437,5
53438,7
53439,2
53440,5
53441,3
53442,2
53443,4
53444,6
53445,3
53446,6
53447,2
53448,3
53449,5
53450,3
53451,5
53452,3
53453,3
53454,4
53455,5
53456,3
53457,4
53458,8
53459,5
53460,5
53461,8
53462,6
53463,1
53464,5
53465,5
53466,3
53467,7
53468,4
53469,6
53470,9
53471,4
53472,6
53473,8
53474,4
53475,7
53476,6
53477,10
53478,7
53479,6
53480,5
53481,7
53482,6
53483,4
53484,9
53485,5
53486,7
53487,8
53488,5
53489,8
53490,9
53491,7
53492,3
53493,6
53494,6
53495,6
53496,7
53497,9
53498,7
53499,8
53500,3
53501,9
53502,4
53503,4
53504,5
53505,7
53506,2
53507,6
53508,3
53509,4
53510,4
53511,3
53512,5
53513,4
53514,5
53515,2
53516,6
53517,6
53518,5
53519,7
53520,5
53521,9
53522,7
53523,8
53524,10
53525,6
53526,4
53527,9
53528,6
53529,6
53530,8
53531,8
53532,3
53533,6
53534,7
53535,8
53536,4
53537,5
53538,8
53539,10
53540,9
53541,10
53542,3
53543,9
53544,6
53545,10
53546,6
53547,5
53548,7
53549,5
53550,4
53551,4
53552,5
53553,9
53554,8
53555,7
53556,7
53557,5
53558,6
53559,3
53560,6
53561,5
53562,4
53563,4
53564,4
53565,4
53566,3
53567,7
53568,4
53569,5
53570,3
53571,5
53572,1
53573,3
53574,6
53575,6
53576,2
53577,5
53578,7
53579,7
53580,2
53581,6
53582,2
53583,3
53584,4
53585,9
53586,3
53587,3
53588,5
53589,6
53590,2
53591,2
53592,4
53593,6
53594,4
53595,3
53596,3
53597,3
53598,0
53599,3
53600,4
53601,6
53602,2
53603,9
53604,3
53605,5
53606,3
53607,6
53608,3
53609,4
53610,5
53611,4
53612,3
53613,4
53614,5
53615,5
53616,7
53617,5
53618,4
53619,3
53620,8
53621,3
53622,2
53623,3
53624,4
53625,3
53626,4
53627,4
53628,4
53629,3
53630,1
53631,4
53632,6
53633,5
53634,3
53635,3
53636,1
53637,4
53638,3
53639,1
53640,0
53641,3
53642,7
53643,2
53644,5
53645,3
53646,4
53647,6
53648,5
53649,7
53650,5
53651,6
53652,6
53653,6
53654,4
53655,1
53656,4
53657,8
53658,3
53659,5
53660,6
53661,3
53662,4
53663,3
53664,3
53665,6
53666,3
53667,3
53668,5
53669,2
53670,5
53671,6
53672,3
53673,4
53674,6
53675,7
53676,3
53677,6
53678,4
53679,4
53680,5
53681,7
53682,5
53683,2
53684,6
53685,8
53686,1
53687,7
53688,8
53689,4
53690,1
53691,6
53692,5
53693,7
53694,4
53695,4
53696,6
53697,3
53698,8
53699,4
53700,8
53701,6
53702,2
53703,7
53704,5
53705,4
53706,6
53707,6
53708,3
53709,5
53710,4
53711,7
53712,3
53713,4
53714,4
53715,6
53716,4
53717,6
53718,4
53719,6
53720,5
53721,4
53722,6
53723,9
53724,9
53725,2
53726,11
53727,5
53728,4
53729,4
53730,5
53731,4
53732,5
53733,6
53734,6
53735,6
53736,5
53737,5
53738,1
53739,5
53740,4
53741,5
53742,2
53743,3
53744,4
53745,4
53746,4
53747,6
53748,4
53749,5
53750,6
53751,5
53752,3
53753,3
53754,6
53755,3
53756,4
53757,7
53758,4
53759,4
53760,7
53761,3
53762,4
53763,4
53764,5
53765,6
53766,7
53767,3
53768,5
53769,8
53770,4
53771,8
53772,7
53773,4
53774,5
53775,5
53776,6
53777,3
53778,8
53779,4
53780,5
53781,7
53782,5
53783,5
53784,7
53785,5
53786,5
53787,6
53788,7
53789,6
53790,5
53791,7
53792,7
53793,4
53794,0
53795,5
53796,6
53797,11
53798,5
53799,5
53800,5
53801,5
53802,9
53803,10
53804,6
53805,4
53806,6
53807,4
53808,3
53809,6
53810,6
53811,5
53812,7
53813,5
53814,4
53815,6
53816,7
53817,5
53818,5
53819,4
53820,7
53821,7
53822,0
53823,2
53824,4
53825,3
53826,5
53827,5
53828,7
53829,7
53830,7
53831,6
53832,6
53833,5
53834,3
53835,3
53836,5
53837,3
53838,0
53839,3
53840,1
53841,3
53842,2
53843,4
53844,6
53845,4
53846,3
53847,3
53848,5
53849,5
53850,5
53851,2
53852,2
53853,8
53854,3
53855,6
53856,5
53857,5
53858,4
53859,5
53860,3
53861,6
53862,5
53863,3
53864,4
53865,5
53866,3
53867,4
53868,5
53869,6
53870,2
53871,8
53872,5
53873,6
53874,5
53875,3
53876,7
53877,3
53878,6
53879,4
53880,6
53881,7
53882,3
53883,8
53884,6
53885,4
53886,4
53887,5
53888,5
53889,5
53890,6
53891,6
53892,6
53893,5
53894,3
53895,5
53896,6
53897,4
53898,2
53899,3
53900,4
53901,5
53902,8
53903,4
53904,3
53905,5
53906,2
53907,6
53908,3
53909,5
53910,3
53911,6
53912,2
53913,3
53914,5
53915,6
53916,2
53917,2
53918,4
53919,2
53920,0
53921,4
53922,3
53923,3
53924,5
53925,4
53926,0
53927,4
53928,4
53929,7
53930,3
53931,1
53932,3
53933,4
53934,4
53935,2
53936,1
53937,3
53938,3
53939,4
53940,2
53941,4
53942,4
53943,4
53944,2
53945,3
53946,5
53947,3
53948,1
53949,4
53950,4
53951,3
53952,4
53953,5
53954,2
53955,4
53956,5
53957,0
53958,8
53959,3
53960,3
53961,5
53962,4
53963,3
53964,4
53965,2
53966,3
53967,6
53968,3
53969,3
53970,4
53971,5
53972,4
53973,5
53974,4
53975,1
53976,3
53977,5
53978,6
53979,5
53980,2
53981,7
53982,8
53983,3
53984,1
53985,2
53986,6
53987,5
53988,3
53989,4
53990,3
53991,6
53992,5
53993,6
53994,5
53995,2
53996,6
53997,6
53998,5
53999,4
54000,7
54001,5
54002,9
54003,9
54004,5
54005,7
54006,5
54007,9
54008,3
54009,6
54010,5
54011,8
54012,13
54013,9
54014,9
54015,4
54016,6
54017,5
54018,3
54019,5
54020,6
54021,8
54022,5
54023,3
54024,4
54025,3
54026,3
54027,5
54028,5
54029,5
54030,7
54031,2
54032,5
54033,2
54034,5
54035,3
54036,9
54037,1
54038,5
54039,9
54040,7
54041,7
54042,9
54043,3
54044,5
54045,10
54046,5
54047,8
54048,4
54049,7
54050,6
54051,2
54052,8
54053,10
54054,3
54055,6
54056,5
54057,3
54058,4
54059,7
54060,6
54061,4
54062,9
54063,2
54064,6
54065,5
54066,1
54067,5
54068,5
54069,5
54070,5
54071,4
54072,3
54073,4
54074,4
54075,3
54076,1
54077,6
54078,5
54079,6
54080,1
54081,3
54082,5
54083,5
54084,6
54085,2
54086,1
54087,6
54088,3
54089,5
54090,4
54091,5
54092,6
54093,4
54094,5
54095,4
54096,5
54097,2
54098,6
54099,2
54100,4
54101,7
54102,4
54103,6
54104,4
54105,6
54106,7
54107,1
54108,5
54109,4
54110,4
54111,5
54112,7
54113,6
54114,7
54115,2
54116,3
54117,6
54118,4
54119,9
54120,4
54121,3
54122,6
54123,4
54124,4
54125,4
54126,4
54127,4
54128,7
54129,4
54130,5
54131,6
54132,10
54133,10
54134,5
54135,7
54136,5
54137,9
54138,11
54139,5
54140,9
54141,5
54142,7
54143,7
54144,8
54145,4
54146,6
54147,3
54148,7
54149,6
54150,2
54151,4
54152,10
54153,10
54154,9
54155,9
54156,10
54157,5
54158,6
54159,8
54160,8
54161,8
54162,8
54163,6
54164,8
54165,5
54166,9
54167,9
54168,2
54169,4
54170,1
54171,5
54172,6
54173,7
54174,3
54175,6
54176,5
54177,3
54178,3
54179,5
54180,8
54181,5
54182,6
54183,2
54184,5
54185,5
54186,7
54187,6
54188,6
54189,5
54190,6
54191,8
54192,7
54193,5
54194,5
54195,6
54196,4
54197,5
54198,5
54199,0
54200,9
54201,5
54202,4
54203,9
54204,6
54205,5
54206,3
54207,4
54208,3
54209,7
54210,5
54211,4
54212,4
54213,2
54214,6
54215,4
54216,7
54217,4
54218,6
54219,2
54220,8
54221,8
54222,8
54223,10
54224,7
54225,10
54226,7
54227,6
54228,6
54229,7
54230,10
54231,5
54232,9
54233,10
54234,9
54235,8
54236,9
54237,7
54238,6
54239,4
54240,9
54241,2
54242,6
54243,7
54244,9
54245,5
54246,8
54247,4
54248,11
54249,7
54250,9
54251,11
54252,8
54253,10
54254,10
54255,12
54256,6
54257,10
54258,3
54259,3
54260,4
54261,3
54262,5
54263,4
54264,3
54265,5
54266,2
54267,4
54268,1
54269,3
54270,4
54271,5
54272,4
54273,3
54274,4
54275,4
54276,1
54277,3
54278,1
54279,1
54280,6
54281,5
54282,5
54283,3
54284,5
54285,6
54286,8
54287,8
54288,6
54289,5
54290,5
54291,4
54292,3
54293,8
54294,5
54295,4
54296,8
54297,5
54298,3
54299,4
54300,7
54301,7
54302,8
54303,2
54304,5
54305,5
54306,5
54307,5
54308,8
54309,4
54310,6
54311,6
54312,5
54313,2
54314,8
54315,6
54316,4
54317,1
54318,3
54319,5
54320,4
54321,5
54322,3
54323,4
54324,4
54325,2
54326,4
54327,4
54328,2
54329,7
54330,5
54331,7
54332,3
54333,4
54334,6
54335,2
54336,6
54337,4
54338,5
54339,8
54340,8
54341,8
54342,6
54343,5
54344,4
54345,8
54346,4
54347,8
54348,5
54349,6
54350,10
54351,9
54352,10
54353,10
54354,6
54355,8
54356,13
54357,7
54358,8
54359,3
54360,6
54361,7
54362,8
54363,5
54364,9
54365,3
54366,9
54367,6
54368,5
54369,6
54370,4
54371,3
54372,8
54373,4
54374,4
54375,8
54376,4
54377,8
54378,7
54379,3
54380,4
54381,7
54382,4
54383,5
54384,3
54385,6
54386,10
54387,4
54388,5
54389,6
54390,4
54391,5
54392,4
54393,1
54394,3
54395,4
54396,3
54397,0
54398,9
54399,4
54400,3
54401,4
54402,5
54403,4
54404,4
54405,9
54406,7
54407,5
54408,8
54409,9
54410,5
54411,9
54412,5
54413,5
54414,1
54415,7
54416,5
54417,7
54418,5
54419,8
54420,4
54421,8
54422,6
54423,8
54424,9
54425,5
54426,7
54427,12
54428,11
54429,10
54430,13
54431,9
54432,13
54433,4
54434,6
54435,3
54436,10
54437,8
54438,8
54439,8
54440,9
54441,6
54442,4
54443,6
54444,10
54445,11
54446,6
54447,7
54448,9
54449,7
54450,8
54451,10
54452,2
54453,9
54454,8
54455,10
54456,7
54457,7
54458,14
54459,7
54460,6
54461,6
54462,9
54463,9
54464,6
54465,4
54466,15
54467,7
54468,3
54469,4
54470,7
54471,7
54472,5
54473,9
54474,9
54475,7
54476,6
54477,4
54478,6
54479,5
54480,12
54481,5
54482,8
54483,5
54484,5
54485,7
54486,6
54487,6
54488,8
54489,4
54490,11
54491,7
54492,9
54493,10
54494,12
54495,12
54496,7
54497,7
54498,10
54499,7
54500,11
54501,9
54502,5
54503,6
54504,9
54505,6
54506,9
54507,5
54508,4
54509,9
54510,4
54511,8
54512,9
54513,7
54514,10
54515,2
54516,9
54517,8
54518,10
54519,7
54520,6
54521,7
54522,6
54523,10
54524,12
54525,7
54526,8
54527,7
54528,8
54529,13
54530,8
54531,6
54532,14
54533,7
54534,6
54535,13
54536,10
54537,7
54538,6
54539,5
54540,8
54541,5
54542,10
54543,4
54544,4
54545,6
54546,3
54547,6
54548,7
54549,3
54550,6
54551,7
54552,6
54553,12
54554,8
54555,6
54556,10
54557,8
54558,8
54559,7
54560,5
54561,9
54562,9
54563,9
54564,6
54565,5
54566,10
54567,6
54568,3
54569,4
54570,9
54571,5
54572,11
54573,5
54574,10
54575,4
54576,9
54577,7
54578,10
54579,9
54580,11
54581,5
54582,6
54583,4
54584,14
54585,6
54586,4
54587,6
54588,12
54589,8
54590,6
54591,7
54592,10
54593,12
54594,9
54595,16
54596,11
54597,9
54598,6
54599,10
54600,10
54601,9
54602,4
54603,9
54604,2
54605,10
54606,8
54607,7
54608,6
54609,6
54610,6
54611,8
54612,7
54613,6
54614,6
54615,7
54616,9
54617,12
54618,7
54619,6
54620,4
54621,3
54622,7
54623,7
54624,10
54625,7
54626,7
54627,5
54628,6
54629,11
54630,8
54631,8
54632,2
54633,7
54634,10
54635,5
54636,9
54637,11
54638,4
54639,10
54640,7
54641,12
54642,6
54643,13
54644,9
54645,8
54646,8
54647,9
54648,8
54649,4
54650,6
54651,12
54652,8
54653,8
54654,12
54655,5
54656,6
54657,6
54658,9
54659,8
54660,13
54661,6
54662,9
54663,8
54664,5
54665,8
54666,5
54667,10
54668,7
54669,11
54670,9
54671,8
54672,3
54673,9
54674,6
54675,10
54676,5
54677,5
54678,6
54679,6
54680,3
54681,5
54682,2
54683,12
54684,6
54685,8
54686,10
54687,2
54688,15
54689,5
54690,10
54691,1
54692,4
54693,4
54694,6
54695,5
54696,9
54697,5
54698,12
54699,6
54700,3
54701,5
54702,8
54703,12
54704,6
54705,12
54706,6
54707,8
54708,8
54709,9
54710,5
54711,5
54712,7
54713,10
54714,10
54715,3
54716,4
54717,6
54718,5
54719,5
54720,2
54721,4
54722,7
54723,4
54724,1
54725,1
54726,4
54727,5
54728,1
54729,8
54730,6
54731,6
54732,4
54733,4
54734,5
54735,5
54736,4
54737,4
54738,6
54739,6
54740,6
54741,6
54742,5
54743,8
54744,2
54745,5
54746,8
54747,4
54748,5
54749,7
54750,7
54751,3
54752,8
54753,1
54754,3
54755,3
54756,6
54757,7
54758,6
54759,4
54760,6
54761,5
54762,5
54763,7
54764,4
54765,4
54766,4
54767,5
54768,5
54769,6
54770,8
54771,7
54772,7
54773,8
54774,5
54775,7
54776,4
54777,9
54778,4
54779,7
54780,6
54781,2
54782,7
54783,8
54784,7
54785,5
54786,6
54787,5
54788,4
54789,2
54790,6
54791,9
54792,7
54793,7
54794,8
54795,6
54796,6
54797,8
54798,3
54799,5
54800,8
54801,4
54802,13
54803,3
54804,6
54805,5
54806,6
54807,6
54808,8
54809,10
54810,5
54811,9
54812,6
54813,8
54814,2
54815,8
54816,7
54817,7
54818,7
54819,6
54820,7
54821,7
54822,7
54823,3
54824,4
54825,5
54826,8
54827,9
54828,8
54829,9
54830,4
54831,9
54832,8
54833,2
54834,9
54835,5
54836,7
54837,5
54838,10
54839,7
54840,9
54841,10
54842,6
54843,7
54844,13
54845,5
54846,6
54847,8
54848,7
54849,7
54850,6
54851,5
54852,7
54853,5
54854,14
54855,8
54856,6
54857,8
54858,5
54859,5
54860,9
54861,5
54862,11
54863,10
54864,11
54865,5
54866,8
54867,13
54868,10
54869,8
54870,10
54871,7
54872,9
54873,7
54874,7
54875,7
54876,6
54877,7
54878,3
54879,11
54880,4
54881,6
54882,6
54883,5
54884,3
54885,3
54886,6
54887,7
54888,6
54889,9
54890,4
54891,9
54892,4
54893,7
54894,2
54895,8
54896,4
54897,6
54898,8
54899,2
54900,4
54901,7
54902,6
54903,4
54904,5
54905,8
54906,6
54907,4
54908,10
54909,2
54910,8
54911,1
54912,12
54913,8
54914,2
54915,7
54916,7
54917,6
54918,2
54919,5
54920,6
54921,3
54922,4
54923,3
54924,8
54925,5
54926,4
54927,9
54928,6
54929,10
54930,5
54931,6
54932,11
54933,4
54934,3
54935,5
54936,2
54937,7
54938,2
54939,4
54940,1
54941,7
54942,6
54943,6
54944,2
54945,6
54946,3
54947,7
54948,8
54949,5
54950,4
54951,5
54952,5
54953,4
54954,9
54955,5
54956,9
54957,7
54958,6
54959,8
54960,3
54961,5
54962,5
54963,6
54964,4
54965,4
54966,6
54967,2
54968,3
54969,4
54970,1
54971,4
54972,8
54973,4
54974,11
54975,4
54976,5
54977,3
54978,5
54979,2
54980,6
54981,3
54982,3
54983,3
54984,5
54985,5
54986,6
54987,1
54988,5
54989,1
54990,4
54991,2
54992,6
54993,7
54994,1
54995,4
54996,1
54997,5
54998,3
54999,7
55000,3
55001,6
55002,2
55003,4
55004,5
55005,3
55006,4
55007,4
55008,2
55009,4
55010,7
55011,7
55012,3
55013,5
55014,9
55015,3
55016,8
55017,7
55018,9
55019,7
55020,4
55021,2
55022,3
55023,6
55024,3
55025,2
55026,4
55027,4
55028,3
55029,6
55030,4
55031,4
55032,6
55033,9
55034,4
55035,6
55036,1
55037,8
55038,3
55039,3
55040,2
55041,2
55042,2
55043,5
55044,4
55045,3
55046,4
55047,6
55048,3
55049,6
55050,5
55051,4
55052,1
55053,3
55054,4
55055,6
55056,3
55057,4
55058,4
55059,6
55060,1
55061,4
55062,4
55063,5
55064,3
55065,1
55066,3
55067,6
55068,4
55069,3
55070,6
55071,4
55072,1
55073,6
55074,4
55075,3
55076,4
55077,6
55078,6
55079,2
55080,4
55081,6
55082,4
55083,5
55084,4
55085,4
55086,4
55087,5
55088,2
55089,4
55090,1
55091,6
55092,3
55093,2
55094,5
55095,1
55096,4
55097,2
55098,4
55099,3
55100,3
55101,2
55102,4
55103,3
55104,2
55105,2
55106,5
55107,3
55108,5
55109,1
55110,3
55111,3
55112,4
55113,2
55114,9
55115,4
55116,3
55117,3
55118,3
55119,4
55120,5
55121,1
55122,5
55123,3
55124,8
55125,3
55126,4
55127,5
55128,9
55129,5
55130,7
55131,9
55132,9
55133,9
55134,6
55135,5
55136,5
55137,7
55138,6
55139,6
55140,6
55141,6
55142,4
55143,2
55144,2
55145,3
55146,4
55147,1
55148,5
55149,6
55150,6
55151,4
55152,6
55153,5
55154,3
55155,3
55156,3
55157,4
55158,2
55159,4
55160,2
55161,5
55162,6
55163,2
55164,2
55165,2
55166,4
55167,8
55168,2
55169,1
55170,5
55171,2
55172,6
55173,7
55174,5
55175,5
55176,5
55177,8
55178,5
55179,9
55180,5
55181,9
55182,5
55183,7
55184,3
55185,4
55186,6
55187,7
55188,7
55189,5
55190,0
55191,6
55192,8
55193,5
55194,6
55195,7
55196,6
55197,12
55198,6
55199,7
55200,6
55201,1
55202,7
55203,6
55204,3
55205,8
55206,3
55207,5
55208,6
55209,8
55210,3
55211,8
55212,7
55213,3
55214,7
55215,5
55216,7
55217,2
55218,7
55219,7
55220,6
55221,2
55222,5
55223,3
55224,8
55225,2
55226,6
55227,3
55228,8
55229,5
55230,4
55231,0
55232,3
55233,2
55234,4
55235,3
55236,4
55237,3
55238,5
55239,3
55240,6
55241,4
55242,3
55243,4
55244,2
55245,5
55246,4
55247,4
55248,6
55249,5
55250,5
55251,4
55252,5
55253,5
55254,2
55255,4
55256,3
55257,8
55258,2
55259,6
55260,1
55261,9
55262,11
55263,6
55264,4
55265,2
55266,3
55267,6
55268,4
55269,4
55270,4
55271,2
55272,2
55273,3
55274,1
55275,3
55276,2
55277,3
55278,2
55279,2
55280,8
55281,3
55282,7
55283,3
55284,2
55285,1
55286,6
55287,7
55288,4
55289,3
55290,5
55291,4
55292,9
55293,4
55294,7
55295,1
55296,6
55297,3
55298,6
55299,6
55300,3
55301,8
55302,6
55303,12
55304,2
55305,3
55306,5
55307,3
55308,7
55309,7
55310,7
55311,6
55312,4
55313,2
55314,4
55315,6
55316,4
55317,8
55318,5
55319,3
55320,3
55321,8
55322,8
55323,7
55324,3
55325,7
55326,3
55327,2
55328,4
55329,2
55330,5
55331,1
55332,4
55333,4
55334,2
55335,4
55336,0
55337,4
55338,3
55339,1
55340,2
55341,5
55342,6
55343,7
55344,0
55345,5
55346,7
55347,5
55348,1
55349,3
55350,3
55351,6
55352,1
55353,7
55354,4
55355,5
55356,7
55357,1
55358,3
55359,6
55360,7
55361,4
55362,6
55363,1
55364,1
55365,4
55366,3
55367,7
55368,5
55369,4
55370,2
55371,3
55372,5
55373,4
55374,2
55375,4
55376,3
55377,6
55378,3
55379,5
55380,2
55381,3
55382,2
55383,1
55384,5
55385,4
55386,6
55387,2
55388,4
55389,6
55390,1
55391,0
55392,2
55393,3
55394,1
55395,4
55396,3
55397,5
55398,3
55399,3
55400,6
55401,11
55402,9
55403,7
55404,8
55405,1
55406,6
55407,5
55408,5
55409,7
55410,4
55411,3
55412,2
55413,5
55414,4
55415,4
55416,3
55417,3
55418,3
55419,6
55420,3
55421,5
55422,3
55423,4
55424,5
55425,1
55426,8
55427,4
55428,6
55429,5
55430,6
55431,7
55432,4
55433,5
55434,3
55435,6
55436,4
55437,3
55438,8
55439,4
55440,6
55441,8
55442,4
55443,1
55444,6
55445,3
55446,5
55447,5
55448,3
55449,8
55450,1
55451,6
55452,0
55453,3
55454,5
55455,2
55456,5
55457,1
55458,3
55459,4
55460,4
55461,4
55462,5
55463,5
55464,4
55465,5
55466,7
55467,5
55468,6
55469,2
55470,4
55471,5
55472,2
55473,7
55474,2
55475,5
55476,6
55477,4
55478,2
55479,6
55480,1
55481,4
55482,6
55483,3
55484,3
55485,3
55486,6
55487,6
55488,3
55489,4
55490,1
55491,5
55492,2
55493,10
55494,5
55495,8
55496,8
55497,8
55498,9
55499,2
55500,11
55501,5
55502,8
55503,7
55504,2
55505,7
55506,7
55507,9
55508,7
55509,7
55510,7
55511,7
55512,6
55513,5
55514,6
55515,2
55516,11
55517,11
55518,12
55519,14
55520,8
55521,7
55522,4
55523,5
55524,8
55525,3
55526,5
55527,7
55528,8
55529,7
55530,5
55531,10
55532,9
55533,8
55534,8
55535,11
55536,5
55537,13
55538,5
55539,9
55540,5
55541,6
55542,6
55543,8
55544,12
55545,6
55546,10
55547,6
55548,9
55549,6
55550,5
55551,6
55552,7
55553,5
55554,9
55555,6
55556,6
55557,12
55558,6
55559,3
55560,3
55561,7
55562,5
55563,10
55564,4
55565,5
55566,8
55567,5
55568,6
55569,9
55570,7
55571,5
55572,9
55573,9
55574,5
55575,8
55576,5
55577,6
55578,3
55579,7
55580,3
55581,3
55582,6
55583,4
55584,6
55585,6
55586,4
55587,8
55588,9
55589,4
55590,6
55591,4
55592,5
55593,3
55594,7
55595,4
55596,7
55597,5
55598,3
55599,4
55600,5
55601,4
55602,6
55603,6
55604,8
55605,4
55606,4
55607,6
55608,7
55609,6
55610,5
55611,4
55612,3
55613,4
55614,2
55615,4
55616,3
55617,6
55618,5
55619,5
55620,5
55621,6
55622,5
55623,6
55624,3
55625,9
55626,5
55627,8
55628,6
55629,7
55630,8
55631,6
55632,2
55633,5
55634,10
55635,8
55636,4
55637,5
55638,6
55639,4
55640,6
55641,8
55642,7
55643,5
55644,8
55645,8
55646,6
55647,4
55648,9
55649,10
55650,14
55651,7
55652,6
55653,5
55654,7
55655,7
55656,13
55657,2
55658,6
55659,5
55660,5
55661,6
55662,7
55663,9
55664,7
55665,5
55666,9
55667,4
55668,5
55669,8
55670,6
55671,7
55672,5
55673,9
55674,12
55675,9
55676,12
55677,5
55678,10
55679,11
55680,6
55681,6
55682,7
55683,7
55684,7
55685,5
55686,9
55687,6
55688,6
55689,8
55690,7
55691,8
55692,10
55693,6
55694,9
55695,3
55696,11
55697,11
55698,10
55699,4
55700,9
55701,5
55702,7
55703,9
55704,7
55705,4
55706,9
55707,5
55708,6
55709,4
55710,12
55711,6
55712,4
55713,5
55714,10
55715,4
55716,8
55717,5
55718,7
55719,7
55720,4
55721,8
55722,6
55723,5
55724,6
55725,9
55726,7
55727,4
55728,8
55729,10
55730,3
55731,3
55732,5
55733,8
55734,7
55735,3
55736,6
55737,7
55738,12
55739,5
55740,7
55741,12
55742,4
55743,9
55744,3
55745,3
55746,5
55747,7
55748,9
55749,7
55750,10
55751,7
55752,5
55753,5
55754,6
55755,6
55756,3
55757,4
55758,7
55759,4
55760,8
55761,4
55762,4
55763,6
55764,5
55765,4
55766,3
55767,4
55768,4
55769,2
55770,4
55771,5
55772,2
55773,4
55774,6
55775,5
55776,8
55777,5
55778,9
55779,5
55780,7
55781,4
55782,8
55783,3
55784,9
55785,8
55786,6
55787,10
55788,6
55789,9
55790,7
55791,4
55792,4
55793,7
55794,6
55795,8
55796,6
55797,8
55798,5
55799,6
55800,7
55801,8
55802,5
55803,2
55804,4
55805,3
55806,4
55807,8
55808,3
55809,7
55810,6
55811,7
55812,8
55813,8
55814,7
55815,6
55816,4
55817,7
55818,9
55819,5
55820,3
55821,5
55822,4
55823,6
55824,6
55825,7
55826,4
55827,5
55828,7
55829,2
55830,6
55831,3
55832,4
55833,4
55834,5
55835,4
55836,5
55837,4
55838,8
55839,2
55840,4
55841,3
55842,3
55843,5
55844,3
55845,4
55846,5
55847,7
55848,3
55849,2
55850,1
55851,5
55852,4
55853,7
55854,3
55855,8
55856,6
55857,6
55858,5
55859,9
55860,6
55861,4
55862,3
55863,3
55864,5
55865,4
55866,6
55867,3
55868,2
55869,6
55870,2
55871,5
55872,6
55873,7
55874,2
55875,9
55876,7
55877,6
55878,10
55879,5
55880,8
55881,4
55882,9
55883,4
55884,10
55885,5
55886,11
55887,9
55888,4
55889,6
55890,3
55891,6
55892,5
55893,5
55894,7
55895,6
55896,3
55897,9
55898,6
55899,10
55900,6
55901,4
55902,5
55903,4
55904,6
55905,3
55906,5
55907,8
55908,6
55909,10
55910,4
55911,9
55912,9
55913,9
55914,8
55915,9
55916,9
55917,4
55918,8
55919,7
55920,9
55921,6
55922,6
55923,10
55924,7
55925,5
55926,10
55927,2
55928,5
55929,6
55930,5
55931,5
55932,5
55933,5
55934,6
55935,2
55936,6
55937,5
55938,6
55939,7
55940,3
55941,6
55942,6
55943,4
55944,4
55945,5
55946,5
55947,6
55948,6
55949,5
55950,5
55951,10
55952,3
55953,6
55954,5
55955,9
55956,8
55957,7
55958,4
55959,4
55960,8
55961,8
55962,4
55963,6
55964,7
55965,3
55966,4
55967,12
55968,6
55969,3
55970,6
55971,4
55972,8
55973,9
55974,5
55975,7
55976,3
55977,6
55978,6
55979,5
55980,7
55981,8
55982,8
55983,4
55984,7
55985,9
55986,7
55987,4
55988,10
55989,6
55990,11
55991,8
55992,8
55993,6
55994,8
55995,10
55996,7
55997,9
55998,7
55999,4
56000,6
56001,4
56002,9
56003,6
56004,4
56005,3
56006,8
56007,7
56008,4
56009,7
56010,2
56011,8
56012,8
56013,7
56014,7
56015,6
56016,7
56017,6
56018,5
56019,9
56020,7
56021,8
56022,3
56023,6
56024,5
56025,6
56026,9
56027,4
56028,8
56029,4
56030,11
56031,10
56032,8
56033,6
56034,6
56035,6
56036,4
56037,7
56038,8
56039,6
56040,6
56041,6
56042,5
56043,4
56044,8
56045,5
56046,7
56047,6
56048,4
56049,2
56050,4
56051,10
56052,7
56053,6
56054,3
56055,6
56056,6
56057,2
56058,7
56059,4
56060,4
56061,10
56062,8
56063,1
56064,8
56065,5
56066,5
56067,11
56068,11
56069,12
56070,3
56071,12
56072,6
56073,8
56074,6
56075,15
56076,8
56077,10
56078,13
56079,8
56080,10
56081,8
56082,7
56083,7
56084,13
56085,10
56086,12
56087,6
56088,9
56089,7
56090,10
56091,13
56092,8
56093,10
56094,6
56095,7
56096,12
56097,7
56098,7
56099,7
56100,4
56101,4
56102,7
56103,7
56104,3
56105,3
56106,3
56107,5
56108,8
56109,5
56110,7
56111,1
56112,4
56113,4
56114,5
56115,3
56116,6
56117,6
56118,5
56119,3
56120,5
56121,3
56122,3
56123,5
56124,4
56125,6
56126,2
56127,5
56128,8
56129,2
56130,5
56131,8
56132,4
56133,6
56134,9
56135,8
56136,5
56137,5
56138,5
56139,6
56140,7
56141,7
56142,3
56143,7
56144,5
56145,11
56146,7
56147,10
56148,7
56149,7
56150,10
56151,6
56152,7
56153,7
56154,6
56155,10
56156,10
56157,8
56158,6
56159,8
56160,3
56161,3
56162,6
56163,5
56164,6
56165,5
56166,4
56167,6
56168,4
56169,6
56170,4
56171,2
56172,6
56173,3
56174,5
56175,9
56176,4
56177,7
56178,3
56179,5
56180,3
56181,5
56182,6
56183,4
56184,3
56185,6
56186,2
56187,8
56188,4
56189,3
56190,1
56191,1
56192,3
56193,3
56194,4
56195,3
56196,3
56197,8
56198,4
56199,2
56200,3
56201,4
56202,3
56203,6
56204,5
56205,4
56206,7
56207,3
56208,3
56209,5
56210,4
56211,5
56212,6
56213,6
56214,8
56215,5
56216,4
56217,5
56218,5
56219,5
56220,3
56221,6
56222,4
56223,9
56224,5
56225,4
56226,4
56227,5
56228,3
56229,5
56230,5
56231,11
56232,3
56233,6
56234,6
56235,4
56236,7
56237,5
56238,4
56239,5
56240,3
56241,8
56242,4
56243,4
56244,4
56245,9
56246,5
56247,7
56248,5
56249,6
56250,9
56251,11
56252,9
56253,6
56254,11
56255,4
56256,7
56257,3
56258,8
56259,4
56260,5
56261,16
56262,7
56263,6
56264,4
56265,4
56266,5
56267,3
56268,8
56269,3
56270,6
56271,7
56272,11
56273,7
56274,12
56275,6
56276,10
56277,2
56278,7
56279,6
56280,4
56281,5
56282,6
56283,4
56284,4
56285,6
56286,5
56287,10
56288,4
56289,4
56290,5
56291,4
56292,7
56293,5
56294,7
56295,6
56296,3
56297,3
56298,7
56299,3
56300,7
56301,4
56302,5
56303,2
56304,8
56305,3
56306,3
56307,4
56308,3
56309,6
56310,6
56311,2
56312,5
56313,8
56314,7
56315,7
56316,7
56317,6
56318,6
56319,4
56320,7
56321,4
56322,5
56323,12
56324,6
56325,3
56326,5
56327,6
56328,5
56329,4
56330,3
56331,4
56332,9
56333,5
56334,3
56335,7
56336,7
56337,5
56338,7
56339,8
56340,1
56341,2
56342,7
56343,8
56344,5
56345,5
56346,7
56347,7
56348,3
56349,5
56350,6
56351,11
56352,6
56353,8
56354,11
56355,8
56356,8
56357,6
56358,3
56359,8
56360,3
56361,5
56362,6
56363,4
56364,5
56365,4
56366,7
56367,13
56368,7
56369,12
56370,4
56371,7
56372,5
56373,3
56374,5
56375,4
56376,3
56377,6
56378,2
56379,5
56380,5
56381,4
56382,2
56383,5
56384,6
56385,6
56386,3
56387,6
56388,7
56389,6
56390,5
56391,5
56392,4
56393,4
56394,6
56395,4
56396,4
56397,6
56398,0
56399,7
56400,3
56401,8
56402,4
56403,4
56404,4
56405,4
56406,6
56407,4
56408,5
56409,3
56410,3
56411,4
56412,6
56413,4
56414,4
56415,2
56416,5
56417,4
56418,3
56419,4
56420,1
56421,5
56422,6
56423,3
56424,5
56425,5
56426,8
56427,5
56428,3
56429,9
56430,5
56431,3
56432,4
56433,4
56434,6
56435,6
56436,5
56437,6
56438,5
56439,2
56440,4
56441,6
56442,9
56443,6
56444,4
56445,3
56446,6
56447,4
56448,2
56449,3
56450,9
56451,6
56452,5
56453,6
56454,8
56455,5
56456,6
56457,6
56458,4
56459,3
56460,6
56461,8
56462,2
56463,7
56464,7
56465,3
56466,5
56467,1
56468,6
56469,4
56470,5
56471,3
56472,6
56473,2
56474,6
56475,3
56476,1
56477,4
56478,5
56479,6
56480,5
56481,5
56482,4
56483,7
56484,7
56485,2
56486,6
56487,6
56488,4
56489,2
56490,10
56491,3
56492,3
56493,6
56494,8
56495,3
56496,10
56497,4
56498,6
56499,3
56500,6
56501,8
56502,7
56503,7
56504,7
56505,6
56506,3
56507,7
56508,2
56509,8
56510,5
56511,6
56512,4
56513,5
56514,3
56515,5
56516,7
56517,5
56518,12
56519,2
56520,6
56521,3
56522,4
56523,4
56524,4
56525,4
56526,7
56527,5
56528,4
56529,5
56530,8
56531,2
56532,7
56533,5
56534,5
56535,7
56536,3
56537,11
56538,6
56539,6
56540,9
56541,7
56542,6
56543,4
56544,6
56545,3
56546,6
56547,3
56548,7
56549,4
56550,7
56551,5
56552,4
56553,5
56554,10
56555,2
56556,4
56557,8
56558,7
56559,4
56560,2
56561,6
56562,5
56563,6
56564,5
56565,6
56566,6
56567,6
56568,6
56569,5
56570,4
56571,10
56572,5
56573,2
56574,6
56575,3
56576,5
56577,4
56578,4
56579,2
56580,6
56581,2
56582,3
56583,4
56584,4
56585,4
56586,5
56587,7
56588,1
56589,4
56590,2
56591,2
56592,5
56593,2
56594,4
56595,7
56596,5
56597,3
56598,7
56599,8
56600,4
56601,4
56602,13
56603,9
56604,8
56605,4
56606,4
56607,5
56608,10
56609,8
56610,7
56611,3
56612,10
56613,3
56614,7
56615,5
56616,7
56617,7
56618,8
56619,3
56620,12
56621,7
56622,9
56623,6
56624,10
56625,5
56626,8
56627,8
56628,7
56629,8
56630,8
56631,9
56632,7
56633,12
56634,4
56635,9
56636,5
56637,12
56638,8
56639,9
56640,9
56641,5
56642,5
56643,6
56644,7
56645,6
56646,7
56647,2
56648,6
56649,8
56650,9
56651,5
56652,11
56653,9
56654,8
56655,11
56656,1
56657,9
56658,6
56659,4
56660,6
56661,7
56662,9
56663,9
56664,10
56665,7
56666,5
56667,6
56668,6
56669,9
56670,2
56671,5
56672,10
56673,7
56674,4
56675,7
56676,5
56677,6
56678,1
56679,5
56680,3
56681,3
56682,3
56683,4
56684,2
56685,5
56686,9
56687,2
56688,3
56689,7
56690,6
56691,4
56692,5
56693,6
56694,7
56695,4
56696,2
56697,3
56698,5
56699,7
56700,10
56701,3
56702,7
56703,8
56704,7
56705,10
56706,6
56707,4
56708,2
56709,3
56710,6
56711,9
56712,4
56713,6
56714,6
56715,2
56716,4
56717,3
56718,2
56719,4
56720,5
56721,6
56722,5
56723,5
56724,3
56725,3
56726,3
56727,4
56728,7
56729,2
56730,4
56731,3
56732,5
56733,2
56734,3
56735,2
56736,3
56737,7
56738,4
56739,5
56740,3
56741,1
56742,2
56743,2
56744,0
56745,3
56746,5
56747,6
56748,4
56749,3
56750,3
56751,8
56752,10
56753,4
56754,4
56755,2
56756,7
56757,6
56758,5
56759,5
56760,3
56761,3
56762,4
56763,5
56764,4
56765,9
56766,1
56767,3
56768,7
56769,3
56770,2
56771,4
56772,2
56773,3
56774,6
56775,5
56776,6
56777,8
56778,2
56779,5
56780,4
56781,10
56782,5
56783,4
56784,4
56785,1
56786,4
56787,4
56788,6
56789,2
56790,5
56791,3
56792,8
56793,3
56794,5
56795,6
56796,6
56797,5
56798,10
56799,6
56800,5
56801,7
56802,7
56803,8
56804,6
56805,10
56806,10
56807,8
56808,8
56809,8
56810,5
56811,5
56812,9
56813,3
56814,5
56815,15
56816,5
56817,5
56818,2
56819,5
56820,6
56821,3
56822,5
56823,4
56824,7
56825,3
56826,4
56827,4
56828,6
56829,3
56830,5
56831,3
56832,1
56833,7
56834,4
56835,8
56836,2
56837,6
56838,3
56839,0
56840,6
56841,7
56842,2
56843,3
56844,3
56845,4
56846,3
56847,2
56848,6
56849,4
56850,3
56851,6
56852,1
56853,5
56854,6
56855,7
56856,2
56857,6
56858,3
56859,3
56860,2
56861,4
56862,6
56863,5
56864,7
56865,3
56866,5
56867,6
56868,6
56869,1
56870,2
56871,5
56872,5
56873,4
56874,7
56875,4
56876,6
56877,5
56878,6
56879,4
56880,5
56881,3
56882,1
56883,5
56884,3
56885,3
56886,6
56887,1
56888,8
56889,6
56890,4
56891,4
56892,8
56893,5
56894,5
56895,5
56896,2
56897,9
56898,5
56899,4
56900,3
56901,6
56902,10
56903,4
56904,9
56905,10
56906,12
56907,7
56908,3
56909,9
56910,2
56911,7
56912,5
56913,5
56914,8
56915,4
56916,3
56917,7
56918,7
56919,4
56920,7
56921,5
56922,8
56923,9
56924,3
56925,7
56926,7
56927,5
56928,8
56929,7
56930,6
56931,3
56932,12
56933,5
56934,7
56935,4
56936,8
56937,3
56938,10
56939,10
56940,12
56941,8
56942,10
56943,6
56944,8
56945,11
56946,7
56947,5
56948,9
56949,5
56950,6
56951,3
56952,14
56953,8
56954,5
56955,8
56956,4
56957,11
56958,8
56959,8
56960,7
56961,7
56962,5
56963,6
56964,6
56965,10
56966,6
56967,10
56968,4
56969,9
56970,1
56971,7
56972,12
56973,6
56974,7
56975,6
56976,8
56977,6
56978,4
56979,5
56980,5
56981,4
56982,6
56983,7
56984,3
56985,10
56986,4
56987,9
56988,7
56989,5
56990,7
56991,3
56992,8
56993,6
56994,4
56995,12
56996,4
56997,12
56998,5
56999,7
57000,7
57001,6
57002,7
57003,8
57004,4
57005,11
57006,7
57007,4
57008,11
57009,2
57010,10
57011,10
57012,10
57013,3
57014,5
57015,3
57016,2
57017,2
57018,9
57019,5
57020,5
57021,7
57022,3
57023,6
57024,5
57025,6
57026,5
57027,6
57028,6
57029,8
57030,5
57031,3
57032,7
57033,7
57034,2
57035,11
57036,4
57037,6
57038,10
57039,5
57040,4
57041,7
57042,11
57043,11
57044,3
57045,7
57046,7
57047,2
57048,5
57049,6
57050,7
57051,7
57052,6
57053,3
57054,7
57055,6
57056,4
57057,4
57058,5
57059,8
57060,3
57061,5
57062,4
57063,3
57064,4
57065,6
57066,2
57067,5
57068,5
57069,3
57070,3
57071,5
57072,1
57073,6
57074,3
57075,6
57076,1
57077,7
57078,2
57079,7
57080,4
57081,2
57082,8
57083,5
57084,5
57085,11
57086,5
57087,5
57088,6
57089,8
57090,8
57091,6
57092,4
57093,2
57094,2
57095,4
57096,5
57097,5
57098,8
57099,2
57100,3
57101,6
57102,6
57103,6
57104,11
57105,2
57106,6
57107,8
57108,9
57109,7
57110,5
57111,6
57112,4
57113,5
57114,11
57115,5
57116,4
57117,2
57118,6
57119,4
57120,4
57121,5
57122,7
57123,1
57124,6
57125,7
57126,4
57127,6
57128,4
57129,4
57130,4
57131,2
57132,3
57133,1
57134,2
57135,5
57136,5
57137,3
57138,7
57139,3
57140,7
57141,4
57142,2
57143,5
57144,2
57145,7
57146,6
57147,3
57148,5
57149,4
57150,7
57151,3
57152,3
57153,4
57154,9
57155,3
57156,8
57157,2
57158,5
57159,5
57160,11
57161,3
57162,4
57163,4
57164,6
57165,8
57166,7
57167,11
57168,5
57169,2
57170,1
57171,3
57172,8
57173,4
57174,6
57175,3
57176,5
57177,2
57178,5
57179,5
57180,1
57181,3
57182,6
57183,3
57184,9
57185,8
57186,6
57187,4
57188,5
57189,2
57190,7
57191,4
57192,5
57193,6
57194,9
57195,4
57196,6
57197,11
57198,9
57199,4
57200,5
57201,5
57202,5
57203,5
57204,8
57205,7
57206,7
57207,4
57208,4
57209,6
57210,3
57211,2
57212,1
57213,5
57214,3
57215,2
57216,3
57217,2
57218,2
57219,4
57220,2
57221,7
57222,2
57223,4
57224,1
57225,3
57226,5
57227,4
57228,4
57229,3
57230,3
57231,5
57232,5
57233,6
57234,4
57235,4
57236,3
57237,6
57238,8
57239,9
57240,4
57241,9
57242,3
57243,8
57244,3
57245,8
57246,4
57247,3
57248,5
57249,6
57250,4
57251,6
57252,3
57253,7
57254,2
57255,10
57256,7
57257,4
57258,8
57259,9
57260,6
57261,4
57262,2
57263,11
57264,4
57265,5
57266,7
57267,5
57268,3
57269,8
57270,6
57271,3
57272,6
57273,8
57274,2
57275,8
57276,5
57277,6
57278,4
57279,6
57280,2
57281,2
57282,5
57283,8
57284,7
57285,4
57286,4
57287,3
57288,3
57289,3
57290,3
57291,5
57292,6
57293,5
57294,4
57295,7
57296,9
57297,6
57298,4
57299,5
57300,7
57301,4
57302,3
57303,4
57304,1
57305,4
57306,9
57307,4
57308,3
57309,6
57310,3
57311,4
57312,3
57313,6
57314,2
57315,4
57316,2
57317,4
57318,6
57319,5
57320,3
57321,3
57322,5
57323,3
57324,6
57325,3
57326,4
57327,3
57328,8
57329,7
57330,2
57331,5
57332,2
57333,3
57334,5
57335,3
57336,7
57337,4
57338,0
57339,6
57340,7
57341,3
57342,4
57343,6
57344,5
57345,4
57346,6
57347,3
57348,12
57349,6
57350,6
57351,8
57352,4
57353,5
57354,3
57355,6
57356,9
57357,4
57358,5
57359,4
57360,8
57361,4
57362,4
57363,1
57364,6
57365,6
57366,9
57367,8
57368,4
57369,8
57370,7
57371,5
57372,8
57373,4
57374,7
57375,8
57376,5
57377,8
57378,7
57379,5
57380,6
57381,1
57382,4
57383,3
57384,8
57385,6
57386,9
57387,5
57388,2
57389,12
57390,7
57391,2
57392,2
57393,6
57394,6
57395,6
57396,7
57397,4
57398,6
57399,3
57400,3
57401,3
57402,6
57403,3
57404,4
57405,1
57406,4
57407,5
57408,4
57409,0
57410,3
57411,8
57412,4
57413,3
57414,9
57415,2
57416,2
57417,4
57418,5
57419,6
57420,5
57421,6
57422,4
57423,2
57424,6
57425,6
57426,7
57427,7
57428,6
57429,5
57430,1
57431,6
57432,5
57433,5
57434,3
57435,3
57436,1
57437,5
57438,3
57439,2
57440,5
57441,4
57442,4
57443,5
57444,5
57445,6
57446,6
57447,3
57448,7
57449,4
57450,4
57451,7
57452,3
57453,3
57454,2
57455,4
57456,5
57457,6
57458,6
57459,2
57460,5
57461,1
57462,6
57463,3
57464,2
57465,3
57466,5
57467,6
57468,1
57469,2
57470,6
57471,6
57472,3
57473,5
57474,5
57475,5
57476,5
57477,2
57478,5
57479,8
57480,2
57481,5
57482,7
57483,7
57484,6
57485,1
57486,5
57487,3
57488,0
57489,5
57490,4
57491,1
57492,2
57493,8
57494,4
57495,7
57496,7
57497,7
57498,4
57499,5
57500,7
57501,2
57502,3
57503,5
57504,1
57505,6
57506,5
57507,7
57508,7
57509,2
57510,7
57511,4
57512,2
57513,6
57514,4
57515,6
57516,8
57517,4
57518,6
57519,2
57520,6
57521,2
57522,4
57523,4
57524,5
57525,10
57526,9
57527,7
57528,8
57529,5
57530,8
57531,9
57532,12
57533,5
57534,5
57535,8
57536,7
57537,4
57538,7
57539,3
57540,9
57541,4
57542,7
57543,4
57544,4
57545,6
57546,6
57547,3
57548,3
57549,9
57550,4
57551,3
57552,4
57553,5
57554,5
57555,6
57556,2
57557,5
57558,5
57559,4
57560,3
57561,5
57562,5
57563,5
57564,5
57565,3
57566,5
57567,4
57568,4
57569,4
57570,6
57571,4
57572,4
57573,3
57574,5
57575,4
57576,1
57577,4
57578,6
57579,7
57580,5
57581,7
57582,2
57583,3
57584,5
57585,6
57586,3
57587,5
57588,4
57589,4
57590,6
57591,4
57592,4
57593,8
57594,5
57595,5
57596,2
57597,3
57598,8
57599,4
57600,6
57601,4
57602,1
57603,4
57604,3
57605,1
57606,1
57607,3
57608,8
57609,2
57610,11
57611,3
57612,9
57613,1
57614,4
57615,5
57616,6
57617,2
57618,7
57619,4
57620,2
57621,7
57622,3
57623,4
57624,3
57625,4
57626,4
57627,4
57628,3
57629,7
57630,2
57631,7
57632,8
57633,6
57634,7
57635,6
57636,3
57637,10
57638,5
57639,3
57640,8
57641,1
57642,4
57643,3
57644,7
57645,2
57646,3
57647,6
57648,4
57649,4
57650,3
57651,2
57652,8
57653,5
57654,4
57655,7
57656,3
57657,6
57658,5
57659,4
57660,3
57661,7
57662,10
57663,6
57664,5
57665,4
57666,5
57667,5
57668,9
57669,8
57670,3
57671,6
57672,4
57673,8
57674,5
57675,6
57676,6
57677,7
57678,8
57679,9
57680,4
57681,8
57682,4
57683,7
57684,8
57685,7
57686,9
57687,8
57688,4
57689,10
57690,10
57691,8
57692,11
57693,7
57694,3
57695,1
57696,4
57697,8
57698,8
57699,5
57700,4
57701,5
57702,5
57703,6
57704,4
57705,6
57706,7
57707,5
57708,6
57709,5
57710,4
57711,4
57712,2
57713,4
57714,4
57715,3
57716,5
57717,6
57718,3
57719,5
57720,4
57721,2
57722,2
57723,3
57724,3
57725,4
57726,5
57727,4
57728,4
57729,3
57730,2
57731,4
57732,4
57733,3
57734,6
57735,3
57736,5
57737,4
57738,4
57739,4
57740,7
57741,7
57742,3
57743,2
57744,2
57745,4
57746,4
57747,4
57748,4
57749,4
57750,6
57751,2
57752,6
57753,6
57754,4
57755,5
57756,5
57757,3
57758,4
57759,10
57760,10
57761,11
57762,8
57763,0
57764,2
57765,2
57766,5
57767,5
57768,6
57769,4
57770,6
57771,3
57772,7
57773,5
57774,5
57775,2
57776,4
57777,6
57778,5
57779,5
57780,6
57781,7
57782,5
57783,5
57784,6
57785,2
57786,9
57787,8
57788,5
57789,5
57790,8
57791,8
57792,3
57793,2
57794,5
57795,1
57796,4
57797,10
57798,2
57799,3
57800,2
57801,1
57802,3
57803,2
57804,2
57805,5
57806,2
57807,2
57808,7
57809,7
57810,3
57811,5
57812,2
57813,4
57814,4
57815,5
57816,7
57817,2
57818,5
57819,7
57820,5
57821,5
57822,9
57823,2
57824,4
57825,6
57826,4
57827,7
57828,5
57829,3
57830,4
57831,5
57832,7
57833,8
57834,4
57835,7
57836,7
57837,5
57838,9
57839,6
57840,6
57841,9
57842,4
57843,9
57844,13
57845,11
57846,9
57847,4
57848,8
57849,7
57850,8
57851,4
57852,7
57853,5
57854,3
57855,5
57856,6
57857,8
57858,7
57859,7
57860,6
57861,8
57862,7
57863,5
57864,7
57865,6
57866,5
57867,5
57868,1
57869,6
57870,8
57871,6
57872,6
57873,13
57874,8
57875,7
57876,8
57877,8
57878,5
57879,13
57880,6
57881,12
57882,5
57883,8
57884,10
57885,7
57886,7
57887,3
57888,3
57889,5
57890,8
57891,6
57892,4
57893,6
57894,6
57895,5
57896,10
57897,8
57898,7
57899,4
57900,8
57901,5
57902,6
57903,4
57904,6
57905,7
57906,8
57907,5
57908,6
57909,7
57910,3
57911,10
57912,8
57913,8
57914,6
57915,5
57916,10
57917,9
57918,4
57919,5
57920,5
57921,9
57922,4
57923,8
57924,9
57925,10
57926,7
57927,6
57928,5
57929,7
57930,8
57931,12
57932,7
57933,8
57934,4
57935,12
57936,10
57937,12
57938,7
57939,10
57940,4
57941,5
57942,5
57943,5
57944,5
57945,7
57946,7
57947,5
57948,10
57949,2
57950,7
57951,12
57952,6
57953,5
57954,11
57955,10
57956,7
57957,6
57958,5
57959,5
57960,9
57961,8
57962,7
57963,8
57964,7
57965,2
57966,7
57967,2
57968,4
57969,7
57970,4
57971,13
57972,6
57973,5
57974,7
57975,8
57976,4
57977,3
57978,4
57979,10
57980,5
57981,7
57982,7
57983,9
57984,7
57985,10
57986,6
57987,10
57988,3
57989,5
57990,8
57991,6
57992,3
57993,6
57994,5
57995,6
57996,9
57997,8
57998,6
57999,2
58000,6
58001,8
58002,7
58003,5
58004,5
58005,5
58006,5
58007,10
58008,5
58009,9
58010,7
58011,6
58012,7
58013,4
58014,7
58015,7
58016,7
58017,6
58018,5
58019,4
58020,10
58021,10
58022,10
58023,9
58024,5
58025,6
58026,7
58027,9
58028,11
58029,5
58030,8
58031,9
58032,12
58033,9
58034,8
58035,10
58036,7
58037,4
58038,8
58039,6
58040,4
58041,8
58042,8
58043,2
58044,5
58045,5
58046,6
58047,6
58048,5
58049,3
58050,7
58051,9
58052,4
58053,6
58054,1
58055,6
58056,4
58057,8
58058,9
58059,4
58060,6
58061,5
58062,8
58063,7
58064,9
58065,7
58066,5
58067,4
58068,9
58069,6
58070,6
58071,7
58072,4
58073,8
58074,5
58075,5
58076,4
58077,4
58078,5
58079,4
58080,5
58081,5
58082,7
58083,3
58084,4
58085,5
58086,6
58087,4
58088,3
58089,7
58090,4
58091,8
58092,9
58093,9
58094,4
58095,11
58096,7
58097,11
58098,11
58099,11
58100,10
58101,6
58102,12
58103,5
58104,6
58105,5
58106,7
58107,2
58108,2
58109,5
58110,4
58111,5
58112,7
58113,7
58114,6
58115,4
58116,4
58117,5
58118,6
58119,5
58120,5
58121,7
58122,8
58123,5
58124,6
58125,4
58126,4
58127,6
58128,5
58129,5
58130,6
58131,4
58132,2
58133,3
58134,5
58135,6
58136,8
58137,5
58138,6
58139,5
58140,3
58141,6
58142,3
58143,9
58144,5
58145,3
58146,3
58147,5
58148,4
58149,2
58150,4
58151,6
58152,11
58153,4
58154,5
58155,11
58156,6
58157,7
58158,6
58159,6
58160,8
58161,2
58162,5
58163,5
58164,12
58165,3
58166,7
58167,6
58168,6
58169,11
58170,7
58171,5
58172,7
58173,5
58174,2
58175,5
58176,8
58177,2
58178,1
58179,8
58180,9
58181,4
58182,3
58183,6
58184,5
58185,4
58186,5
58187,4
58188,5
58189,6
58190,6
58191,7
58192,7
58193,5
58194,6
58195,6
58196,7
58197,3
58198,8
58199,2
58200,5
58201,7
58202,4
58203,3
58204,6
58205,7
58206,4
58207,3
58208,2
58209,1
58210,3
58211,2
58212,4
58213,3
58214,5
58215,1
58216,6
58217,2
58218,2
58219,3
58220,3
58221,6
58222,5
58223,4
58224,2
58225,6
58226,4
58227,8
58228,3
58229,4
58230,4
58231,8
58232,6
58233,6
58234,3
58235,6
58236,2
58237,9
58238,6
58239,4
58240,6
58241,9
58242,6
58243,8
58244,8
58245,3
58246,7
58247,6
58248,4
58249,3
58250,4
58251,10
58252,8
58253,7
58254,6
58255,10
58256,4
58257,6
58258,6
58259,7
58260,6
58261,5
58262,5
58263,10
58264,2
58265,4
58266,2
58267,4
58268,5
58269,5
58270,3
58271,7
58272,2
58273,5
58274,5
58275,7
58276,4
58277,6
58278,2
58279,8
58280,4
58281,5
58282,3
58283,5
58284,7
58285,4
58286,4
58287,5
58288,6
58289,3
58290,5
58291,5
58292,1
58293,2
58294,5
58295,2
58296,3
58297,3
58298,3
58299,6
58300,3
58301,3
58302,7
58303,7
58304,7
58305,4
58306,7
58307,3
58308,7
58309,3
58310,4
58311,5
58312,2
58313,4
58314,4
58315,3
58316,6
58317,1
58318,4
58319,3
58320,5
58321,5
58322,4
58323,5
58324,5
58325,4
58326,4
58327,7
58328,4
58329,6
58330,2
58331,3
58332,7
58333,4
58334,6
58335,5
58336,1
58337,3
58338,6
58339,6
58340,6
58341,6
58342,7
58343,2
58344,9
58345,6
58346,6
58347,3
58348,4
58349,3
58350,5
58351,7
58352,3
58353,5
58354,3
58355,11
58356,4
58357,8
58358,4
58359,4
58360,3
58361,11
58362,9
58363,5
58364,7
58365,7
58366,5
58367,4
58368,2
58369,5
58370,6
58371,9
58372,12
58373,3
58374,3
58375,5
58376,2
58377,3
58378,4
58379,2
58380,4
58381,6
58382,4
58383,3
58384,14
58385,5
58386,7
58387,5
58388,5
58389,6
58390,4
58391,9
58392,9
58393,7
58394,5
58395,7
58396,6
58397,3
58398,5
58399,5
58400,6
58401,6
58402,5
58403,6
58404,12
58405,4
58406,8
58407,4
58408,6
58409,7
58410,9
58411,4
58412,6
58413,8
58414,5
58415,6
58416,2
58417,3
58418,2
58419,3
58420,8
58421,2
58422,3
58423,7
58424,3
58425,2
58426,5
58427,4
58428,4
58429,2
58430,4
58431,7
58432,7
58433,9
58434,6
58435,4
58436,5
58437,7
58438,4
58439,8
58440,6
58441,5
58442,7
58443,4
58444,8
58445,7
58446,6
58447,6
58448,7
58449,3
58450,4
58451,6
58452,6
58453,4
58454,4
58455,4
58456,4
58457,1
58458,4
58459,7
58460,5
58461,6
58462,4
58463,8
58464,9
58465,2
58466,4
58467,7
58468,6
58469,4
58470,5
58471,8
58472,3
58473,3
58474,7
58475,5
58476,8
58477,3
58478,11
58479,8
58480,3
58481,3
58482,7
58483,6
58484,4
58485,1
58486,6
58487,7
58488,7
58489,4
58490,8
58491,3
58492,7
58493,5
58494,5
58495,8
58496,2
58497,6
58498,4
58499,6
58500,10
58501,8
58502,10
58503,4
58504,9
58505,7
58506,4
58507,12
58508,8
58509,6
58510,8
58511,10
58512,8
58513,2
58514,5
58515,6
58516,4
58517,11
58518,7
58519,6
58520,6
58521,5
58522,5
58523,5
58524,5
58525,9
58526,12
58527,6
58528,3
58529,8
58530,2
58531,5
58532,6
58533,7
58534,9
58535,4
58536,6
58537,5
58538,6
58539,3
58540,13
58541,6
58542,5
58543,4
58544,9
58545,7
58546,7
58547,5
58548,10
58549,9
58550,9
58551,8
58552,8
58553,11
58554,7
58555,8
58556,10
58557,7
58558,6
58559,7
58560,3
58561,6
58562,7
58563,7
58564,4
58565,6
58566,6
58567,6
58568,6
58569,4
58570,7
58571,7
58572,6
58573,6
58574,1
58575,3
58576,2
58577,5
58578,2
58579,7
58580,4
58581,3
58582,4
58583,2
58584,5
58585,4
58586,2
58587,3
58588,6
58589,8
58590,5
58591,9
58592,8
58593,11
58594,4
58595,7
58596,5
58597,8
58598,2
58599,6
58600,8
58601,8
58602,8
58603,5
58604,10
58605,6
58606,4
58607,5
58608,4
58609,7
58610,8
58611,9
58612,6
58613,8
58614,8
58615,6
58616,6
58617,6
58618,9
58619,10
58620,6
58621,6
58622,5
58623,10
58624,7
58625,11
58626,3
58627,8
58628,6
58629,7
58630,5
58631,11
58632,5
58633,7
58634,5
58635,7
58636,10
58637,10
58638,5
58639,9
58640,7
58641,7
58642,8
58643,7
58644,5
58645,10
58646,7
58647,4
58648,6
58649,7
58650,8
58651,8
58652,3
58653,6
58654,9
58655,7
58656,5
58657,4
58658,5
58659,6
58660,7
58661,8
58662,5
58663,5
58664,8
58665,6
58666,5
58667,7
58668,3
58669,7
58670,9
58671,3
58672,9
58673,9
58674,10
58675,7
58676,11
58677,9
58678,8
58679,4
58680,5
58681,6
58682,5
58683,11
58684,8
58685,4
58686,8
58687,6
58688,10
58689,13
58690,9
58691,12
58692,7
58693,12
58694,5
58695,10
58696,6
58697,8
58698,13
58699,3
58700,5
58701,8
58702,9
58703,7
58704,7
58705,3
58706,7
58707,11
58708,4
58709,9
58710,4
58711,5
58712,9
58713,10
58714,4
58715,3
58716,6
58717,4
58718,6
58719,9
58720,8
58721,5
58722,9
58723,5
58724,8
58725,7
58726,7
58727,5
58728,9
58729,9
58730,4
58731,11
58732,6
58733,6
58734,6
58735,11
58736,6
58737,4
58738,7
58739,8
58740,5
58741,5
58742,11
58743,3
58744,8
58745,10
58746,5
58747,9
58748,7
58749,5
58750,4
58751,8
58752,7
58753,8
58754,11
58755,9
58756,5
58757,7
58758,7
58759,9
58760,4
58761,1
58762,9
58763,3
58764,9
58765,5
58766,8
58767,7
58768,9
58769,6
58770,10
58771,9
58772,6
58773,10
58774,4
58775,8
58776,6
58777,12
58778,5
58779,13
58780,12
58781,15
58782,14
58783,7
58784,11
58785,6
58786,6
58787,8
58788,7
58789,3
58790,6
58791,7
58792,6
58793,9
58794,9
58795,10
58796,9
58797,8
58798,8
58799,8
58800,4
58801,4
58802,7
58803,9
58804,6
58805,4
58806,7
58807,9
58808,4
58809,7
58810,4
58811,7
58812,8
58813,4
58814,12
58815,8
58816,6
58817,9
58818,8
58819,4
58820,12
58821,7
58822,8
58823,7
58824,3
58825,8
58826,2
58827,6
58828,7
58829,7
58830,9
58831,8
58832,9
58833,11
58834,6
58835,6
58836,8
58837,9
58838,7
58839,10
58840,7
58841,8
58842,9
58843,3
58844,6
58845,6
58846,6
58847,5
58848,4
58849,7
58850,4
58851,5
58852,4
58853,6
58854,5
58855,8
58856,5
58857,5
58858,4
58859,5
58860,3
58861,8
58862,6
58863,7
58864,5
58865,5
58866,6
58867,5
58868,7
58869,4
58870,3
58871,2
58872,10
58873,7
58874,9
58875,6
58876,8
58877,8
58878,9
58879,11
58880,8
58881,5
58882,6
58883,6
58884,6
58885,4
58886,12
58887,7
58888,8
58889,5
58890,6
58891,10
58892,9
58893,8
58894,4
58895,7
58896,9
58897,9
58898,2
58899,4
58900,5
58901,6
58902,5
58903,5
58904,1
58905,7
58906,4
58907,5
58908,4
58909,7
58910,5
58911,4
58912,5
58913,9
58914,4
58915,2
58916,6
58917,3
58918,7
58919,7
58920,4
58921,2
58922,7
58923,3
58924,5
58925,6
58926,5
58927,8
58928,10
58929,7
58930,8
58931,6
58932,8
58933,6
58934,10
58935,5
58936,6
58937,9
58938,2
58939,9
58940,3
58941,6
58942,10
58943,8
58944,9
58945,6
58946,5
58947,9
58948,7
58949,8
58950,7
58951,11
58952,7
58953,4
58954,7
58955,6
58956,11
58957,7
58958,6
58959,5
58960,8
58961,11
58962,6
58963,3
58964,13
58965,7
58966,8
58967,5
58968,10
58969,8
58970,6
58971,6
58972,6
58973,8
58974,8
58975,8
58976,12
58977,14
58978,9
58979,8
58980,12
58981,1
58982,4
58983,7
58984,5
58985,3
58986,2
58987,7
58988,4
58989,6
58990,7
58991,5
58992,7
58993,5
58994,4
58995,9
58996,8
58997,6
58998,8
58999,5
59000,8
59001,8
59002,8
59003,7
59004,16
59005,5
59006,3
59007,13
59008,3
59009,9
59010,4
59011,4
59012,7
59013,7
59014,8
59015,5
59016,4
59017,7
59018,3
59019,1
59020,8
59021,5
59022,7
59023,6
59024,1
59025,2
59026,6
59027,3
59028,6
59029,3
59030,2
59031,3
59032,4
59033,8
59034,7
59035,4
59036,2
59037,6
59038,3
59039,6
59040,3
59041,3
59042,4
59043,6
59044,5
59045,5
59046,4
59047,6
59048,3
59049,6
59050,5
59051,6
59052,1
59053,5
59054,5
59055,7
59056,6
59057,8
59058,4
59059,4
59060,4
59061,8
59062,6
59063,7
59064,9
59065,5
59066,3
59067,12
59068,6
59069,4
59070,6
59071,8
59072,5
59073,3
59074,9
59075,5
59076,10
59077,5
59078,10
59079,9
59080,10
59081,6
59082,3
59083,5
59084,10
59085,9
59086,6
59087,7
59088,7
59089,9
59090,8
59091,8
59092,8
59093,10
59094,7
59095,11
59096,10
59097,6
59098,7
59099,9
59100,9
59101,6
59102,9
59103,8
59104,6
59105,7
59106,7
59107,9
59108,5
59109,7
59110,6
59111,7
59112,8
59113,4
59114,8
59115,6
59116,5
59117,3
59118,5
59119,7
59120,3
59121,7
59122,5
59123,7
59124,5
59125,11
59126,9
59127,3
59128,5
59129,5
59130,8
59131,8
59132,5
59133,10
59134,8
59135,6
59136,3
59137,9
59138,11
59139,4
59140,11
59141,7
59142,8
59143,8
59144,5
59145,2
59146,4
59147,9
59148,4
59149,7
59150,7
59151,5
59152,6
59153,11
59154,3
59155,2
59156,9
59157,5
59158,6
59159,4
59160,3
59161,6
59162,8
59163,7
59164,5
59165,4
59166,4
59167,5
59168,8
59169,4
59170,7
59171,5
59172,7
59173,5
59174,4
59175,6
59176,9
59177,4
59178,5
59179,2
59180,5
59181,4
59182,6
59183,5
59184,7
59185,6
59186,7
59187,5
59188,5
59189,3
59190,3
59191,4
59192,5
59193,5
59194,4
59195,2
59196,4
59197,3
59198,4
59199,3
59200,3
59201,7
59202,9
59203,4
59204,5
59205,4
59206,5
59207,3
59208,4
59209,2
59210,3
59211,3
59212,3
59213,7
59214,6
59215,3
59216,5
59217,2
59218,6
59219,6
59220,6
59221,6
59222,2
59223,6
59224,2
59225,4
59226,5
59227,4
59228,4
59229,6
59230,6
59231,4
59232,4
59233,4
59234,8
59235,5
59236,4
59237,2
59238,5
59239,6
59240,8
59241,3
59242,2
59243,5
59244,4
59245,4
59246,2
59247,5
59248,4
59249,6
59250,4
59251,5
59252,4
59253,6
59254,10
59255,6
59256,3
59257,7
59258,4
59259,2
59260,4
59261,3
59262,4
59263,2
59264,4
59265,5
59266,3
59267,4
59268,4
59269,2
59270,6
59271,1
59272,5
59273,6
59274,7
59275,4
59276,3
59277,5
59278,0
59279,8
59280,7
59281,5
59282,8
59283,4
59284,10
59285,4
59286,3
59287,3
59288,11
59289,7
59290,1
59291,8
59292,6
59293,6
59294,4
59295,11
59296,8
59297,4
59298,5
59299,6
59300,8
59301,8
59302,12
59303,3
59304,5
59305,12
59306,8
59307,7
59308,13
59309,8
59310,11
59311,4
59312,7
59313,5
59314,6
59315,5
59316,4
59317,3
59318,8
59319,3
59320,7
59321,4
59322,12
59323,3
59324,7
59325,7
59326,5
59327,5
59328,3
59329,5
59330,8
59331,3
59332,7
59333,5
59334,5
59335,6
59336,5
59337,6
59338,9
59339,4
59340,6
59341,7
59342,8
59343,9
59344,1
59345,8
59346,2
59347,5
59348,5
59349,5
59350,2
59351,5
59352,5
59353,3
59354,7
59355,2
59356,9
59357,8
59358,4
59359,3
59360,11
59361,7
59362,4
59363,9
59364,7
59365,9
59366,5
59367,7
59368,10
59369,7
59370,8
59371,12
59372,9
59373,10
59374,6
59375,11
59376,9
59377,12
59378,7
59379,6
59380,2
59381,4
59382,9
59383,6
59384,11
59385,3
59386,7
59387,4
59388,8
59389,2
59390,4
59391,9
59392,11
59393,5
59394,4
59395,4
59396,6
59397,5
59398,6
59399,6
59400,8
59401,3
59402,4
59403,11
59404,6
59405,6
59406,3
59407,5
59408,8
59409,4
59410,9
59411,3
59412,4
59413,10
59414,6
59415,8
59416,5
59417,6
59418,4
59419,7
59420,8
59421,9
59422,6
59423,7
59424,6
59425,2
59426,3
59427,4
59428,4
59429,6
59430,2
59431,8
59432,4
59433,13
59434,9
59435,5
59436,3
59437,8
59438,6
59439,10
59440,4
59441,5
59442,7
59443,9
59444,5
59445,11
59446,9
59447,4
59448,7
59449,7
59450,8
59451,4
59452,4
59453,4
59454,5
59455,3
59456,5
59457,7
59458,7
59459,8
59460,5
59461,7
59462,5
59463,5
59464,3
59465,6
59466,2
59467,5
59468,6
59469,5
59470,3
59471,5
59472,6
59473,5
59474,6
59475,10
59476,6
59477,11
59478,10
59479,7
59480,2
59481,8
59482,9
59483,6
59484,10
59485,7
59486,9
59487,10
59488,6
59489,7
59490,9
59491,3
59492,6
59493,13
59494,5
59495,10
59496,6
59497,3
59498,3
59499,10
59500,7
59501,4
59502,5
59503,5
59504,9
59505,10
59506,8
59507,6
59508,2
59509,6
59510,2
59511,4
59512,3
59513,9
59514,8
59515,5
59516,3
59517,7
59518,7
59519,7
59520,4
59521,7
59522,9
59523,4
59524,6
59525,5
59526,6
59527,4
59528,8
59529,8
59530,9
59531,8
59532,9
59533,8
59534,7
59535,7
59536,7
59537,9
59538,8
59539,8
59540,7
59541,5
59542,9
59543,7
59544,8
59545,6
59546,9
59547,6
59548,6
59549,7
59550,5
59551,2
59552,6
59553,2
59554,6
59555,7
59556,6
59557,7
59558,7
59559,9
59560,4
59561,4
59562,6
59563,1
59564,5
59565,4
59566,5
59567,2
59568,5
59569,3
59570,3
59571,2
59572,4
59573,3
59574,3
59575,4
59576,5
59577,1
59578,5
59579,3
59580,7
59581,7
59582,6
59583,3
59584,3
59585,4
59586,1
59587,5
59588,1
59589,3
59590,2
59591,3
59592,2
59593,5
59594,3
59595,4
59596,2
59597,2
59598,6
59599,6
59600,4
59601,3
59602,2
59603,4
59604,5
59605,5
59606,3
59607,5
59608,6
59609,6
59610,2
59611,2
59612,8
59613,3
59614,6
59615,3
59616,7
59617,5
59618,5
59619,5
59620,6
59621,3
59622,5
59623,5
59624,7
59625,3
59626,11
59627,6
59628,5
59629,8
59630,5
59631,11
59632,3
59633,11
59634,5
59635,5
59636,8
59637,8
59638,7
59639,7
59640,7
59641,7
59642,5
59643,8
59644,5
59645,8
59646,3
59647,3
59648,3
59649,5
59650,2
59651,8
59652,4
59653,7
59654,5
59655,3
59656,5
59657,4
59658,5
59659,6
59660,7
59661,7
59662,9
59663,4
59664,6
59665,3
59666,8
59667,2
59668,6
59669,5
59670,7
59671,5
59672,8
59673,9
59674,8
59675,4
59676,4
59677,7
59678,6
59679,5
59680,1
59681,5
59682,7
59683,4
59684,11
59685,9
59686,5
59687,10
59688,6
59689,4
59690,4
59691,1
59692,3
59693,7
59694,4
59695,5
59696,5
59697,5
59698,4
59699,9
59700,3
59701,4
59702,3
59703,6
59704,8
59705,2
59706,4
59707,4
59708,7
59709,6
59710,5
59711,5
59712,6
59713,10
59714,4
59715,7
59716,7
59717,6
59718,5
59719,8
59720,3
59721,8
59722,7
59723,5
59724,8
59725,8
59726,9
59727,7
59728,10
59729,10
59730,9
59731,14
59732,8
59733,4
59734,6
59735,9
59736,6
59737,11
59738,4
59739,7
59740,3
59741,8
59742,5
59743,5
59744,3
59745,9
59746,4
59747,6
59748,5
59749,6
59750,13
59751,8
59752,8
59753,8
59754,6
59755,7
59756,6
59757,10
59758,7
59759,10
59760,6
59761,9
59762,7
59763,5
59764,14
59765,11
59766,10
59767,7
59768,7
59769,5
59770,10
59771,8
59772,5
59773,9
59774,5
59775,8
59776,11
59777,4
59778,6
59779,6
59780,5
59781,8
59782,7
59783,9
59784,4
59785,5
59786,8
59787,11
59788,6
59789,6
59790,6
59791,6
59792,3
59793,6
59794,4
59795,6
59796,8
59797,6
59798,7
59799,7
59800,5
59801,8
59802,7
59803,6
59804,9
59805,4
59806,5
59807,7
59808,4
59809,6
59810,4
59811,6
59812,8
59813,7
59814,4
59815,5
59816,5
59817,3
59818,5
59819,12
59820,1
59821,4
59822,7
59823,5
59824,8
59825,7
59826,2
59827,6
59828,4
59829,8
59830,3
59831,3
59832,3
59833,4
59834,11
59835,7
59836,5
59837,8
59838,4
59839,6
59840,4
59841,5
59842,2
59843,7
59844,4
59845,7
59846,5
59847,6
59848,3
59849,8
59850,7
59851,12
59852,5
59853,11
59854,8
59855,7
59856,8
59857,11
59858,7
59859,9
59860,8
59861,4
59862,5
59863,5
59864,5
59865,5
59866,1
59867,1
59868,4
59869,3
59870,3
59871,11
59872,6
59873,8
59874,10
59875,6
59876,3
59877,8
59878,7
59879,11
59880,7
59881,3
59882,7
59883,5
59884,12
59885,5
59886,9
59887,4
59888,5
59889,9
59890,8
59891,14
59892,6
59893,5
59894,8
59895,12
59896,8
59897,8
59898,6
59899,8
59900,6
59901,11
59902,5
59903,10
59904,7
59905,10
59906,6
59907,5
59908,7
59909,5
59910,7
59911,7
59912,6
59913,9
59914,7
59915,7
59916,4
59917,7
59918,5
59919,3
59920,8
59921,8
59922,8
59923,9
59924,7
59925,9
59926,4
59927,11
59928,9
59929,6
59930,7
59931,7
59932,5
59933,9
59934,7
59935,5
59936,8
59937,9
59938,6
59939,8
59940,10
59941,9
59942,8
59943,8
59944,8
59945,5
59946,12
59947,6
59948,4
59949,7
59950,6
59951,5
59952,8
59953,6
59954,4
59955,9
59956,3
59957,7
59958,6
59959,3
59960,3
59961,4
59962,5
59963,4
59964,6
59965,2
59966,4
59967,5
59968,4
59969,3
59970,2
59971,3
59972,3
59973,6
59974,1
59975,4
59976,3
59977,8
59978,4
59979,1
59980,4
59981,4
59982,8
59983,5
59984,4
59985,8
59986,4
59987,8
59988,4
59989,6
59990,9
59991,7
59992,6
59993,6
59994,5
59995,5
59996,6
59997,6
59998,12
59999,3
60000,6
60001,10
60002,5
60003,15
60004,12
60005,7
60006,8
60007,4
60008,8
60009,6
60010,6
60011,5
60012,4
60013,6
60014,6
60015,4
60016,5
60017,1
60018,8
60019,9
60020,3
60021,4
60022,2
60023,8
60024,6
60025,2
60026,7
60027,5
60028,5
60029,7
60030,10
60031,5
60032,6
60033,4
60034,2
60035,5
60036,4
60037,2
60038,7
60039,5
60040,8
60041,5
60042,10
60043,8
60044,5
60045,5
60046,9
60047,6
60048,3
60049,7
60050,6
60051,3
60052,8
60053,5
60054,7
60055,7
60056,7
60057,6
60058,7
60059,6
60060,7
60061,8
60062,10
60063,4
60064,6
60065,7
60066,10
60067,9
60068,10
60069,11
60070,11
60071,8
60072,8
60073,9
60074,9
60075,8
60076,8
60077,9
60078,5
60079,15
60080,9
60081,8
60082,8
60083,9
60084,6
60085,8
60086,6
60087,7
60088,9
60089,11
60090,8
60091,14
60092,10
60093,3
60094,6
60095,5
60096,10
60097,5
60098,8
60099,7
60100,7
60101,7
60102,8
60103,8
60104,9
60105,7
60106,3
60107,10
60108,11
60109,4
60110,6
60111,7
60112,8
60113,8
60114,4
60115,9
60116,3
60117,9
60118,6
60119,10
60120,5
60121,10
60122,6
60123,4
60124,8
60125,8
60126,2
60127,8
60128,3
60129,5
60130,8
60131,5
60132,2
60133,5
60134,2
60135,3
60136,4
60137,7
60138,5
60139,8
60140,5
60141,5
60142,10
60143,4
60144,7
60145,7
60146,6
60147,4
60148,12
60149,4
60150,5
60151,4
60152,5
60153,7
60154,6
60155,2
60156,6
60157,5
60158,4
60159,10
60160,2
60161,5
60162,10
60163,5
60164,3
60165,4
60166,4
60167,6
60168,6
60169,7
60170,7
60171,5
60172,6
60173,6
60174,6
60175,6
60176,7
60177,8
60178,9
60179,6
60180,6
60181,10
60182,7
60183,5
60184,5
60185,12
60186,6
60187,11
60188,9
60189,5
60190,6
60191,10
60192,8
60193,4
60194,4
60195,6
60196,6
60197,10
60198,5
60199,9
60200,8
60201,7
60202,7
60203,7
60204,12
60205,5
60206,6
60207,8
60208,5
60209,7
60210,5
60211,10
60212,10
60213,7
60214,9
60215,4
60216,6
60217,3
60218,7
60219,5
60220,5
60221,5
60222,5
60223,8
60224,4
60225,5
60226,3
60227,6
60228,3
60229,6
60230,0
60231,5
60232,12
60233,4
60234,4
60235,3
60236,2
60237,6
60238,6
60239,4
60240,5
60241,8
60242,8
60243,9
60244,4
60245,4
60246,5
60247,5
60248,4
60249,4
60250,6
60251,5
60252,2
60253,5
60254,3
60255,6
60256,3
60257,5
60258,5
60259,6
60260,4
60261,8
60262,3
60263,1
60264,7
60265,5
60266,5
60267,6
60268,2
60269,7
60270,6
60271,5
60272,7
60273,5
60274,7
60275,8
60276,5
60277,6
60278,4
60279,2
60280,6
60281,7
60282,7
60283,3
60284,4
60285,5
60286,7
60287,6
60288,4
60289,6
60290,5
60291,8
60292,9
60293,4
60294,7
60295,8
60296,6
60297,6
60298,8
60299,8
60300,6
60301,5
60302,10
60303,7
60304,6
60305,8
60306,7
60307,5
60308,9
60309,5
60310,3
60311,7
60312,7
60313,6
60314,10
60315,4
60316,6
60317,9
60318,8
60319,8
60320,6
60321,7
60322,10
60323,6
60324,5
60325,8
60326,9
60327,7
60328,6
60329,5
60330,7
60331,8
60332,11
60333,6
60334,7
60335,8
60336,5
60337,7
60338,4
60339,8
60340,4
60341,5
60342,2
60343,4
60344,11
60345,6
60346,6
60347,7
60348,8
60349,8
60350,4
60351,8
60352,7
60353,5
60354,9
60355,5
60356,8
60357,3
60358,6
60359,5
60360,8
60361,8
60362,3
60363,7
60364,6
60365,5
60366,8
60367,4
60368,7
60369,7
60370,8
60371,9
60372,5
60373,7
60374,5
60375,6
60376,7
60377,3
60378,5
60379,6
60380,6
60381,6
60382,5
60383,6
60384,8
60385,5
60386,9
60387,3
60388,8
60389,6
60390,6
60391,7
60392,5
60393,5
60394,8
60395,5
60396,1
60397,5
60398,3
60399,4
60400,6
60401,7
60402,5
60403,7
60404,4
60405,9
60406,4
60407,4
60408,3
60409,5
60410,5
60411,3
60412,5
60413,7
60414,2
60415,4
60416,4
60417,3
60418,3
60419,7
60420,4
60421,5
60422,4
60423,6
60424,4
60425,5
60426,6
60427,6
60428,12
60429,8
60430,4
60431,9
60432,2
60433,7
60434,4
60435,5
60436,4
60437,8
60438,7
60439,4
60440,8
60441,6
60442,12
60443,4
60444,6
60445,9
60446,1
60447,7
60448,7
60449,5
60450,5
60451,6
60452,8
60453,6
60454,4
60455,9
60456,4
60457,6
60458,8
60459,5
60460,5
60461,6
60462,8
60463,5
60464,6
60465,5
60466,5
60467,5
60468,9
60469,8
60470,6
60471,7
60472,5
60473,4
60474,9
60475,9
60476,3
60477,4
60478,7
60479,6
60480,8
60481,7
60482,11
60483,8
60484,9
60485,10
60486,11
60487,12
60488,8
60489,9
60490,4
60491,7
60492,6
60493,5
60494,5
60495,9
60496,7
60497,7
60498,11
60499,5
60500,9
60501,11
60502,7
60503,6
60504,5
60505,6
60506,9
60507,0
60508,8
60509,5
60510,5
60511,6
60512,4
60513,7
60514,6
60515,7
60516,5
60517,11
60518,8
60519,6
60520,4
60521,5
60522,8
60523,2
60524,8
60525,10
60526,7
60527,7
60528,8
60529,5
60530,6
60531,5
60532,11
60533,5
60534,7
60535,5
60536,6
60537,8
60538,2
60539,3
60540,6
60541,9
60542,4
60543,5
60544,4
60545,6
60546,3
60547,5
60548,8
60549,9
60550,4
60551,8
60552,3
60553,4
60554,9
60555,4
60556,3
60557,8
60558,4
60559,3
60560,4
60561,7
60562,4
60563,4
60564,6
60565,12
60566,5
60567,8
60568,2
60569,8
60570,10
60571,8
60572,4
60573,8
60574,9
60575,10
60576,5
60577,4
60578,7
60579,6
60580,5
60581,6
60582,3
60583,9
60584,8
60585,6
60586,10
60587,8
60588,5
60589,7
60590,6
60591,5
60592,11
60593,5
60594,8
60595,9
60596,5
60597,7
60598,5
60599,9
60600,8
60601,5
60602,3
60603,7
60604,7
60605,2
60606,9
60607,6
60608,6
60609,1
60610,8
60611,5
60612,6
60613,9
60614,2
60615,5
60616,4
60617,4
60618,4
60619,10
60620,5
60621,5
60622,3
60623,10
60624,6
60625,8
60626,8
60627,7
60628,11
60629,7
60630,7
60631,6
60632,6
60633,6
60634,8
60635,3
60636,5
60637,6
60638,4
60639,6
60640,8
60641,5
60642,5
60643,5
60644,6
60645,5
60646,3
60647,7
60648,10
60649,6
60650,7
60651,4
60652,3
60653,6
60654,4
60655,9
60656,6
60657,5
60658,5
60659,10
60660,4
60661,9
60662,7
60663,8
60664,6
60665,10
60666,4
60667,8
60668,4
60669,3
60670,5
60671,3
60672,4
60673,5
60674,1
60675,10
60676,5
60677,4
60678,6
60679,3
60680,8
60681,6
60682,7
60683,5
60684,3
60685,5
60686,1
60687,3
60688,5
60689,6
60690,6
60691,3
60692,6
60693,3
60694,6
60695,6
60696,4
60697,5
60698,8
60699,13
60700,11
60701,9
60702,8
60703,5
60704,4
60705,8
60706,2
60707,8
60708,7
60709,5
60710,8
60711,6
60712,5
60713,7
60714,4
60715,5
60716,7
60717,6
60718,6
60719,8
60720,3
60721,7
60722,9
60723,3
60724,8
60725,6
60726,5
60727,5
60728,5
60729,5
60730,12
60731,5
60732,4
60733,9
60734,7
60735,6
60736,8
60737,6
60738,12
60739,9
60740,5
60741,8
60742,13
60743,9
60744,4
60745,4
60746,4
60747,4
60748,6
60749,9
60750,14
60751,4
60752,7
60753,7
60754,6
60755,7
60756,8
60757,8
60758,9
60759,6
60760,11
60761,7
60762,7
60763,6
60764,9
60765,5
60766,4
60767,11
60768,6
60769,5
60770,9
60771,9
60772,10
60773,5
60774,10
60775,2
60776,5
60777,6
60778,12
60779,9
60780,9
60781,2
60782,5
60783,4
60784,10
60785,8
60786,6
60787,9
60788,3
60789,6
60790,3
60791,12
60792,7
60793,7
60794,9
60795,7
60796,2
60797,1
60798,5
60799,5
60800,2
60801,4
60802,5
60803,3
60804,6
60805,7
60806,5
60807,7
60808,5
60809,8
60810,7
60811,4
60812,10
60813,10
60814,6
60815,6
60816,13
60817,9
60818,6
60819,8
60820,8
60821,5
60822,10
60823,11
60824,7
60825,11
60826,4
60827,5
60828,1
60829,10
60830,4
60831,2
60832,3
60833,3
60834,4
60835,4
60836,3
60837,4
60838,3
60839,4
60840,7
60841,1
60842,9
60843,6
60844,2
60845,6
60846,2
60847,6
60848,2
60849,1
60850,3
60851,5
60852,1
60853,2
60854,6
60855,3
60856,6
60857,3
60858,8
60859,3
60860,3
60861,3
60862,1
60863,5
60864,6
60865,4
60866,0
60867,6
60868,5
60869,1
60870,4
60871,7
60872,3
60873,7
60874,6
60875,4
60876,3
60877,4
60878,4
60879,8
60880,2
60881,4
60882,5
60883,5
60884,5
60885,2
60886,6
60887,4
60888,4
60889,3
60890,7
60891,6
60892,5
60893,9
60894,2
60895,11
60896,10
60897,11
60898,8
60899,9
60900,6
60901,7
60902,6
60903,5
60904,6
60905,4
60906,8
60907,5
60908,8
60909,4
60910,3
60911,7
60912,4
60913,4
60914,8
60915,4
60916,10
60917,9
60918,6
60919,4
60920,5
60921,7
60922,9
60923,3
60924,6
60925,5
60926,2
60927,4
60928,7
60929,9
60930,9
60931,7
60932,1
60933,8
60934,8
60935,6
60936,10
60937,5
60938,9
60939,8
60940,8
60941,6
60942,10
60943,8
60944,10
60945,7
60946,5
60947,12
60948,5
60949,6
60950,9
60951,13
60952,12
60953,7
60954,6
60955,8
60956,7
60957,13
60958,12
60959,6
60960,8
60961,5
60962,8
60963,8
60964,8
60965,10
60966,5
60967,4
60968,6
60969,5
60970,8
60971,6
60972,9
60973,6
60974,11
60975,14
60976,8
60977,8
60978,6
60979,7
60980,3
60981,8
60982,10
60983,4
60984,8
60985,6
60986,9
60987,11
60988,11
60989,11
60990,7
60991,4
60992,9
60993,4
60994,9
60995,6
60996,3
60997,6
60998,9
60999,7
61000,4
61001,6
61002,6
61003,10
61004,4
61005,5
61006,5
61007,7
61008,8
61009,3
61010,5
61011,6
61012,7
61013,9
61014,6
61015,6
61016,4
61017,4
61018,4
61019,6
61020,4
61021,3
61022,4
61023,4
61024,1
61025,11
61026,3
61027,3
61028,5
61029,7
61030,8
61031,6
61032,3
61033,5
61034,6
61035,5
61036,4
61037,5
61038,6
61039,7
61040,3
61041,11
61042,7
61043,9
61044,6
61045,11
61046,10
61047,4
61048,7
61049,5
61050,7
61051,4
61052,4
61053,4
61054,3
61055,4
61056,7
61057,4
61058,5
61059,8
61060,4
61061,2
61062,6
61063,3
61064,6
61065,2
61066,4
61067,3
61068,4
61069,6
61070,6
61071,6
61072,1
61073,8
61074,5
61075,7
61076,6
61077,9
61078,9
61079,8
61080,6
61081,7
61082,6
61083,7
61084,8
61085,4
61086,6
61087,7
61088,4
61089,6
61090,6
61091,4
61092,4
61093,6
61094,6
61095,8
61096,7
61097,6
61098,7
61099,7
61100,8
61101,6
61102,3
61103,8
61104,5
61105,8
61106,5
61107,8
61108,5
61109,6
61110,7
61111,8
61112,2
61113,6
61114,5
61115,5
61116,6
61117,2
61118,6
61119,6
61120,9
61121,5
61122,9
61123,6
61124,9
61125,5
61126,10
61127,4
61128,7
61129,3
61130,5
61131,12
61132,8
61133,9
61134,4
61135,4
61136,5
61137,7
61138,4
61139,7
61140,7
61141,2
61142,6
61143,7
61144,4
61145,5
61146,2
61147,12
61148,1
61149,3
61150,11
61151,4
61152,5
61153,5
61154,3
61155,4
61156,5
61157,4
61158,4
61159,5
61160,5
61161,2
61162,3
61163,4
61164,1
61165,4
61166,4
61167,7
61168,4
61169,7
61170,8
61171,8
61172,4
61173,13
61174,6
61175,6
61176,6
61177,8
61178,15
61179,9
61180,9
61181,7
61182,10
61183,8
61184,7
61185,9
61186,4
61187,6
61188,6
61189,4
61190,8
61191,5
61192,4
61193,5
61194,5
61195,4
61196,8
61197,5
61198,4
61199,4
61200,8
61201,3
61202,9
61203,11
61204,8
61205,7
61206,10
61207,10
61208,6
61209,7
61210,5
61211,10
61212,9
61213,6
61214,8
61215,7
61216,9
61217,5
61218,2
61219,6
61220,9
61221,3
61222,5
61223,7
61224,6
61225,8
61226,7
61227,6
61228,6
61229,6
61230,6
61231,5
61232,7
61233,9
61234,6
61235,5
61236,5
61237,6
61238,4
61239,6
61240,10
61241,4
61242,5
61243,8
61244,9
61245,10
61246,7
61247,8
61248,8
61249,5
61250,10
61251,5
61252,3
61253,6
61254,6
61255,5
61256,7
61257,9
61258,9
61259,7
61260,5
61261,6
61262,4
61263,4
61264,10
61265,7
61266,7
61267,11
61268,7
61269,3
61270,8
61271,4
61272,6
61273,6
61274,8
61275,9
61276,5
61277,8
61278,8
61279,13
61280,2
61281,13
61282,4
61283,7
61284,7
61285,9
61286,7
61287,7
61288,6
61289,5
61290,6
61291,10
61292,8
61293,11
61294,5
61295,10
61296,7
61297,10
61298,10
61299,9
61300,9
61301,8
61302,5
61303,9
61304,6
61305,7
61306,1
61307,6
61308,4
61309,8
61310,9
61311,7
61312,8
61313,6
61314,3
61315,2
61316,9
61317,5
61318,2
61319,4
61320,4
61321,4
61322,4
61323,4
61324,5
61325,5
61326,4
61327,2
61328,7
61329,1
61330,8
61331,4
61332,6
61333,5
61334,5
61335,8
61336,2
61337,8
61338,6
61339,8
61340,4
61341,6
61342,3
61343,11
61344,7
61345,4
61346,10
61347,8
61348,4
61349,4
61350,3
61351,7
61352,5
61353,7
61354,4
61355,2
61356,3
61357,3
61358,11
61359,3
61360,4
61361,5
61362,2
61363,7
61364,3
61365,9
61366,5
61367,3
61368,4
61369,10
61370,3
61371,7
61372,5
61373,4
61374,3
61375,5
61376,3
61377,5
61378,8
61379,8
61380,4
61381,5
61382,2
61383,8
61384,9
61385,7
61386,5
61387,9
61388,11
61389,8
61390,6
61391,6
61392,5
61393,7
61394,11
61395,4
61396,6
61397,8
61398,7
61399,3
61400,6
61401,5
61402,7
61403,3
61404,4
61405,10
61406,6
61407,7
61408,6
61409,6
61410,7
61411,8
61412,6
61413,8
61414,7
61415,6
61416,5
61417,7
61418,7
61419,6
61420,6
61421,6
61422,4
61423,8
61424,4
61425,6
61426,8
61427,3
61428,9
61429,8
61430,7
61431,5
61432,6
61433,6
61434,5
61435,7
61436,8
61437,4
61438,5
61439,6
61440,5
61441,11
61442,5
61443,5
61444,10
61445,6
61446,2
61447,5
61448,7
61449,8
61450,8
61451,6
61452,7
61453,7
61454,8
61455,8
61456,7
61457,10
61458,6
61459,13
61460,8
61461,4
61462,4
61463,9
61464,7
61465,8
61466,6
61467,7
61468,12
61469,4
61470,4
61471,3
61472,9
61473,3
61474,4
61475,7
61476,5
61477,2
61478,5
61479,8
61480,4
61481,12
61482,3
61483,4
61484,9
61485,12
61486,3
61487,9
61488,5
61489,9
61490,8
61491,6
61492,3
61493,8
61494,11
61495,8
61496,9
61497,6
61498,12
61499,7
61500,4
61501,11
61502,5
61503,9
61504,6
61505,9
61506,8
61507,8
61508,4
61509,9
61510,9
61511,6
61512,5
61513,7
61514,5
61515,2
61516,3
61517,5
61518,6
61519,3
61520,5
61521,6
61522,4
61523,6
61524,6
61525,3
61526,5
61527,8
61528,10
61529,3
61530,2
61531,2
61532,7
61533,7
61534,9
61535,8
61536,12
61537,7
61538,6
61539,10
61540,10
61541,7
61542,6
61543,2
61544,3
61545,5
61546,4
61547,5
61548,8
61549,3
61550,2
61551,6
61552,9
61553,8
61554,9
61555,8
61556,6
61557,7
61558,5
61559,6
61560,6
61561,3
61562,4
61563,2
61564,5
61565,4
61566,1
61567,5
61568,4
61569,8
61570,3
61571,2
61572,5
61573,2
61574,3
61575,8
61576,3
61577,8
61578,5
61579,8
61580,4
61581,4
61582,7
61583,2
61584,10
61585,3
61586,10
61587,3
61588,7
61589,6
61590,5
61591,3
61592,6
61593,1
61594,6
61595,8
61596,5
61597,5
61598,8
61599,5
61600,4
61601,7
61602,5
61603,1
61604,0
61605,6
61606,4
61607,9
61608,4
61609,6
61610,5
61611,3
61612,6
61613,7
61614,5
61615,3
61616,2
61617,5
61618,4
61619,7
61620,6
61621,4
61622,7
61623,3
61624,7
61625,6
61626,2
61627,5
61628,8
61629,7
61630,5
61631,6
61632,8
61633,3
61634,7
61635,7
61636,8
61637,5
61638,4
61639,6
61640,3
61641,6
61642,8
61643,6
61644,8
61645,6
61646,1
61647,6
61648,6
61649,7
61650,4
61651,5
61652,6
61653,11
61654,10
61655,6
61656,8
61657,8
61658,9
61659,6
61660,9
61661,8
61662,11
61663,8
61664,6
61665,4
61666,6
61667,7
61668,6
61669,7
61670,10
61671,11
61672,3
61673,7
61674,7
61675,5
61676,4
61677,13
61678,6
61679,6
61680,7
61681,9
61682,3
61683,10
61684,10
61685,7
61686,8
61687,10
61688,4
61689,9
61690,3
61691,5
61692,6
61693,9
61694,5
61695,10
61696,7
61697,1
61698,8
61699,5
61700,8
61701,9
61702,10
61703,10
61704,6
61705,5
61706,4
61707,4
61708,2
61709,7
61710,6
61711,3
61712,1
61713,6
61714,2
61715,7
61716,6
61717,7
61718,8
61719,8
61720,8
61721,7
61722,8
61723,12
61724,9
61725,8
61726,10
61727,9
61728,7
61729,6
61730,9
61731,3
61732,12
61733,6
61734,8
61735,8
61736,6
61737,8
61738,8
61739,4
61740,8
61741,7
61742,8
61743,7
61744,7
61745,5
61746,7
61747,6
61748,5
61749,6
61750,8
61751,12
61752,8
61753,6
61754,4
61755,4
61756,9
61757,7
61758,5
61759,5
61760,4
61761,4
61762,5
61763,6
61764,4
61765,7
61766,6
61767,8
61768,11
61769,8
61770,6
61771,6
61772,8
61773,9
61774,10
61775,6
61776,6
61777,7
61778,4
61779,4
61780,2
61781,5
61782,5
61783,3
61784,3
61785,7
61786,6
61787,2
61788,7
61789,5
61790,3
61791,8
61792,6
61793,7
61794,7
61795,6
61796,3
61797,10
61798,5
61799,6
61800,6
61801,8
61802,10
61803,8
61804,5
61805,5
61806,5
61807,5
61808,8
61809,7
61810,5
61811,7
61812,5
61813,8
61814,8
61815,4
61816,5
61817,4
61818,7
61819,5
61820,9
61821,11
61822,4
61823,6
61824,3
61825,11
61826,6
61827,4
61828,9
61829,4
61830,4
61831,8
61832,10
61833,5
61834,5
61835,7
61836,5
61837,8
61838,5
61839,7
61840,7
61841,9
61842,6
61843,8
61844,5
61845,7
61846,5
61847,8
61848,7
61849,2
61850,7
61851,8
61852,10
61853,5
61854,7
61855,6
61856,2
61857,4
61858,9
61859,4
61860,5
61861,4
61862,2
61863,3
61864,3
61865,7
61866,6
61867,5
61868,6
61869,4
61870,5
61871,3
61872,3
61873,5
61874,6
61875,6
61876,4
61877,4
61878,1
61879,7
61880,4
61881,5
61882,1
61883,6
61884,4
61885,3
61886,6
61887,4
61888,6
61889,2
61890,5
61891,6
61892,3
61893,5
61894,3
61895,3
61896,6
61897,7
61898,5
61899,4
61900,7
61901,4
61902,4
61903,5
61904,3
61905,2
61906,5
61907,4
61908,1
61909,6
61910,5
61911,7
61912,7
61913,4
61914,10
61915,3
61916,6
61917,6
61918,7
61919,4
61920,6
61921,5
61922,7
61923,9
61924,5
61925,5
61926,4
61927,6
61928,2
61929,5
61930,1
61931,6
61932,3
61933,3
61934,5
61935,9
61936,7
61937,5
61938,4
61939,5
61940,11
61941,4
61942,6
61943,3
61944,6
61945,6
61946,7
61947,8
61948,9
61949,8
61950,6
61951,5
61952,9
61953,7
61954,5
61955,7
61956,7
61957,7
61958,2
61959,6
61960,8
61961,5
61962,9
61963,2
61964,6
61965,8
61966,3
61967,9
61968,7
61969,2
61970,7
61971,12
61972,1
61973,7
61974,8
61975,7
61976,6
61977,5
61978,8
61979,6
61980,5
61981,11
61982,7
61983,8
61984,9
61985,8
61986,9
61987,7
61988,4
61989,7
61990,7
61991,7
61992,10
61993,7
61994,9
61995,4
61996,5
61997,5
61998,4
61999,7
62000,7
62001,5
62002,8
62003,5
62004,7
62005,13
62006,7
62007,2
62008,6
62009,7
62010,3
62011,7
62012,8
62013,6
62014,6
62015,8
62016,9
62017,3
62018,5
62019,6
62020,9
62021,5
62022,2
62023,4
62024,4
62025,8
62026,6
62027,8
62028,5
62029,2
62030,7
62031,6
62032,5
62033,5
62034,4
62035,5
62036,4
62037,6
62038,7
62039,8
62040,7
62041,3
62042,6
62043,10
62044,8
62045,7
62046,6
62047,8
62048,6
62049,6
62050,9
62051,4
62052,8
62053,5
62054,7
62055,8
62056,7
62057,4
62058,7
62059,8
62060,8
62061,11
62062,7
62063,5
62064,7
62065,5
62066,5
62067,9
62068,9
62069,9
62070,9
62071,9
62072,12
62073,7
62074,9
62075,9
62076,11
62077,3
62078,7
62079,8
62080,5
62081,5
62082,8
62083,4
62084,8
62085,5
62086,5
62087,5
62088,7
62089,9
62090,7
62091,4
62092,5
62093,8
62094,8
62095,8
62096,7
62097,7
62098,5
62099,8
62100,10
62101,4
62102,8
62103,10
62104,4
62105,3
62106,6
62107,7
62108,6
62109,6
62110,3
62111,6
62112,8
62113,4
62114,6
62115,5
62116,2
62117,9
62118,3
62119,12
62120,7
62121,8
62122,9
62123,3
62124,5
62125,5
62126,13
62127,7
62128,10
62129,6
62130,4
62131,10
62132,10
62133,14
62134,9
62135,8
62136,3
62137,6
62138,3
62139,7
62140,4
62141,8
62142,9
62143,4
62144,6
62145,6
62146,8
62147,3
62148,5
62149,8
62150,5
62151,5
62152,4
62153,3
62154,4
62155,6
62156,7
62157,3
62158,4
62159,3
62160,5
62161,2
62162,10
62163,3
62164,9
62165,9
62166,4
62167,9
62168,4
62169,3
62170,13
62171,6
62172,6
62173,3
62174,6
62175,5
62176,6
62177,4
62178,8
62179,6
62180,6
62181,4
62182,6
62183,5
62184,5
62185,3
62186,4
62187,3
62188,3
62189,2
62190,1
62191,4
62192,6
62193,3
62194,6
62195,4
62196,6
62197,1
62198,4
62199,4
62200,2
62201,3
62202,5
62203,7
62204,5
62205,4
62206,4
62207,6
62208,3
62209,1
62210,7
62211,7
62212,5
62213,7
62214,3
62215,9
62216,7
62217,4
62218,3
62219,5
62220,5
62221,3
62222,7
62223,5
62224,5
62225,6
62226,8
62227,5
62228,3
62229,6
62230,6
62231,2
62232,6
62233,6
62234,9
62235,5
62236,4
62237,4
62238,7
62239,3
62240,5
62241,6
62242,9
62243,6
62244,5
62245,6
62246,9
62247,3
62248,6
62249,11
62250,9
62251,8
62252,4
62253,5
62254,3
62255,3
62256,8
62257,5
62258,4
62259,12
62260,8
62261,8
62262,8
62263,5
62264,6
62265,3
62266,9
62267,2
62268,8
62269,7
62270,5
62271,7
62272,4
62273,4
62274,5
62275,5
62276,7
62277,8
62278,4
62279,3
62280,8
62281,3
62282,3
62283,2
62284,3
62285,5
62286,6
62287,4
62288,8
62289,2
62290,5
62291,8
62292,4
62293,9
62294,6
62295,4
62296,6
62297,6
62298,3
62299,6
62300,2
62301,8
62302,6
62303,7
62304,8
62305,4
62306,4
62307,2
62308,6
62309,7
62310,4
62311,8
62312,8
62313,4
62314,9
62315,9
62316,6
62317,4
62318,7
62319,6
62320,8
62321,5
62322,7
62323,7
62324,5
62325,9
62326,10
62327,8
62328,6
62329,8
62330,4
62331,8
62332,7
62333,7
62334,6
62335,3
62336,4
62337,6
62338,5
62339,4
62340,5
62341,7
62342,7
62343,4
62344,8
62345,6
62346,6
62347,3
62348,3
62349,1
62350,8
62351,3
62352,5
62353,4
62354,7
62355,3
62356,5
62357,8
62358,3
62359,4
62360,3
62361,9
62362,6
62363,3
62364,6
62365,3
62366,6
62367,6
62368,3
62369,7
62370,7
62371,4
62372,7
62373,3
62374,5
62375,4
62376,7
62377,4
62378,6
62379,10
62380,2
62381,9
62382,8
62383,5
62384,7
62385,6
62386,3
62387,7
62388,4
62389,7
62390,5
62391,6
62392,7
62393,4
62394,9
62395,11
62396,4
62397,7
62398,9
62399,6
62400,3
62401,5
62402,7
62403,6
62404,9
62405,6
62406,5
62407,5
62408,6
62409,4
62410,7
62411,7
62412,6
62413,6
62414,7
62415,1
62416,6
62417,1
62418,3
62419,4
62420,8
62421,5
62422,5
62423,2
62424,8
62425,11
62426,4
62427,7
62428,3
62429,3
62430,5
62431,0
62432,4
62433,10
62434,3
62435,5
62436,10
62437,6
62438,5
62439,6
62440,5
62441,9
62442,10
62443,10
62444,3
62445,9
62446,2
62447,6
62448,6
62449,10
62450,4
62451,5
62452,6
62453,12
62454,7
62455,11
62456,7
62457,7
62458,5
62459,2
62460,7
62461,5
62462,4
62463,5
62464,4
62465,3
62466,2
62467,6
62468,3
62469,7
62470,5
62471,5
62472,11
62473,7
62474,4
62475,10
62476,10
62477,10
62478,8
62479,5
62480,8
62481,6
62482,12
62483,5
62484,8
62485,10
62486,6
62487,9
62488,5
62489,1
62490,2
62491,9
62492,5
62493,3
62494,7
62495,5
62496,5
62497,7
62498,5
62499,5
62500,8
62501,4
62502,7
62503,2
62504,5
62505,9
62506,9
62507,4
62508,9
62509,6
62510,10
62511,12
62512,16
62513,16
62514,3
62515,6
62516,8
62517,6
62518,11
62519,9
62520,7
62521,7
62522,7
62523,6
62524,12
62525,7
62526,5
62527,11
62528,6
62529,6
62530,7
62531,8
62532,6
62533,7
62534,4
62535,7
62536,7
62537,5
62538,6
62539,8
62540,10
62541,6
62542,5
62543,6
62544,7
62545,5
62546,7
62547,4
62548,6
62549,5
62550,7
62551,2
62552,2
62553,6
62554,4
62555,5
62556,3
62557,6
62558,5
62559,5
62560,6
62561,6
62562,10
62563,3
62564,6
62565,7
62566,5
62567,8
62568,4
62569,4
62570,8
62571,4
62572,7
62573,4
62574,6
62575,7
62576,7
62577,7
62578,8
62579,7
62580,7
62581,5
62582,6
62583,4
62584,4
62585,5
62586,7
62587,4
62588,6
62589,6
62590,4
62591,10
62592,4
62593,6
62594,4
62595,2
62596,4
62597,7
62598,6
62599,7
62600,6
62601,3
62602,2
62603,4
62604,6
62605,3
62606,4
62607,6
62608,5
62609,6
62610,6
62611,4
62612,9
62613,8
62614,6
62615,6
62616,8
62617,4
62618,2
62619,5
62620,3
62621,4
62622,4
62623,4
62624,3
62625,4
62626,6
62627,5
62628,4
62629,5
62630,5
62631,8
62632,2
62633,5
62634,7
62635,8
62636,5
62637,3
62638,8
62639,3
62640,10
62641,5
62642,3
62643,8
62644,6
62645,3
62646,6
62647,3
62648,6
62649,6
62650,9
62651,4
62652,5
62653,5
62654,4
62655,10
62656,4
62657,4
62658,10
62659,6
62660,6
62661,4
62662,1
62663,5
62664,4
62665,4
62666,3
62667,8
62668,5
62669,3
62670,9
62671,7
62672,3
62673,3
62674,5
62675,8
62676,5
62677,7
62678,3
62679,7
62680,8
62681,5
62682,3
62683,8
62684,3
62685,3
62686,4
62687,6
62688,5
62689,5
62690,2
62691,6
62692,7
62693,4
62694,4
62695,7
62696,3
62697,4
62698,3
62699,7
62700,3
62701,8
62702,2
62703,3
62704,5
62705,6
62706,8
62707,3
62708,2
62709,6
62710,7
62711,3
62712,6
62713,5
62714,3
62715,8
62716,5
62717,4
62718,8
62719,7
62720,5
62721,6
62722,7
62723,11
62724,7
62725,8
62726,7
62727,7
62728,8
62729,6
62730,5
62731,6
62732,6
62733,9
62734,4
62735,2
62736,8
62737,5
62738,7
62739,5
62740,4
62741,6
62742,7
62743,11
62744,0
62745,4
62746,6
62747,5
62748,4
62749,4
62750,4
62751,5
62752,5
62753,7
62754,7
62755,3
62756,4
62757,9
62758,5
62759,5
62760,9
62761,2
62762,7
62763,6
62764,5
62765,8
62766,5
62767,7
62768,7
62769,3
62770,7
62771,8
62772,5
62773,4
62774,5
62775,8
62776,7
62777,4
62778,7
62779,11
62780,8
62781,10
62782,1
62783,7
62784,9
62785,5
62786,7
62787,3
62788,9
62789,5
62790,7
62791,5
62792,8
62793,5
62794,8
62795,5
62796,6
62797,9
62798,7
62799,8
62800,8
62801,11
62802,7
62803,12
62804,5
62805,6
62806,8
62807,6
62808,10
62809,6
62810,8
62811,3
62812,11
62813,10
62814,5
62815,8
62816,7
62817,9
62818,8
62819,6
62820,7
62821,8
62822,7
62823,4
62824,4
62825,6
62826,6
62827,6
62828,3
62829,6
62830,5
62831,9
62832,9
62833,3
62834,5
62835,8
62836,9
62837,3
62838,6
62839,10
62840,4
62841,7
62842,8
62843,13
62844,15
62845,10
62846,11
62847,9
62848,11
62849,4
62850,2
62851,4
62852,3
62853,9
62854,1
62855,4
62856,4
62857,6
62858,7
62859,6
62860,3
62861,6
62862,6
62863,9
62864,6
62865,10
62866,5
62867,6
62868,4
62869,2
62870,3
62871,8
62872,3
62873,2
62874,7
62875,6
62876,5
62877,10
62878,5
62879,4
62880,3
62881,4
62882,2
62883,9
62884,5
62885,7
62886,8
62887,6
62888,1
62889,5
62890,6
62891,2
62892,4
62893,4
62894,4
62895,6
62896,3
62897,5
62898,4
62899,4
62900,4
62901,9
62902,6
62903,6
62904,11
62905,18
62906,8
62907,8
62908,2
62909,3
62910,10
62911,10
62912,6
62913,4
62914,7
62915,7
62916,2
62917,7
62918,7
62919,5
62920,6
62921,6
62922,2
62923,3
62924,5
62925,5
62926,9
62927,8
62928,6
62929,5
62930,9
62931,7
62932,9
62933,4
62934,5
62935,5
62936,6
62937,8
62938,4
62939,5
62940,8
62941,5
62942,4
62943,9
62944,4
62945,5
62946,2
62947,5
62948,4
62949,7
62950,7
62951,4
62952,2
62953,6
62954,5
62955,7
62956,4
62957,6
62958,3
62959,3
62960,5
62961,5
62962,7
62963,3
62964,5
62965,4
62966,6
62967,6
62968,0
62969,3
62970,7
62971,3
62972,3
62973,3
62974,3
62975,6
62976,4
62977,7
62978,3
62979,4
62980,6
62981,3
62982,6
62983,0
62984,3
62985,3
62986,3
62987,4
62988,4
62989,1
62990,4
62991,2
62992,0
62993,5
62994,3
62995,8
62996,4
62997,5
62998,5
62999,6
63000,4
63001,5
63002,3
63003,9
63004,5
63005,7
63006,5
63007,7
63008,5
63009,6
63010,7
63011,3
63012,4
63013,3
63014,5
63015,7
63016,6
63017,1
63018,3
63019,3
63020,6
63021,3
63022,3
63023,4
63024,6
63025,6
63026,6
63027,4
63028,5
63029,2
63030,6
63031,4
63032,4
63033,4
63034,2
63035,4
63036,7
63037,3
63038,4
63039,5
63040,4
63041,6
63042,3
63043,6
63044,4
63045,7
63046,7
63047,2
63048,6
63049,6
63050,3
63051,6
63052,4
63053,3
63054,5
63055,4
63056,5
63057,6
63058,6
63059,3
63060,3
63061,2
63062,1
63063,6
63064,10
63065,5
63066,3
63067,5
63068,5
63069,5
63070,5
63071,9
63072,8
63073,5
63074,7
63075,8
63076,5
63077,8
63078,8
63079,5
63080,2
63081,5
63082,3
63083,5
63084,5
63085,8
63086,7
63087,8
63088,4
63089,7
63090,7
63091,1
63092,6
63093,4
63094,5
63095,4
63096,3
63097,7
63098,4
63099,3
63100,8
63101,2
63102,3
63103,4
63104,5
63105,1
63106,8
63107,6
63108,2
63109,2
63110,1
63111,2
63112,0
63113,3
63114,3
63115,3
63116,2
63117,2
63118,3
63119,2
63120,3
63121,7
63122,3
63123,3
63124,2
63125,3
63126,5
63127,4
63128,5
63129,3
63130,2
63131,1
63132,4
63133,2
63134,5
63135,7
63136,3
63137,3
63138,5
63139,6
63140,3
63141,9
63142,7
63143,3
63144,4
63145,3
63146,1
63147,7
63148,4
63149,4
63150,4
63151,5
63152,2
63153,4
63154,4
63155,8
63156,9
63157,2
63158,2
63159,5
63160,3
63161,3
63162,5
63163,3
63164,4
63165,2
63166,8
63167,7
63168,7
63169,6
63170,1
63171,3
63172,6
63173,5
63174,5
63175,4
63176,5
63177,6
63178,6
63179,6
63180,8
63181,4
63182,7
63183,4
63184,5
63185,5
63186,4
63187,4
63188,7
63189,6
63190,9
63191,8
63192,3
63193,8
63194,8
63195,5
63196,6
63197,5
63198,9
63199,2
63200,6
63201,3
63202,5
63203,4
63204,7
63205,2
63206,7
63207,1
63208,3
63209,8
63210,6
63211,6
63212,8
63213,6
63214,6
63215,6
63216,6
63217,7
63218,6
63219,8
63220,6
63221,8
63222,8
63223,5
63224,5
63225,2
63226,6
63227,5
63228,3
63229,6
63230,2
63231,4
63232,6
63233,8
63234,8
63235,7
63236,3
63237,6
63238,4
63239,3
63240,3
63241,8
63242,5
63243,4
63244,6
63245,3
63246,2
63247,6
63248,2
63249,4
63250,3
63251,5
63252,4
63253,8
63254,10
63255,5
63256,2
63257,6
63258,7
63259,4
63260,6
63261,3
63262,4
63263,9
63264,0
63265,6
63266,5
63267,3
63268,4
63269,7
63270,5
63271,9
63272,4
63273,10
63274,6
63275,4
63276,2
63277,5
63278,2
63279,3
63280,2
63281,5
63282,8
63283,5
63284,5
63285,3
63286,9
63287,7
63288,3
63289,8
63290,6
63291,7
63292,4
63293,6
63294,6
63295,5
63296,3
63297,2
63298,7
63299,6
63300,9
63301,7
63302,6
63303,5
63304,5
63305,7
63306,1
63307,2
63308,4
63309,6
63310,7
63311,5
63312,3
63313,2
63314,4
63315,5
63316,4
63317,3
63318,6
63319,4
63320,3
63321,3
63322,6
63323,7
63324,5
63325,3
63326,6
63327,7
63328,3
63329,4
63330,2
63331,3
63332,5
63333,2
63334,6
63335,6
63336,5
63337,3
63338,3
63339,7
63340,7
63341,4
63342,4
63343,5
63344,4
63345,5
63346,4
63347,6
63348,5
63349,6
63350,4
63351,2
63352,1
63353,2
63354,4
63355,2
63356,3
63357,5
63358,4
63359,5
63360,3
63361,5
63362,7
63363,1
63364,10
63365,5
63366,7
63367,7
63368,11
63369,6
63370,7
63371,7
63372,8
63373,5
63374,8
63375,7
63376,9
63377,5
63378,5
63379,8
63380,7
63381,4
63382,3
63383,4
63384,8
63385,6
63386,5
63387,5
63388,5
63389,4
63390,3
63391,8
63392,6
63393,2
63394,4
63395,3
63396,3
63397,5
63398,11
63399,7
63400,5
63401,8
63402,8
63403,5
63404,4
63405,4
63406,3
63407,5
63408,5
63409,5
63410,7
63411,5
63412,8
63413,4
63414,6
63415,5
63416,4
63417,10
63418,9
63419,6
63420,3
63421,7
63422,6
63423,3
63424,4
63425,7
63426,1
63427,2
63428,8
63429,1
63430,5
63431,9
63432,4
63433,6
63434,3
63435,3
63436,7
63437,6
63438,1
63439,6
63440,3
63441,7
63442,7
63443,3
63444,6
63445,5
63446,6
63447,6
63448,6
63449,6
63450,5
63451,4
63452,5
63453,6
63454,5
63455,6
63456,3
63457,4
63458,3
63459,6
63460,5
63461,5
63462,6
63463,4
63464,6
63465,3
63466,9
63467,6
63468,5
63469,8
63470,5
63471,7
63472,4
63473,4
63474,3
63475,5
63476,3
63477,8
63478,3
63479,4
63480,8
63481,4
63482,6
63483,0
63484,3
63485,1
63486,6
63487,2
63488,5
63489,4
63490,5
63491,3
63492,7
63493,5
63494,7
63495,10
63496,9
63497,4
63498,5
63499,3
63500,6
63501,7
63502,6
63503,10
63504,3
63505,9
63506,6
63507,10
63508,6
63509,2
63510,3
63511,4
63512,2
63513,8
63514,6
63515,3
63516,9
63517,4
63518,1
63519,5
63520,3
63521,6
63522,7
63523,7
63524,7
63525,4
63526,5
63527,7
63528,3
63529,6
63530,5
63531,1
63532,4
63533,9
63534,4
63535,7
63536,10
63537,5
63538,4
63539,3
63540,7
63541,7
63542,4
63543,5
63544,4
63545,5
63546,7
63547,2
63548,4
63549,8
63550,5
63551,6
63552,9
63553,4
63554,5
63555,6
63556,5
63557,14
63558,1
63559,6
63560,5
63561,2
63562,5
63563,8
63564,11
63565,4
63566,9
63567,4
63568,3
63569,8
63570,5
63571,5
63572,5
63573,6
63574,5
63575,5
63576,7
63577,11
63578,6
63579,7
63580,7
63581,6
63582,5
63583,4
63584,8
63585,10
63586,7
63587,4
63588,8
63589,5
63590,7
63591,7
63592,5
63593,9
63594,5
63595,7
63596,8
63597,5
63598,4
63599,3
63600,4
63601,5
63602,5
63603,4
63604,3
63605,5
63606,6
63607,7
63608,5
63609,5
63610,6
63611,6
63612,3
63613,7
63614,4
63615,4
63616,7
63617,5
63618,6
63619,4
63620,9
63621,4
63622,8
63623,6
63624,6
63625,3
63626,6
63627,3
63628,4
63629,3
63630,5
63631,4
63632,5
63633,2
63634,4
63635,4
63636,5
63637,6
63638,5
63639,8
63640,5
63641,3
63642,3
63643,2
63644,6
63645,5
63646,6
63647,7
63648,9
63649,6
63650,7
63651,11
63652,5
63653,7
63654,9
63655,4
63656,7
63657,10
63658,11
63659,7
63660,6
63661,3
63662,8
63663,6
63664,6
63665,5
63666,7
63667,3
63668,4
63669,3
63670,4
63671,6
63672,3
63673,5
63674,7
63675,6
63676,7
63677,3
63678,4
63679,4
63680,2
63681,5
63682,5
63683,5
63684,5
63685,6
63686,6
63687,4
63688,5
63689,5
63690,5
63691,2
63692,5
63693,5
63694,4
63695,6
63696,3
63697,7
63698,6
63699,5
63700,5
63701,4
63702,4
63703,7
63704,4
63705,6
63706,4
63707,4
63708,4
63709,5
63710,2
63711,5
63712,4
63713,8
63714,0
63715,4
63716,7
63717,7
63718,4
63719,7
63720,4
63721,7
63722,5
63723,0
63724,7
63725,4
63726,5
63727,2
63728,8
63729,2
63730,9
63731,7
63732,6
63733,4
63734,3
63735,3
63736,6
63737,8
63738,6
63739,3
63740,6
63741,7
63742,3
63743,5
63744,8
63745,7
63746,3
63747,6
63748,2
63749,3
63750,4
63751,6
63752,3
63753,3
63754,2
63755,3
63756,6
63757,4
63758,1
63759,8
63760,5
63761,4
63762,1
63763,2
63764,6
63765,2
63766,3
63767,2
63768,2
63769,2
63770,1
63771,5
63772,3
63773,2
63774,5
63775,3
63776,3
63777,4
63778,2
63779,2
63780,3
63781,4
63782,1
63783,6
63784,3
63785,6
63786,7
63787,7
63788,5
63789,4
63790,6
63791,5
63792,4
63793,4
63794,7
63795,3
63796,5
63797,9
63798,5
63799,4
63800,7
63801,6
63802,7
63803,3
63804,7
63805,6
63806,9
63807,6
63808,7
63809,5
63810,10
63811,5
63812,6
63813,2
63814,5
63815,2
63816,2
63817,7
63818,5
63819,3
63820,7
63821,3
63822,7
63823,6
63824,8
63825,5
63826,2
63827,2
63828,6
63829,4
63830,2
63831,3
63832,3
63833,2
63834,6
63835,5
63836,2
63837,4
63838,8
63839,2
63840,5
63841,2
63842,4
63843,3
63844,2
63845,5
63846,4
63847,7
63848,11
63849,10
63850,4
63851,7
63852,6
63853,6
63854,6
63855,4
63856,3
63857,4
63858,4
63859,3
63860,7
63861,6
63862,3
63863,1
63864,3
63865,6
63866,2
63867,3
63868,3
63869,3
63870,4
63871,1
63872,2
63873,3
63874,4
63875,5
63876,2
63877,5
63878,1
63879,4
63880,2
63881,4
63882,4
63883,3
63884,6
63885,2
63886,5
63887,3
63888,4
63889,4
63890,4
63891,6
63892,6
63893,10
63894,9
63895,7
63896,10
63897,9
63898,5
63899,5
63900,6
63901,6
63902,8
63903,7
63904,6
63905,6
63906,3
63907,6
63908,6
63909,4
63910,2
63911,7
63912,6
63913,5
63914,4
63915,7
63916,7
63917,6
63918,5
63919,3
63920,5
63921,2
63922,4
63923,8
63924,14
63925,12
63926,15
63927,12
63928,7
63929,7
63930,3
63931,3
63932,4
63933,3
63934,5
63935,4
63936,6
63937,5
63938,4
63939,1
63940,2
63941,3
63942,7
63943,6
63944,3
63945,2
63946,6
63947,2
63948,6
63949,8
63950,1
63951,3
63952,1
63953,6
63954,4
63955,2
63956,7
63957,4
63958,2
63959,6
63960,3
63961,4
63962,2
63963,7
63964,6
63965,2
63966,5
63967,5
63968,4
63969,4
63970,4
63971,9
63972,5
63973,5
63974,5
63975,9
63976,7
63977,2
63978,7
63979,2
63980,6
63981,5
63982,4
63983,8
63984,12
63985,5
63986,7
63987,6
63988,6
63989,4
63990,8
63991,5
63992,5
63993,5
63994,4
63995,6
63996,6
63997,5
63998,7
63999,6
64000,5
64001,2
64002,2
64003,5
64004,2
64005,4
64006,7
64007,4
64008,7
64009,6
64010,6
64011,6
64012,7
64013,6
64014,6
64015,4
64016,7
64017,5
64018,5
64019,3
64020,2
64021,3
64022,5
64023,5
64024,3
64025,5
64026,3
64027,6
64028,7
64029,4
64030,4
64031,7
64032,5
64033,6
64034,6
64035,5
64036,7
64037,4
64038,1
64039,5
64040,4
64041,5
64042,5
64043,4
64044,7
64045,3
64046,8
64047,4
64048,7
64049,5
64050,9
64051,6
64052,3
64053,3
64054,4
64055,5
64056,3
64057,2
64058,5
64059,5
64060,3
64061,4
64062,3
64063,5
64064,2
64065,4
64066,2
64067,6
64068,4
64069,3
64070,2
64071,3
64072,4
64073,4
64074,1
64075,2
64076,3
64077,5
64078,4
64079,4
64080,2
64081,6
64082,6
64083,2
64084,2
64085,3
64086,1
64087,7
64088,3
64089,6
64090,3
64091,4
64092,2
64093,4
64094,6
64095,6
64096,5
64097,10
64098,3
64099,6
64100,6
64101,6
64102,6
64103,4
64104,2
64105,3
64106,2
64107,10
64108,4
64109,2
64110,5
64111,6
64112,3
64113,4
64114,4
64115,3
64116,4
64117,4
64118,5
64119,7
64120,0
64121,3
64122,4
64123,3
64124,6
64125,3
64126,2
64127,3
64128,3
64129,10
64130,4
64131,4
64132,3
64133,1
64134,1
64135,6
64136,3
64137,4
64138,6
64139,5
64140,3
64141,2
64142,7
64143,4
64144,6
64145,4
64146,6
64147,2
64148,6
64149,4
64150,4
64151,1
64152,0
64153,5
64154,3
64155,3
64156,12
64157,7
64158,1
64159,4
64160,3
64161,2
64162,7
64163,2
64164,4
64165,3
64166,5
64167,3
64168,7
64169,2
64170,3
64171,5
64172,3
64173,7
64174,5
64175,5
64176,9
64177,7
64178,6
64179,8
64180,4
64181,4
64182,4
64183,7
64184,8
64185,6
64186,7
64187,7
64188,5
64189,5
64190,8
64191,4
64192,2
64193,7
64194,9
64195,4
64196,6
64197,6
64198,5
64199,6
64200,3
64201,6
64202,5
64203,6
64204,6
64205,6
64206,6
64207,5
64208,4
64209,5
64210,5
64211,3
64212,4
64213,1
64214,5
64215,4
64216,6
64217,3
64218,0
64219,5
64220,2
64221,3
64222,6
64223,2
64224,7
64225,2
64226,3
64227,4
64228,6
64229,3
64230,6
64231,3
64232,1
64233,6
64234,6
64235,2
64236,2
64237,6
64238,5
64239,2
64240,6
64241,5
64242,3
64243,6
64244,7
64245,6
64246,4
64247,3
64248,8
64249,3
64250,4
64251,3
64252,5
64253,8
64254,9
64255,7
64256,6
64257,6
64258,5
64259,4
64260,6
64261,3
64262,8
64263,3
64264,8
64265,4
64266,6
64267,2
64268,1
64269,9
64270,6
64271,4
64272,5
64273,3
64274,6
64275,5
64276,8
64277,2
64278,8
64279,5
64280,7
64281,4
64282,6
64283,7
64284,4
64285,4
64286,7
64287,4
64288,5
64289,5
64290,5
64291,4
64292,3
64293,6
64294,5
64295,7
64296,7
64297,4
64298,5
64299,9
64300,7
64301,0
64302,3
64303,4
64304,4
64305,2
64306,6
64307,1
64308,2
64309,4
64310,3
64311,3
64312,3
64313,3
64314,6
64315,5
64316,3
64317,6
64318,2
64319,5
64320,2
64321,7
64322,4
64323,9
64324,0
64325,4
64326,6
64327,5
64328,4
64329,3
64330,6
64331,3
64332,8
64333,5
64334,4
64335,4
64336,4
64337,8
64338,4
64339,5
64340,6
64341,7
64342,4
64343,5
64344,6
64345,5
64346,4
64347,2
64348,5
64349,3
64350,3
64351,7
64352,2
64353,4
64354,6
64355,3
64356,6
64357,5
64358,6
64359,7
64360,7
64361,9
64362,7
64363,5
64364,2
64365,2
64366,1
64367,2
64368,4
64369,3
64370,4
64371,6
64372,6
64373,3
64374,4
64375,5
64376,7
64377,2
64378,4
64379,6
64380,6
64381,7
64382,6
64383,6
64384,6
64385,5
64386,9
64387,7
64388,5
64389,2
64390,5
64391,7
64392,4
64393,5
64394,6
64395,9
64396,11
64397,8
64398,6
64399,11
64400,4
64401,6
64402,5
64403,4
64404,7
64405,9
64406,6
64407,9
64408,7
64409,6
64410,3
64411,3
64412,7
64413,3
64414,10
64415,5
64416,9
64417,3
64418,4
64419,6
64420,4
64421,4
64422,6
64423,5
64424,7
64425,6
64426,7
64427,4
64428,5
64429,4
64430,4
64431,5
64432,4
64433,4
64434,6
64435,4
64436,7
64437,7
64438,5
64439,5
64440,5
64441,3
64442,3
64443,6
64444,5
64445,4
64446,6
64447,4
64448,4
64449,6
64450,4
64451,3
64452,3
64453,6
64454,7
64455,5
64456,5
64457,6
64458,7
64459,8
64460,5
64461,4
64462,4
64463,6
64464,11
64465,7
64466,6
64467,4
64468,5
64469,3
64470,3
64471,4
64472,9
64473,5
64474,5
64475,6
64476,7
64477,5
64478,9
64479,7
64480,5
64481,11
64482,6
64483,8
64484,9
64485,6
64486,7
64487,8
64488,6
64489,8
64490,10
64491,8
64492,4
64493,14
64494,15
64495,10
64496,8
64497,8
64498,9
64499,7
64500,6
64501,4
64502,4
64503,5
64504,2
64505,8
64506,2
64507,6
64508,2
64509,5
64510,1
64511,6
64512,6
64513,5
64514,0
64515,10
64516,5
64517,3
64518,3
64519,7
64520,3
64521,3
64522,3
64523,3
64524,6
64525,5
64526,3
64527,5
64528,9
64529,4
64530,2
64531,7
64532,4
64533,3
64534,4
64535,6
64536,4
64537,6
64538,1
64539,2
64540,5
64541,2
64542,3
64543,3
64544,4
64545,2
64546,6
64547,5
64548,9
64549,2
64550,4
64551,5
64552,4
64553,7
64554,4
64555,7
64556,3
64557,4
64558,3
64559,1
64560,5
64561,2
64562,5
64563,8
64564,1
64565,4
64566,3
64567,4
64568,3
64569,4
64570,3
64571,0
64572,4
64573,2
64574,7
64575,3
64576,5
64577,5
64578,2
64579,6
64580,7
64581,6
64582,7
64583,4
64584,4
64585,0
64586,8
64587,3
64588,3
64589,5
64590,4
64591,3
64592,4
64593,4
64594,3
64595,5
64596,4
64597,2
64598,5
64599,3
64600,8
64601,4
64602,2
64603,4
64604,4
64605,3
64606,5
64607,8
64608,5
64609,6
64610,5
64611,6
64612,13
64613,8
64614,8
64615,6
64616,6
64617,6
64618,3
64619,4
64620,4
64621,5
64622,9
64623,3
64624,6
64625,1
64626,5
64627,7
64628,7
64629,11
64630,3
64631,6
64632,3
64633,9
64634,7
64635,4
64636,3
64637,8
64638,4
64639,5
64640,6
64641,7
64642,4
64643,4
64644,6
64645,5
64646,10
64647,3
64648,9
64649,3
64650,3
64651,6
64652,5
64653,6
64654,3
64655,5
64656,8
64657,8
64658,5
64659,6
64660,6
64661,12
64662,3
64663,8
64664,3
64665,4
64666,6
64667,7
64668,3
64669,2
64670,4
64671,5
64672,3
64673,5
64674,1
64675,4
64676,6
64677,8
64678,15
64679,4
64680,6
64681,6
64682,5
64683,3
64684,5
64685,8
64686,12
64687,6
64688,10
64689,3
64690,10
64691,5
64692,3
64693,5
64694,5
64695,4
64696,5
64697,11
64698,9
64699,8
64700,8
64701,7
64702,10
64703,8
64704,8
64705,4
64706,8
64707,11
64708,9
64709,5
64710,4
64711,7
64712,4
64713,3
64714,4
64715,5
64716,8
64717,9
64718,1
64719,5
64720,9
64721,5
64722,7
64723,6
64724,8
64725,5
64726,5
64727,4
64728,6
64729,2
64730,5
64731,6
64732,7
64733,4
64734,6
64735,8
64736,4
64737,6
64738,7
64739,5
64740,6
64741,5
64742,3
64743,4
64744,4
64745,11
64746,7
64747,5
64748,9
64749,12
64750,3
64751,8
64752,6
64753,4
64754,0
64755,8
64756,9
64757,9
64758,2
64759,4
64760,5
64761,3
64762,4
64763,5
64764,1
64765,6
64766,5
64767,14
64768,7
64769,9
64770,6
64771,8
64772,4
64773,10
64774,9
64775,8
64776,6
64777,5
64778,5
64779,6
64780,7
64781,5
64782,7
64783,4
64784,10
64785,9
64786,7
64787,5
64788,3
64789,4
64790,4
64791,3
64792,4
64793,5
64794,5
64795,2
64796,7
64797,2
64798,6
64799,2
64800,3
64801,4
64802,5
64803,4
64804,6
64805,3
64806,4
64807,6
64808,2
64809,5
64810,6
64811,1
64812,5
64813,4
64814,3
64815,4
64816,6
64817,3
64818,3
64819,5
64820,5
64821,3
64822,7
64823,5
64824,3
64825,4
64826,5
64827,7
64828,7
64829,2
64830,6
64831,4
64832,2
64833,6
64834,3
64835,6
64836,8
64837,4
64838,3
64839,5
64840,7
64841,8
64842,6
64843,8
64844,7
64845,5
64846,7
64847,11
64848,9
64849,11
64850,6
64851,7
64852,8
64853,4
64854,3
64855,7
64856,5
64857,8
64858,8
64859,4
64860,7
64861,5
64862,12
64863,9
64864,8
64865,6
64866,6
64867,5
64868,8
64869,1
64870,9
64871,2
64872,7
64873,7
64874,8
64875,11
64876,5
64877,8
64878,6
64879,7
64880,11
64881,10
64882,6
64883,8
64884,8
64885,13
64886,6
64887,8
64888,7
64889,7
64890,4
64891,8
64892,4
64893,6
64894,6
64895,2
64896,6
64897,2
64898,6
64899,4
64900,7
64901,6
64902,6
64903,6
64904,4
64905,4
64906,5
64907,7
64908,8
64909,4
64910,4
64911,7
64912,7
64913,6
64914,8
64915,6
64916,6
64917,4
64918,7
64919,10
64920,3
64921,4
64922,8
64923,3
64924,4
64925,12
64926,8
64927,6
64928,4
64929,9
64930,9
64931,6
64932,8
64933,5
64934,8
64935,9
64936,5
64937,6
64938,7
64939,6
64940,4
64941,3
64942,5
64943,3
64944,3
64945,7
64946,4
64947,10
64948,8
64949,7
64950,2
64951,3
64952,11
64953,5
64954,4
64955,8
64956,2
64957,4
64958,3
64959,4
64960,9
64961,4
64962,2
64963,4
64964,4
64965,6
64966,3
64967,9
64968,5
64969,9
64970,5
64971,5
64972,5
64973,8
64974,11
64975,9
64976,3
64977,6
64978,5
64979,5
64980,8
64981,9
64982,6
64983,5
64984,9
64985,6
64986,5
64987,9
64988,4
64989,4
64990,7
64991,3
64992,4
64993,6
64994,11
64995,6
64996,6
64997,3
64998,7
64999,3
65000,6
65001,6
65002,7
65003,6
65004,4
65005,7
65006,5
65007,10
65008,9
65009,7
65010,4
65011,5
65012,5
65013,4
65014,6
65015,5
65016,2
65017,5
65018,8
65019,3
65020,2
65021,2
65022,2
65023,9
65024,3
65025,5
65026,6
65027,3
65028,6
65029,7
65030,6
65031,8
65032,9
65033,4
65034,6
65035,2
65036,10
65037,7
65038,8
65039,4
65040,5
65041,7
65042,3
65043,4
65044,7
65045,6
65046,5
65047,5
65048,5
65049,7
65050,4
65051,8
65052,3
65053,7
65054,4
65055,9
65056,6
65057,2
65058,6
65059,4
65060,5
65061,7
65062,7
65063,5
65064,5
65065,8
65066,5
65067,5
65068,10
65069,6
65070,7
65071,4
65072,4
65073,2
65074,2
65075,8
65076,2
65077,6
65078,5
65079,9
65080,5
65081,4
65082,6
65083,5
65084,7
65085,6
65086,3
65087,10
65088,9
65089,7
65090,6
65091,3
65092,5
65093,8
65094,11
65095,7
65096,6
65097,4
65098,2
65099,6
65100,1
65101,3
65102,4
65103,1
65104,4
65105,2
65106,5
65107,5
65108,6
65109,5
65110,5
65111,9
65112,6
65113,2
65114,5
65115,3
65116,5
65117,3
65118,6
65119,3
65120,5
65121,8
65122,8
65123,3
65124,5
65125,4
65126,4
65127,2
65128,5
65129,4
65130,4
65131,5
65132,1
65133,5
65134,7
65135,4
65136,3
65137,6
65138,7
65139,7
65140,9
65141,7
65142,6
65143,5
65144,9
65145,10
65146,3
65147,11
65148,7
65149,6
65150,9
65151,8
65152,5
65153,4
65154,8
65155,2
65156,13
65157,4
65158,10
65159,7
65160,4
65161,3
65162,4
65163,4
65164,6
65165,4
65166,7
65167,6
65168,4
65169,3
65170,8
65171,7
65172,8
65173,7
65174,1
65175,8
65176,3
65177,4
65178,6
65179,5
65180,10
65181,6
65182,7
65183,10
65184,5
65185,5
65186,6
65187,7
65188,11
65189,5
65190,10
65191,5
65192,3
65193,4
65194,6
65195,4
65196,6
65197,8
65198,9
65199,6
65200,12
65201,7
65202,7
65203,4
65204,10
65205,4
65206,6
65207,6
65208,6
65209,5
65210,5
65211,4
65212,8
65213,9
65214,5
65215,9
65216,7
65217,8
65218,10
65219,9
65220,6
65221,11
65222,7
65223,6
65224,5
65225,4
65226,3
65227,7
65228,3
65229,2
65230,2
65231,7
65232,5
65233,4
65234,7
65235,6
65236,4
65237,6
65238,4
65239,1
65240,3
65241,5
65242,7
65243,5
65244,7
65245,7
65246,3
65247,3
65248,4
65249,2
65250,2
65251,3
65252,3
65253,8
65254,2
65255,6
65256,10
65257,5
65258,4
65259,7
65260,7
65261,5
65262,9
65263,5
65264,7
65265,6
65266,6
65267,6
65268,8
65269,8
65270,6
65271,7
65272,7
65273,8
65274,11
65275,7
65276,10
65277,14
65278,9
65279,9
65280,6
65281,7
65282,7
65283,6
65284,7
65285,14
65286,12
65287,14
65288,14
65289,4
65290,6
65291,8
65292,8
65293,14
65294,7
65295,11
65296,9
65297,6
65298,9
65299,6
65300,6
65301,9
65302,6
65303,7
65304,7
65305,8
65306,7
65307,9
65308,3
65309,4
65310,8
65311,7
65312,3
65313,3
65314,10
65315,9
65316,2
65317,7
65318,5
65319,8
65320,8
65321,7
65322,12
65323,9
65324,7
65325,6
65326,8
65327,10
65328,10
65329,5
65330,11
65331,11
65332,7
65333,10
65334,13
65335,9
65336,2
65337,8
65338,6
65339,13
65340,6
65341,7
65342,8
65343,6
65344,4
65345,8
65346,13
65347,10
65348,6
65349,10
65350,13
65351,11
65352,11
65353,14
65354,8
65355,7
65356,6
65357,8
65358,13
65359,6
65360,12
65361,9
65362,6
65363,8
65364,11
65365,6
65366,3
65367,9
65368,14
65369,12
65370,9
65371,8
65372,2
65373,5
65374,8
65375,6
65376,4
65377,8
65378,11
65379,6
65380,11
65381,7
65382,6
65383,9
65384,13
65385,11
65386,5
65387,8
65388,5
65389,8
65390,4
65391,2
65392,5
65393,4
65394,6
65395,6
65396,2
65397,9
65398,4
65399,3
65400,5
65401,4
65402,9
65403,3
65404,6
65405,7
65406,9
65407,7
65408,7
65409,5
65410,7
65411,5
65412,5
65413,4
65414,5
65415,6
65416,4
65417,6
65418,4
65419,7
65420,5
65421,5
65422,7
65423,9
65424,1
65425,4
65426,4
65427,5
65428,2
65429,2
65430,6
65431,4
65432,3
65433,4
65434,8
65435,4
65436,5
65437,4
65438,5
65439,4
65440,12
65441,5
65442,3
65443,8
65444,5
65445,8
65446,2
65447,8
65448,6
65449,7
65450,4
65451,4
65452,6
65453,4
65454,9
65455,9
65456,8
65457,4
65458,8
65459,9
65460,8
65461,5
65462,9
65463,5
65464,8
65465,6
65466,5
65467,14
65468,6
65469,7
65470,5
65471,6
65472,9
65473,7
65474,5
65475,4
65476,6
65477,7
65478,6
65479,8
65480,1
65481,3
65482,3
65483,7
65484,2
65485,2
65486,4
65487,4
65488,8
65489,3
65490,6
65491,2
65492,5
65493,6
65494,3
65495,8
65496,2
65497,5
65498,7
65499,5
65500,4
65501,6
65502,6
65503,2
65504,8
65505,7
65506,4
65507,3
65508,3
65509,6
65510,2
65511,5
65512,0
65513,2
65514,2
65515,6
65516,2
65517,7
65518,7
65519,5
65520,7
65521,3
65522,6
65523,4
65524,4
65525,3
65526,8
65527,10
65528,3
65529,1
65530,4
65531,5
65532,3
65533,4
65534,4
65535,4
65536,4
65537,4
65538,2
65539,6
65540,1
65541,6
65542,3
65543,5
65544,4
65545,8
65546,9
65547,4
65548,5
65549,6
65550,5
65551,9
65552,4
65553,6
65554,6
65555,9
65556,9
65557,4
65558,2
65559,14
65560,9
65561,7
65562,4
65563,5
65564,6
65565,4
65566,4
65567,5
65568,2
65569,2
65570,3
65571,5
65572,7
65573,4
65574,11
65575,3
65576,6
65577,8
65578,5
65579,5
65580,8
65581,5
65582,9
65583,7
65584,13
65585,5
65586,6
65587,6
65588,8
65589,4
65590,9
65591,5
65592,6
65593,6
65594,9
65595,8
65596,9
65597,9
65598,5
65599,9
65600,9
65601,2
65602,7
65603,5
65604,9
65605,10
65606,6
65607,5
65608,4
65609,6
65610,3
65611,5
65612,10
65613,4
65614,7
65615,2
65616,6
65617,8
65618,7
65619,7
65620,7
65621,8
65622,5
65623,7
65624,7
65625,6
65626,7
65627,7
65628,7
65629,7
65630,12
65631,5
65632,5
65633,7
65634,5
65635,6
65636,2
65637,5
65638,5
65639,6
65640,6
65641,3
65642,5
65643,6
65644,9
65645,7
65646,7
65647,6
65648,9
65649,5
65650,7
65651,11
65652,5
65653,6
65654,6
65655,4
65656,7
65657,5
65658,7
65659,6
65660,6
65661,4
65662,5
65663,7
65664,4
65665,5
65666,5
65667,5
65668,4
65669,6
65670,3
65671,2
65672,7
65673,6
65674,5
65675,6
65676,9
65677,6
65678,1
65679,6
65680,4
65681,6
65682,11
65683,4
65684,3
65685,8
65686,5
65687,5
65688,3
65689,2
65690,4
65691,3
65692,5
65693,4
65694,7
65695,4
65696,5
65697,7
65698,8
65699,9
65700,9
65701,7
65702,7
65703,6
65704,11
65705,6
65706,7
65707,6
65708,6
65709,4
65710,8
65711,4
65712,2
65713,4
65714,4
65715,4
65716,2
65717,6
65718,5
65719,7
65720,4
65721,7
65722,5
65723,1
65724,3
65725,4
65726,5
65727,8
65728,4
65729,6
65730,5
65731,8
65732,6
65733,4
65734,6
65735,6
65736,10
65737,6
65738,9
65739,9
65740,7
65741,13
65742,8
65743,12
65744,16
65745,11
65746,10
65747,10
65748,6
65749,12
65750,3
65751,16
65752,7
65753,3
65754,5
65755,6
65756,7
65757,7
65758,10
65759,4
65760,13
65761,8
65762,8
65763,3
65764,9
65765,8
65766,9
65767,14
65768,12
65769,6
65770,11
65771,8
65772,5
65773,9
65774,9
65775,5
65776,8
65777,10
65778,2
65779,8
65780,8
65781,8
65782,5
65783,7
65784,8
65785,5
65786,4
65787,3
65788,11
65789,4
65790,5
65791,11
65792,6
65793,5
65794,7
65795,6
65796,7
65797,5
65798,7
65799,8
65800,6
65801,9
65802,6
65803,10
65804,8
65805,4
65806,6
65807,10
65808,7
65809,9
65810,10
65811,8
65812,6
65813,4
65814,5
65815,7
65816,6
65817,5
65818,5
65819,5
65820,5
65821,3
65822,8
65823,7
65824,5
65825,3
65826,10
65827,6
65828,5
65829,4
65830,6
65831,7
65832,2
65833,4
65834,3
65835,4
65836,5
65837,1
65838,3
65839,3
65840,3
65841,4
65842,2
65843,5
65844,2
65845,5
65846,8
65847,3
65848,7
65849,4
65850,4
65851,4
65852,3
65853,6
65854,4
65855,5
65856,5
65857,4
65858,4
65859,4
65860,3
65861,4
65862,3
65863,3
65864,3
65865,4
65866,2
65867,3
65868,3
65869,4
65870,5
65871,1
65872,4
65873,2
65874,6
65875,3
65876,5
65877,9
65878,3
65879,5
65880,4
65881,6
65882,6
65883,6
65884,6
65885,4
65886,7
65887,7
65888,6
65889,2
65890,2
65891,7
65892,6
65893,5
65894,6
65895,4
65896,6
65897,3
65898,4
65899,6
65900,4
65901,2
65902,7
65903,3
65904,3
65905,4
65906,4
65907,9
65908,3
65909,6
65910,5
65911,1
65912,7
65913,4
65914,2
65915,3
65916,1
65917,6
65918,7
65919,6
65920,4
65921,6
65922,6
65923,9
65924,4
65925,3
65926,4
65927,5
65928,4
65929,5
65930,3
65931,6
65932,6
65933,4
65934,3
65935,3
65936,7
65937,3
65938,6
65939,5
65940,4
65941,4
65942,4
65943,6
65944,7
65945,4
65946,5
65947,8
65948,6
65949,10
65950,7
65951,5
65952,2
65953,6
65954,7
65955,11
65956,3
65957,7
65958,6
65959,5
65960,5
65961,9
65962,8
65963,2
65964,5
65965,4
65966,3
65967,4
65968,10
65969,6
65970,3
65971,2
65972,5
65973,3
65974,7
65975,9
65976,9
65977,5
65978,9
65979,5
65980,2
65981,7
65982,3
65983,2
65984,6
65985,6
65986,4
65987,4
65988,4
65989,2
65990,6
65991,5
65992,5
65993,6
65994,5
65995,6
65996,5
65997,10
65998,4
65999,2
66000,3
66001,3
66002,6
66003,7
66004,6
66005,4
66006,9
66007,6
66008,9
66009,2
66010,7
66011,5
66012,5
66013,5
66014,5
66015,5
66016,7
66017,5
66018,4
66019,4
66020,7
66021,4
66022,4
66023,4
66024,5
66025,5
66026,6
66027,5
66028,6
66029,4
66030,5
66031,7
66032,6
66033,5
66034,9
66035,5
66036,4
66037,4
66038,6
66039,3
66040,7
66041,5
66042,4
66043,3
66044,1
66045,8
66046,7
66047,7
66048,6
66049,6
66050,5
66051,5
66052,7
66053,1
66054,6
66055,9
66056,3
66057,5
66058,7
66059,5
66060,4
66061,6
66062,3
66063,5
66064,2
66065,4
66066,4
66067,2
66068,5
66069,3
66070,5
66071,5
66072,5
66073,3
66074,8
66075,5
66076,6
66077,3
66078,5
66079,4
66080,9
66081,6
66082,6
66083,6
66084,6
66085,5
66086,1
66087,7
66088,4
66089,2
66090,4
66091,4
66092,3
66093,2
66094,1
66095,3
66096,9
66097,7
66098,5
66099,6
66100,2
66101,4
66102,10
66103,5
66104,0
66105,4
66106,2
66107,4
66108,4
66109,5
66110,4
66111,4
66112,3
66113,2
66114,3
66115,1
66116,3
66117,5
66118,6
66119,4
66120,1
66121,2
66122,4
66123,5
66124,7
66125,2
66126,5
66127,5
66128,6
66129,3
66130,3
66131,3
66132,7
66133,5
66134,2
66135,6
66136,6
66137,3
66138,6
66139,5
66140,6
66141,5
66142,4
66143,3
66144,6
66145,2
66146,5
66147,3
66148,3
66149,4
66150,5
66151,4
66152,2
66153,3
66154,4
66155,4
66156,3
66157,4
66158,2
66159,6
66160,5
66161,2
66162,4
66163,4
66164,4
66165,2
66166,4
66167,6
66168,3
66169,6
66170,1
66171,5
66172,2
66173,1
66174,2
66175,6
66176,2
66177,3
66178,5
66179,0
66180,3
66181,4
66182,6
66183,6
66184,5
66185,5
66186,5
66187,4
66188,2
66189,4
66190,4
66191,2
66192,5
66193,6
66194,6
66195,7
66196,4
66197,4
66198,4
66199,5
66200,6
66201,3
66202,5
66203,3
66204,2
66205,2
66206,3
66207,5
66208,4
66209,2
66210,4
66211,6
66212,4
66213,3
66214,5
66215,1
66216,4
66217,3
66218,8
66219,9
66220,2
66221,5
66222,8
66223,6
66224,4
66225,8
66226,2
66227,3
66228,6
66229,7
66230,6
66231,4
66232,7
66233,8
66234,4
66235,2
66236,4
66237,4
66238,5
66239,6
66240,2
66241,5
66242,2
66243,3
66244,5
66245,6
66246,6
66247,6
66248,5
66249,5
66250,5
66251,3
66252,4
66253,6
66254,4
66255,7
66256,9
66257,3
66258,5
66259,7
66260,1
66261,5
66262,3
66263,4
66264,8
66265,3
66266,4
66267,8
66268,7
66269,4
66270,7
66271,4
66272,4
66273,3
66274,2
66275,4
66276,3
66277,7
66278,6
66279,4
66280,6
66281,5
66282,4
66283,8
66284,6
66285,4
66286,7
66287,6
66288,4
66289,3
66290,5
66291,6
66292,4
66293,4
66294,3
66295,4
66296,5
66297,2
66298,3
66299,5
66300,7
66301,4
66302,8
66303,5
66304,9
66305,5
66306,6
66307,4
66308,3
66309,9
66310,9
66311,7
66312,5
66313,5
66314,9
66315,7
66316,9
66317,8
66318,7
66319,9
66320,8
66321,8
66322,5
66323,10
66324,5
66325,7
66326,11
66327,2
66328,6
66329,6
66330,5
66331,3
66332,3
66333,6
66334,3
66335,5
66336,4
66337,6
66338,1
66339,4
66340,5
66341,8
66342,7
66343,4
66344,5
66345,4
66346,6
66347,9
66348,4
66349,6
66350,5
66351,5
66352,9
66353,6
66354,2
66355,6
66356,8
66357,7
66358,6
66359,8
66360,11
66361,4
66362,7
66363,7
66364,5
66365,9
66366,10
66367,3
66368,5
66369,8
66370,5
66371,5
66372,10
66373,9
66374,4
66375,4
66376,5
66377,4
66378,8
66379,3
66380,7
66381,7
66382,4
66383,9
66384,4
66385,7
66386,7
66387,6
66388,3
66389,6
66390,4
66391,9
66392,5
66393,9
66394,6
66395,8
66396,6
66397,4
66398,3
66399,5
66400,6
66401,6
66402,10
66403,5
66404,7
66405,8
66406,3
66407,7
66408,8
66409,7
66410,2
66411,6
66412,6
66413,12
66414,7
66415,7
66416,6
66417,5
66418,12
66419,12
66420,8
66421,6
66422,12
66423,8
66424,7
66425,10
66426,2
66427,12
66428,9
66429,6
66430,5
66431,4
66432,14
66433,9
66434,11
66435,11
66436,9
66437,9
66438,7
66439,10
66440,10
66441,11
66442,10
66443,10
66444,12
66445,17
66446,18
66447,15
66448,16
66449,8
66450,8
66451,8
66452,8
66453,10
66454,5
66455,3
66456,6
66457,4
66458,7
66459,8
66460,5
66461,11
66462,6
66463,11
66464,2
66465,3
66466,4
66467,6
66468,5
66469,4
66470,4
66471,8
66472,3
66473,3
66474,5
66475,3
66476,4
66477,4
66478,6
66479,4
66480,5
66481,4
66482,16
66483,8
66484,7
66485,4
66486,8
66487,4
66488,6
66489,4
66490,9
66491,6
66492,5
66493,5
66494,6
66495,4
66496,6
66497,5
66498,7
66499,5
66500,4
66501,2
66502,7
66503,1
66504,9
66505,8
66506,9
66507,4
66508,5
66509,4
66510,5
66511,2
66512,4
66513,3
66514,5
66515,5
66516,3
66517,5
66518,1
66519,2
66520,4
66521,3
66522,4
66523,3
66524,2
66525,6
66526,2
66527,8
66528,5
66529,3
66530,6
66531,4
66532,2
66533,4
66534,1
66535,1
66536,4
66537,6
66538,0
66539,6
66540,6
66541,7
66542,6
66543,2
66544,2
66545,7
66546,11
66547,4
66548,6
66549,6
66550,10
66551,4
66552,4
66553,6
66554,4
66555,6
66556,5
66557,2
66558,4
66559,4
66560,4
66561,4
66562,4
66563,4
66564,3
66565,5
66566,2
66567,4
66568,1
66569,4
66570,4
66571,2
66572,4
66573,6
66574,5
66575,1
66576,3
66577,5
66578,4
66579,4
66580,5
66581,5
66582,3
66583,7
66584,3
66585,3
66586,3
66587,6
66588,3
66589,5
66590,3
66591,5
66592,4
66593,4
66594,7
66595,3
66596,7
66597,3
66598,4
66599,8
66600,1
66601,3
66602,5
66603,5
66604,7
66605,1
66606,2
66607,9
66608,5
66609,4
66610,5
66611,6
66612,7
66613,3
66614,6
66615,8
66616,4
66617,4
66618,2
66619,4
66620,6
66621,3
66622,5
66623,3
66624,1
66625,3
66626,4
66627,2
66628,4
66629,6
66630,1
66631,4
66632,4
66633,3
66634,4
66635,3
66636,4
66637,7
66638,2
66639,3
66640,4
66641,4
66642,5
66643,7
66644,5
66645,4
66646,5
66647,5
66648,6
66649,6
66650,4
66651,5
66652,6
66653,12
66654,0
66655,6
66656,6
66657,1
66658,5
66659,3
66660,5
66661,6
66662,6
66663,4
66664,8
66665,4
66666,3
66667,7
66668,3
66669,4
66670,2
66671,4
66672,4
66673,5
66674,5
66675,2
66676,5
66677,8
66678,6
66679,8
66680,4
66681,5
66682,8
66683,4
66684,8
66685,5
66686,4
66687,4
66688,6
66689,5
66690,3
66691,4
66692,7
66693,5
66694,3
66695,3
66696,5
66697,5
66698,3
66699,4
66700,4
66701,3
66702,4
66703,4
66704,5
66705,6
66706,4
66707,2
66708,6
66709,2
66710,3
66711,4
66712,8
66713,4
66714,4
66715,6
66716,6
66717,6
66718,7
66719,5
66720,7
66721,3
66722,7
66723,11
66724,9
66725,10
66726,6
66727,8
66728,3
66729,6
66730,8
66731,13
66732,8
66733,8
66734,6
66735,5
66736,6
66737,9
66738,5
66739,2
66740,4
66741,4
66742,8
66743,7
66744,5
66745,6
66746,4
66747,8
66748,6
66749,5
66750,9
66751,4
66752,5
66753,7
66754,5
66755,11
66756,8
66757,8
66758,6
66759,4
66760,5
66761,2
66762,10
66763,5
66764,5
66765,9
66766,4
66767,2
66768,8
66769,6
66770,8
66771,7
66772,5
66773,5
66774,5
66775,4
66776,4
66777,5
66778,2
66779,2
66780,8
66781,5
66782,5
66783,8
66784,5
66785,14
66786,6
66787,5
66788,9
66789,7
66790,5
66791,4
66792,6
66793,4
66794,8
66795,4
66796,3
66797,5
66798,4
66799,5
66800,3
66801,8
66802,6
66803,3
66804,6
66805,2
66806,7
66807,3
66808,6
66809,5
66810,5
66811,3
66812,7
66813,6
66814,6
66815,2
66816,10
66817,5
66818,6
66819,2
66820,5
66821,6
66822,1
66823,5
66824,1
66825,5
66826,6
66827,4
66828,9
66829,2
66830,3
66831,3
66832,4
66833,4
66834,2
66835,5
66836,3
66837,4
66838,1
66839,8
66840,7
66841,6
66842,6
66843,6
66844,8
66845,6
66846,6
66847,8
66848,3
66849,9
66850,5
66851,4
66852,5
66853,4
66854,6
66855,9
66856,4
66857,5
66858,11
66859,6
66860,3
66861,6
66862,7
66863,2
66864,6
66865,7
66866,5
66867,7
66868,9
66869,9
66870,9
66871,6
66872,5
66873,10
66874,6
66875,6
66876,6
66877,2
66878,1
66879,5
66880,4
66881,5
66882,3
66883,4
66884,6
66885,9
66886,2
66887,5
66888,5
66889,9
66890,5
66891,4
66892,7
66893,5
66894,5
66895,7
66896,2
66897,6
66898,8
66899,3
66900,2
66901,7
66902,5
66903,3
66904,4
66905,5
66906,6
66907,3
66908,6
66909,1
66910,6
66911,8
66912,5
66913,5
66914,6
66915,7
66916,2
66917,6
66918,3
66919,2
66920,5
66921,11
66922,6
66923,6
66924,7
66925,7
66926,7
66927,9
66928,6
66929,7
66930,2
66931,10
66932,4
66933,9
66934,9
66935,4
66936,13
66937,5
66938,4
66939,4
66940,7
66941,9
66942,6
66943,5
66944,6
66945,6
66946,2
66947,1
66948,6
66949,4
66950,7
66951,11
66952,8
66953,2
66954,5
66955,9
66956,4
66957,4
66958,6
66959,5
66960,4
66961,5
66962,5
66963,3
66964,5
66965,3
66966,9
66967,6
66968,6
66969,5
66970,4
66971,10
66972,11
66973,6
66974,10
66975,3
66976,6
66977,8
66978,7
66979,5
66980,11
66981,6
66982,8
66983,4
66984,11
66985,9
66986,4
66987,8
66988,7
66989,5
66990,4
66991,5
66992,5
66993,12
66994,6
66995,12
66996,6
66997,2
66998,10
66999,7
67000,5
67001,10
67002,3
67003,10
67004,11
67005,7
67006,8
67007,5
67008,8
67009,7
67010,10
67011,3
67012,3
67013,4
67014,6
67015,5
67016,12
67017,1
67018,9
67019,4
67020,8
67021,1
67022,4
67023,1
67024,9
67025,6
67026,4
67027,2
67028,4
67029,5
67030,5
67031,5
67032,4
67033,3
67034,3
67035,5
67036,4
67037,2
67038,4
67039,3
67040,5
67041,3
67042,3
67043,1
67044,2
67045,5
67046,1
67047,5
67048,4
67049,4
67050,2
67051,4
67052,5
67053,8
67054,5
67055,4
67056,6
67057,6
67058,2
67059,2
67060,6
67061,5
67062,6
67063,1
67064,3
67065,9
67066,9
67067,3
67068,6
67069,6
67070,7
67071,7
67072,8
67073,15
67074,6
67075,5
67076,0
67077,3
67078,8
67079,2
67080,2
67081,4
67082,6
67083,11
67084,8
67085,7
67086,4
67087,4
67088,6
67089,5
67090,9
67091,5
67092,9
67093,6
67094,2
67095,7
67096,5
67097,7
67098,9
67099,8
67100,7
67101,5
67102,5
67103,11
67104,6
67105,8
67106,9
67107,11
67108,7
67109,4
67110,4
67111,8
67112,13
67113,10
67114,6
67115,7
67116,4
67117,5
67118,5
67119,3
67120,6
67121,3
67122,1
67123,9
67124,5
67125,6
67126,5
67127,1
67128,4
67129,3
67130,3
67131,4
67132,6
67133,1
67134,5
67135,5
67136,3
67137,5
67138,10
67139,4
67140,8
67141,7
67142,4
67143,9
67144,5
67145,9
67146,4
67147,6
67148,6
67149,7
67150,4
67151,3
67152,8
67153,3
67154,8
67155,2
67156,3
67157,5
67158,4
67159,6
67160,6
67161,3
67162,4
67163,4
67164,4
67165,12
67166,2
67167,7
67168,3
67169,4
67170,1
67171,7
67172,6
67173,4
67174,8
67175,7
67176,7
67177,6
67178,7
67179,4
67180,9
67181,4
67182,3
67183,3
67184,8
67185,12
67186,6
67187,5
67188,8
67189,7
67190,7
67191,6
67192,5
67193,9
67194,3
67195,7
67196,4
67197,10
67198,8
67199,5
67200,7
67201,10
67202,7
67203,6
67204,8
67205,6
67206,12
67207,6
67208,6
67209,5
67210,7
67211,5
67212,6
67213,9
67214,5
67215,6
67216,2
67217,4
67218,2
67219,7
67220,4
67221,2
67222,6
67223,4
67224,5
67225,4
67226,5
67227,5
67228,4
67229,5
67230,4
67231,3
67232,4
67233,3
67234,6
67235,4
67236,5
67237,8
67238,7
67239,3
67240,5
67241,4
67242,4
67243,2
67244,4
67245,6
67246,8
67247,4
67248,5
67249,7
67250,5
67251,5
67252,7
67253,6
67254,3
67255,4
67256,3
67257,6
67258,4
67259,5
67260,9
67261,6
67262,5
67263,9
67264,2
67265,4
67266,3
67267,6
67268,4
67269,7
67270,6
67271,6
67272,8
67273,3
67274,4
67275,5
67276,5
67277,5
67278,4
67279,8
67280,3
67281,4
67282,2
67283,4
67284,4
67285,8
67286,6
67287,4
67288,2
67289,6
67290,6
67291,4
67292,5
67293,10
67294,5
67295,5
67296,6
67297,5
67298,4
67299,7
67300,5
67301,5
67302,9
67303,7
67304,8
67305,8
67306,5
67307,2
67308,7
67309,2
67310,5
67311,7
67312,1
67313,6
67314,3
67315,5
67316,9
67317,3
67318,5
67319,7
67320,4
67321,5
67322,3
67323,3
67324,2
67325,3
67326,0
67327,6
67328,1
67329,5
67330,7
67331,3
67332,3
67333,5
67334,5
67335,5
67336,4
67337,1
67338,5
67339,7
67340,9
67341,7
67342,5
67343,6
67344,9
67345,9
67346,9
67347,9
67348,9
67349,10
67350,9
67351,8
67352,6
67353,4
67354,3
67355,6
67356,10
67357,6
67358,4
67359,6
67360,6
67361,3
67362,3
67363,6
67364,7
67365,3
67366,5
67367,5
67368,5
67369,6
67370,7
67371,5
67372,6
67373,6
67374,10
67375,7
67376,8
67377,10
67378,10
67379,6
67380,5
67381,5
67382,3
67383,5
67384,6
67385,3
67386,1
67387,5
67388,4
67389,5
67390,4
67391,5
67392,4
67393,6
67394,2
67395,4
67396,6
67397,1
67398,7
67399,4
67400,4
67401,4
67402,4
67403,1
67404,5
67405,9
67406,2
67407,4
67408,11
67409,2
67410,1
67411,1
67412,2
67413,7
67414,4
67415,5
67416,5
67417,2
67418,4
67419,5
67420,6
67421,6
67422,6
67423,3
67424,6
67425,3
67426,4
67427,7
67428,7
67429,3
67430,5
67431,3
67432,5
67433,4
67434,4
67435,2
67436,4
67437,1
67438,5
67439,2
67440,6
67441,7
67442,4
67443,7
67444,4
67445,3
67446,5
67447,6
67448,2
67449,2
67450,1
67451,2
67452,8
67453,5
67454,3
67455,1
67456,2
67457,4
67458,7
67459,3
67460,6
67461,7
67462,4
67463,6
67464,4
67465,5
67466,5
67467,2
67468,6
67469,4
67470,3
67471,5
67472,2
67473,4
67474,5
67475,4
67476,6
67477,3
67478,4
67479,5
67480,5
67481,3
67482,6
67483,7
67484,6
67485,5
67486,5
67487,7
67488,4
67489,6
67490,5
67491,0
67492,7
67493,5
67494,5
67495,10
67496,6
67497,5
67498,13
67499,5
67500,5
67501,4
67502,11
67503,11
67504,13
67505,6
67506,4
67507,8
67508,5
67509,5
67510,5
67511,2
67512,8
67513,4
67514,6
67515,5
67516,2
67517,10
67518,5
67519,2
67520,6
67521,3
67522,7
67523,5
67524,3
67525,3
67526,4
67527,7
67528,9
67529,8
67530,4
67531,6
67532,8
67533,2
67534,3
67535,4
67536,5
67537,3
67538,7
67539,3
67540,6
67541,3
67542,5
67543,9
67544,4
67545,2
67546,10
67547,5
67548,6
67549,3
67550,7
67551,4
67552,3
67553,9
67554,7
67555,6
67556,7
67557,5
67558,8
67559,2
67560,3
67561,8
67562,6
67563,3
67564,2
67565,7
67566,2
67567,5
67568,2
67569,2
67570,4
67571,3
67572,5
67573,3
67574,7
67575,5
67576,6
67577,7
67578,3
67579,5
67580,6
67581,2
67582,5
67583,3
67584,4
67585,9
67586,3
67587,9
67588,10
67589,6
67590,5
67591,9
67592,4
67593,4
67594,4
67595,7
67596,3
67597,6
67598,4
67599,5
67600,10
67601,7
67602,8
67603,11
67604,13
67605,11
67606,7
67607,9
67608,7
67609,9
67610,10
67611,6
67612,6
67613,5
67614,8
67615,5
67616,3
67617,2
67618,6
67619,4
67620,1
67621,3
67622,5
67623,3
67624,6
67625,6
67626,3
67627,8
67628,7
67629,7
67630,5
67631,8
67632,8
67633,2
67634,9
67635,6
67636,8
67637,8
67638,12
67639,7
67640,10
67641,7
67642,6
67643,9
67644,5
67645,8
67646,6
67647,5
67648,5
67649,5
67650,8
67651,6
67652,4
67653,4
67654,5
67655,3
67656,3
67657,4
67658,3
67659,6
67660,6
67661,4
67662,6
67663,5
67664,8
67665,7
67666,7
67667,3
67668,7
67669,2
67670,7
67671,4
67672,5
67673,3
67674,5
67675,4
67676,6
67677,3
67678,1
67679,5
67680,4
67681,7
67682,6
67683,6
67684,5
67685,1
67686,9
67687,2
67688,5
67689,7
67690,3
67691,3
67692,9
67693,3
67694,5
67695,6
67696,3
67697,8
67698,8
67699,4
67700,4
67701,4
67702,2
67703,10
67704,6
67705,8
67706,6
67707,8
67708,9
67709,8
67710,8
67711,14
67712,8
67713,8
67714,4
67715,8
67716,4
67717,3
67718,6
67719,5
67720,12
67721,8
67722,5
67723,7
67724,5
67725,6
67726,5
67727,5
67728,5
67729,2
67730,7
67731,6
67732,2
67733,5
67734,8
67735,10
67736,7
67737,4
67738,7
67739,9
67740,8
67741,5
67742,10
67743,6
67744,5
67745,2
67746,2
67747,8
67748,4
67749,7
67750,3
67751,3
67752,5
67753,2
67754,2
67755,5
67756,6
67757,4
67758,4
67759,8
67760,5
67761,11
67762,5
67763,4
67764,8
67765,2
67766,5
67767,8
67768,6
67769,6
67770,4
67771,9
67772,1
67773,7
67774,3
67775,7
67776,4
67777,5
67778,5
67779,9
67780,1
67781,4
67782,7
67783,6
67784,6
67785,3
67786,9
67787,8
67788,6
67789,0
67790,11
67791,4
67792,6
67793,9
67794,3
67795,8
67796,6
67797,7
67798,8
67799,8
67800,6
67801,9
67802,2
67803,7
67804,10
67805,5
67806,6
67807,13
67808,9
67809,7
67810,9
67811,4
67812,2
67813,4
67814,7
67815,4
67816,3
67817,2
67818,7
67819,5
67820,3
67821,2
67822,5
67823,6
67824,9
67825,4
67826,8
67827,8
67828,6
67829,5
67830,9
67831,6
67832,4
67833,4
67834,8
67835,7
67836,4
67837,4
67838,5
67839,3
67840,8
67841,8
67842,1
67843,6
67844,6
67845,8
67846,6
67847,4
67848,4
67849,3
67850,7
67851,4
67852,5
67853,9
67854,8
67855,6
67856,10
67857,8
67858,6
67859,6
67860,2
67861,4
67862,4
67863,3
67864,5
67865,6
67866,4
67867,5
67868,7
67869,7
67870,4
67871,5
67872,5
67873,5
67874,10
67875,5
67876,4
67877,7
67878,13
67879,8
67880,7
67881,9
67882,9
67883,7
67884,5
67885,10
67886,4
67887,4
67888,9
67889,5
67890,4
67891,6
67892,6
67893,10
67894,9
67895,11
67896,6
67897,6
67898,8
67899,5
67900,6
67901,7
67902,11
67903,9
67904,7
67905,5
67906,4
67907,4
67908,9
67909,5
67910,6
67911,1
67912,4
67913,3
67914,6
67915,5
67916,6
67917,5
67918,6
67919,5
67920,3
67921,5
67922,5
67923,8
67924,2
67925,6
67926,9
67927,2
67928,7
67929,7
67930,7
67931,6
67932,5
67933,3
67934,6
67935,3
67936,2
67937,6
67938,4
67939,7
67940,6
67941,4
67942,7
67943,6
67944,7
67945,7
67946,3
67947,5
67948,7
67949,3
67950,3
67951,3
67952,5
67953,3
67954,7
67955,4
67956,5
67957,5
67958,3
67959,5
67960,14
67961,7
67962,6
67963,10
67964,8
67965,5
67966,6
67967,8
67968,7
67969,4
67970,4
67971,5
67972,4
67973,8
67974,4
67975,7
67976,5
67977,10
67978,4
67979,4
67980,8
67981,5
67982,5
67983,4
67984,6
67985,9
67986,6
67987,5
67988,9
67989,3
67990,6
67991,8
67992,10
67993,3
67994,7
67995,10
67996,9
67997,7
67998,9
67999,8
68000,12
68001,3
68002,12
68003,4
68004,7
68005,6
68006,10
68007,10
68008,4
68009,2
68010,3
68011,5
68012,12
68013,4
68014,7
68015,4
68016,7
68017,7
68018,8
68019,4
68020,11
68021,3
68022,7
68023,9
68024,7
68025,6
68026,4
68027,6
68028,6
68029,7
68030,4
68031,3
68032,10
68033,5
68034,5
68035,6
68036,8
68037,10
68038,5
68039,5
68040,10
68041,8
68042,9
68043,9
68044,6
68045,9
68046,4
68047,4
68048,1
68049,7
68050,7
68051,10
68052,8
68053,4
68054,4
68055,4
68056,4
68057,7
68058,3
68059,3
68060,8
68061,4
68062,3
68063,6
68064,7
68065,4
68066,6
68067,4
68068,7
68069,7
68070,4
68071,4
68072,10
68073,9
68074,5
68075,7
68076,8
68077,5
68078,8
68079,6
68080,4
68081,5
68082,6
68083,4
68084,5
68085,8
68086,9
68087,4
68088,4
68089,8
68090,2
68091,6
68092,5
68093,6
68094,4
68095,6
68096,2
68097,5
68098,8
68099,7
68100,3
68101,4
68102,2
68103,6
68104,6
68105,4
68106,2
68107,5
68108,7
68109,5
68110,2
68111,3
68112,3
68113,3
68114,8
68115,4
68116,3
68117,6
68118,1
68119,4
68120,8
68121,5
68122,6
68123,4
68124,8
68125,4
68126,6
68127,3
68128,4
68129,4
68130,8
68131,7
68132,3
68133,3
68134,3
68135,2
68136,5
68137,7
68138,5
68139,2
68140,2
68141,1
68142,6
68143,3
68144,3
68145,6
68146,1
68147,2
68148,2
68149,4
68150,5
68151,4
68152,5
68153,6
68154,10
68155,6
68156,6
68157,10
68158,5
68159,7
68160,3
68161,6
68162,7
68163,3
68164,2
68165,8
68166,5
68167,6
68168,3
68169,5
68170,3
68171,10
68172,7
68173,5
68174,8
68175,6
68176,8
68177,7
68178,5
68179,6
68180,6
68181,12
68182,4
68183,7
68184,3
68185,8
68186,6
68187,5
68188,3
68189,5
68190,4
68191,5
68192,4
68193,4
68194,3
68195,7
68196,7
68197,5
68198,3
68199,1
68200,4
68201,4
68202,6
68203,3
68204,5
68205,8
68206,6
68207,9
68208,7
68209,4
68210,8
68211,5
68212,9
68213,7
68214,1
68215,6
68216,10
68217,3
68218,3
68219,3
68220,7
68221,2
68222,4
68223,7
68224,2
68225,6
68226,2
68227,7
68228,4
68229,8
68230,3
68231,6
68232,6
68233,7
68234,6
68235,8
68236,6
68237,6
68238,7
68239,9
68240,3
68241,9
68242,7
68243,0
68244,10
68245,4
68246,5
68247,1
68248,4
68249,3
68250,7
68251,4
68252,5
68253,2
68254,5
68255,7
68256,9
68257,5
68258,6
68259,5
68260,10
68261,8
68262,6
68263,4
68264,6
68265,7
68266,8
68267,3
68268,8
68269,4
68270,4
68271,7
68272,7
68273,5
68274,2
68275,1
68276,6
68277,12
68278,10
68279,6
68280,3
68281,3
68282,3
68283,5
68284,3
68285,6
68286,4
68287,7
68288,5
68289,3
68290,3
68291,3
68292,1
68293,4
68294,6
68295,2
68296,2
68297,4
68298,3
68299,1
68300,2
68301,4
68302,2
68303,4
68304,3
68305,3
68306,7
68307,4
68308,5
68309,4
68310,2
68311,7
68312,4
68313,5
68314,5
68315,2
68316,3
68317,5
68318,5
68319,2
68320,7
68321,3
68322,5
68323,2
68324,6
68325,3
68326,5
68327,8
68328,3
68329,5
68330,3
68331,4
68332,3
68333,2
68334,5
68335,4
68336,5
68337,5
68338,8
68339,3
68340,5
68341,4
68342,6
68343,5
68344,5
68345,7
68346,5
68347,4
68348,1
68349,3
68350,1
68351,8
68352,3
68353,5
68354,7
68355,5
68356,3
68357,7
68358,3
68359,7
68360,5
68361,9
68362,5
68363,6
68364,3
68365,5
68366,3
68367,5
68368,4
68369,3
68370,7
68371,3
68372,0
68373,2
68374,5
68375,1
68376,2
68377,3
68378,5
68379,3
68380,7
68381,4
68382,8
68383,2
68384,6
68385,4
68386,5
68387,3
68388,8
68389,3
68390,2
68391,4
68392,4
68393,4
68394,4
68395,4
68396,4
68397,8
68398,2
68399,2
68400,5
68401,4
68402,2
68403,4
68404,3
68405,4
68406,3
68407,8
68408,5
68409,4
68410,2
68411,5
68412,5
68413,9
68414,3
68415,5
68416,4
68417,5
68418,5
68419,3
68420,5
68421,7
68422,4
68423,2
68424,6
68425,2
68426,5
68427,5
68428,3
68429,2
68430,3
68431,2
68432,5
68433,4
68434,5
68435,3
68436,3
68437,4
68438,6
68439,5
68440,5
68441,4
68442,7
68443,3
68444,3
68445,8
68446,4
68447,6
68448,3
68449,7
68450,2
68451,5
68452,4
68453,8
68454,9
68455,4
68456,6
68457,7
68458,6
68459,4
68460,7
68461,6
68462,6
68463,4
68464,2
68465,4
68466,2
68467,7
68468,3
68469,3
68470,4
68471,5
68472,6
68473,3
68474,5
68475,4
68476,4
68477,6
68478,6
68479,6
68480,3
68481,4
68482,8
68483,8
68484,3
68485,1
68486,3
68487,8
68488,4
68489,2
68490,5
68491,4
68492,8
68493,7
68494,2
68495,6
68496,3
68497,6
68498,4
68499,7
68500,4
68501,6
68502,7
68503,11
68504,3
68505,8
68506,2
68507,5
68508,3
68509,7
68510,6
68511,8
68512,7
68513,5
68514,3
68515,6
68516,6
68517,6
68518,4
68519,6
68520,8
68521,9
68522,2
68523,7
68524,5
68525,7
68526,9
68527,4
68528,5
68529,8
68530,10
68531,6
68532,5
68533,8
68534,8
68535,7
68536,3
68537,6
68538,7
68539,7
68540,4
68541,5
68542,5
68543,5
68544,3
68545,4
68546,3
68547,9
68548,7
68549,8
68550,3
68551,6
68552,8
68553,6
68554,5
68555,3
68556,6
68557,6
68558,5
68559,6
68560,3
68561,3
68562,6
68563,7
68564,3
68565,6
68566,1
68567,4
68568,1
68569,6
68570,4
68571,2
68572,3
68573,3
68574,4
68575,5
68576,6
68577,8
68578,9
68579,6
68580,5
68581,6
68582,11
68583,7
68584,11
68585,10
68586,8
68587,4
68588,4
68589,5
68590,4
68591,6
68592,5
68593,5
68594,4
68595,7
68596,3
68597,9
68598,7
68599,8
68600,8
68601,8
68602,9
68603,5
68604,4
68605,2
68606,3
68607,3
68608,5
68609,5
68610,1
68611,5
68612,4
68613,7
68614,4
68615,6
68616,7
68617,5
68618,4
68619,2
68620,3
68621,2
68622,6
68623,3
68624,3
68625,3
68626,4
68627,4
68628,2
68629,3
68630,7
68631,3
68632,4
68633,3
68634,8
68635,2
68636,4
68637,8
68638,1
68639,6
68640,5
68641,6
68642,2
68643,5
68644,3
68645,3
68646,1
68647,3
68648,9
68649,9
68650,6
68651,7
68652,5
68653,3
68654,1
68655,6
68656,2
68657,3
68658,3
68659,5
68660,1
68661,8
68662,5
68663,3
68664,9
68665,10
68666,7
68667,9
68668,5
68669,7
68670,5
68671,9
68672,7
68673,10
68674,10
68675,10
68676,6
68677,5
68678,2
68679,10
68680,3
68681,4
68682,6
68683,5
68684,1
68685,1
68686,7
68687,4
68688,3
68689,3
68690,4
68691,6
68692,4
68693,5
68694,7
68695,8
68696,2
68697,12
68698,4
68699,6
68700,8
68701,6
68702,7
68703,2
68704,3
68705,4
68706,6
68707,5
68708,4
68709,4
68710,4
68711,3
68712,5
68713,7
68714,6
68715,5
68716,5
68717,4
68718,6
68719,3
68720,2
68721,10
68722,6
68723,3
68724,6
68725,7
68726,7
68727,4
68728,5
68729,5
68730,2
68731,12
68732,8
68733,4
68734,7
68735,6
68736,7
68737,6
68738,6
68739,5
68740,4
68741,6
68742,9
68743,5
68744,5
68745,4
68746,4
68747,4
68748,5
68749,5
68750,6
68751,3
68752,3
68753,1
68754,2
68755,7
68756,10
68757,7
68758,6
68759,4
68760,13
68761,10
68762,11
68763,4
68764,12
68765,9
68766,7
68767,6
68768,4
68769,7
68770,5
68771,6
68772,8
68773,3
68774,5
68775,9
68776,6
68777,6
68778,6
68779,7
68780,4
68781,9
68782,5
68783,5
68784,7
68785,9
68786,6
68787,7
68788,5
68789,4
68790,6
68791,4
68792,0
68793,6
68794,4
68795,4
68796,5
68797,9
68798,3
68799,9
68800,8
68801,6
68802,4
68803,5
68804,8
68805,4
68806,9
68807,5
68808,6
68809,5
68810,5
68811,6
68812,4
68813,8
68814,11
68815,7
68816,9
68817,5
68818,3
68819,7
68820,3
68821,6
68822,5
68823,5
68824,1
68825,6
68826,6
68827,3
68828,10
68829,5
68830,3
68831,5
68832,3
68833,2
68834,10
68835,7
68836,6
68837,3
68838,6
68839,5
68840,4
68841,1
68842,4
68843,3
68844,4
68845,3
68846,2
68847,8
68848,2
68849,4
68850,2
68851,3
68852,6
68853,3
68854,3
68855,4
68856,2
68857,2
68858,2
68859,4
68860,2
68861,5
68862,2
68863,4
68864,2
68865,9
68866,4
68867,3
68868,4
68869,3
68870,3
68871,5
68872,4
68873,5
68874,6
68875,4
68876,4
68877,10
68878,10
68879,6
68880,9
68881,4
68882,6
68883,5
68884,7
68885,3
68886,3
68887,6
68888,7
68889,4
68890,3
68891,6
68892,7
68893,3
68894,3
68895,9
68896,3
68897,6
68898,7
68899,5
68900,2
68901,7
68902,2
68903,10
68904,3
68905,4
68906,6
68907,2
68908,6
68909,4
68910,4
68911,10
68912,3
68913,5
68914,4
68915,7
68916,6
68917,4
68918,3
68919,5
68920,6
68921,3
68922,4
68923,6
68924,4
68925,5
68926,9
68927,8
68928,5
68929,7
68930,3
68931,5
68932,6
68933,2
68934,7
68935,7
68936,6
68937,6
68938,4
68939,3
68940,3
68941,9
68942,10
68943,5
68944,7
68945,6
68946,5
68947,6
68948,5
68949,5
68950,8
68951,5
68952,9
68953,9
68954,3
68955,7
68956,3
68957,2
68958,6
68959,5
68960,2
68961,5
68962,5
68963,8
68964,4
68965,2
68966,6
68967,6
68968,10
68969,6
68970,8
68971,6
68972,3
68973,6
68974,4
68975,5
68976,2
68977,5
68978,7
68979,5
68980,8
68981,7
68982,4
68983,3
68984,4
68985,9
68986,5
68987,7
68988,5
68989,6
68990,4
68991,8
68992,3
68993,5
68994,3
68995,4
68996,5
68997,2
68998,3
68999,3
69000,7
69001,5
69002,5
69003,4
69004,4
69005,5
69006,8
69007,9
69008,7
69009,2
69010,4
69011,1
69012,4
69013,4
69014,4
69015,5
69016,3
69017,6
69018,4
69019,6
69020,3
69021,7
69022,5
69023,6
69024,5
69025,9
69026,9
69027,5
69028,5
69029,2
69030,2
69031,6
69032,7
69033,1
69034,5
69035,2
69036,4
69037,8
69038,4
69039,6
69040,2
69041,2
69042,2
69043,3
69044,4
69045,4
69046,3
69047,8
69048,3
69049,5
69050,8
69051,3
69052,3
69053,5
69054,8
69055,5
69056,5
69057,4
69058,3
69059,6
69060,3
69061,9
69062,2
69063,1
69064,5
69065,4
69066,5
69067,5
69068,3
69069,6
69070,6
69071,4
69072,4
69073,5
69074,2
69075,2
69076,2
69077,3
69078,4
69079,4
69080,3
69081,5
69082,4
69083,3
69084,4
69085,5
69086,7
69087,2
69088,9
69089,6
69090,5
69091,5
69092,5
69093,5
69094,6
69095,2
69096,4
69097,4
69098,3
69099,9
69100,3
69101,4
69102,5
69103,2
69104,1
69105,2
69106,7
69107,5
69108,5
69109,4
69110,1
69111,6
69112,1
69113,3
69114,2
69115,3
69116,5
69117,2
69118,5
69119,3
69120,3
69121,1
69122,5
69123,4
69124,1
69125,4
69126,1
69127,1
69128,1
69129,0
69130,2
69131,2
69132,1
69133,3
69134,2
69135,1
69136,2
69137,3
69138,5
69139,1
69140,2
69141,4
69142,2
69143,5
69144,3
69145,3
69146,3
69147,2
69148,4
69149,5
69150,3
69151,7
69152,3
69153,6
69154,5
69155,2
69156,4
69157,3
69158,3
69159,3
69160,3
69161,3
69162,6
69163,2
69164,3
69165,7
69166,0
69167,3
69168,5
69169,3
69170,3
69171,9
69172,5
69173,3
69174,4
69175,3
69176,4
69177,4
69178,4
69179,5
69180,8
69181,7
69182,2
69183,5
69184,3
69185,4
69186,5
69187,3
69188,3
69189,4
69190,4
69191,2
69192,3
69193,7
69194,4
69195,2
69196,5
69197,2
69198,1
69199,4
69200,3
69201,4
69202,5
69203,2
69204,5
69205,1
69206,1
69207,6
69208,3
69209,1
69210,4
69211,2
69212,5
69213,3
69214,2
69215,3
69216,3
69217,6
69218,4
69219,3
69220,2
69221,7
69222,5
69223,2
69224,2
69225,4
69226,3
69227,3
69228,4
69229,3
69230,4
69231,2
69232,5
69233,6
69234,4
69235,4
69236,3
69237,10
69238,5
69239,4
69240,6
69241,2
69242,4
69243,5
69244,1
69245,5
69246,2
69247,4
69248,5
69249,3
69250,4
69251,4
69252,3
69253,4
69254,3
69255,2
69256,4
69257,6
69258,7
69259,6
69260,3
69261,3
69262,9
69263,8
69264,7
69265,5
69266,4
69267,6
69268,3
69269,9
69270,9
69271,5
69272,11
69273,2
69274,8
69275,4
69276,3
69277,8
69278,5
69279,3
69280,7
69281,4
69282,5
69283,5
69284,5
69285,5
69286,6
69287,9
69288,6
69289,4
69290,2
69291,6
69292,1
69293,4
69294,3
69295,5
69296,6
69297,8
69298,5
69299,2
69300,3
69301,3
69302,8
69303,13
69304,9
69305,7
69306,6
69307,5
69308,3
69309,3
69310,3
69311,4
69312,5
69313,3
69314,6
69315,6
69316,4
69317,5
69318,6
69319,4
69320,5
69321,5
69322,4
69323,2
69324,6
69325,8
69326,9
69327,7
69328,7
69329,8
69330,5
69331,10
69332,7
69333,7
69334,10
69335,14
69336,6
69337,7
69338,5
69339,4
69340,7
69341,7
69342,9
69343,3
69344,6
69345,9
69346,8
69347,8
69348,8
69349,10
69350,4
69351,6
69352,6
69353,4
69354,5
69355,5
69356,4
69357,2
69358,3
69359,4
69360,3
69361,8
69362,5
69363,4
69364,9
69365,5
69366,6
69367,6
69368,3
69369,8
69370,5
69371,7
69372,8
69373,6
69374,11
69375,4
69376,12
69377,4
69378,8
69379,3
69380,3
69381,5
69382,6
69383,2
69384,4
69385,7
69386,5
69387,3
69388,0
69389,3
69390,6
69391,7
69392,6
69393,5
69394,8
69395,10
69396,6
69397,6
69398,7
69399,6
69400,8
69401,5
69402,2
69403,6
69404,11
69405,5
69406,4
69407,5
69408,4
69409,6
69410,6
69411,5
69412,3
69413,8
69414,2
69415,11
69416,4
69417,5
69418,9
69419,2
69420,8
69421,5
69422,12
69423,5
69424,5
69425,3
69426,11
69427,9
69428,7
69429,2
69430,3
69431,3
69432,4
69433,5
69434,6
69435,4
69436,2
69437,4
69438,5
69439,2
69440,5
69441,3
69442,6
69443,3
69444,4
69445,4
69446,3
69447,2
69448,7
69449,6
69450,2
69451,2
69452,5
69453,2
69454,6
69455,5
69456,3
69457,6
69458,4
69459,4
69460,5
69461,5
69462,6
69463,4
69464,5
69465,6
69466,3
69467,3
69468,2
69469,5
69470,1
69471,5
69472,2
69473,2
69474,8
69475,4
69476,1
69477,2
69478,4
69479,5
69480,5
69481,0
69482,7
69483,7
69484,4
69485,3
69486,7
69487,3
69488,5
69489,6
69490,4
69491,4
69492,5
69493,5
69494,6
69495,4
69496,4
69497,5
69498,7
69499,6
69500,5
69501,4
69502,5
69503,6
69504,4
69505,1
69506,5
69507,2
69508,7
69509,3
69510,1
69511,5
69512,5
69513,3
69514,1
69515,6
69516,6
69517,3
69518,5
69519,5
69520,9
69521,3
69522,8
69523,3
69524,7
69525,3
69526,10
69527,7
69528,4
69529,5
69530,1
69531,10
69532,9
69533,6
69534,4
69535,4
69536,5
69537,10
69538,8
69539,9
69540,3
69541,4
69542,5
69543,11
69544,5
69545,3
69546,3
69547,6
69548,5
69549,2
69550,4
69551,6
69552,5
69553,4
69554,4
69555,4
69556,4
69557,7
69558,6
69559,5
69560,7
69561,4
69562,6
69563,3
69564,4
69565,4
69566,4
69567,3
69568,4
69569,3
69570,4
69571,3
69572,2
69573,3
69574,5
69575,2
69576,3
69577,3
69578,2
69579,5
69580,4
69581,7
69582,5
69583,6
69584,7
69585,2
69586,4
69587,2
69588,7
69589,5
69590,3
69591,2
69592,3
69593,5
69594,4
69595,4
69596,2
69597,1
69598,8
69599,4
69600,2
69601,4
69602,6
69603,5
69604,6
69605,5
69606,6
69607,3
69608,5
69609,4
69610,5
69611,4
69612,6
69613,3
69614,7
69615,6
69616,5
69617,4
69618,8
69619,3
69620,3
69621,4
69622,3
69623,5
69624,5
69625,2
69626,3
69627,3
69628,7
69629,5
69630,3
69631,0
69632,6
69633,1
69634,4
69635,8
69636,5
69637,4
69638,7
69639,2
69640,12
69641,5
69642,7
69643,5
69644,4
69645,1
69646,6
69647,3
69648,2
69649,6
69650,6
69651,5
69652,5
69653,3
69654,5
69655,10
69656,8
69657,6
69658,1
69659,6
69660,2
69661,6
69662,5
69663,4
69664,2
69665,1
69666,4
69667,2
69668,4
69669,4
69670,8
69671,7
69672,5
69673,5
69674,9
69675,3
69676,7
69677,9
69678,4
69679,6
69680,3
69681,5
69682,3
69683,13
69684,5
69685,7
69686,1
69687,5
69688,7
69689,4
69690,7
69691,6
69692,6
69693,7
69694,2
69695,3
69696,4
69697,5
69698,3
69699,7
69700,4
69701,3
69702,10
69703,2
69704,6
69705,9
69706,5
69707,13
69708,6
69709,6
69710,2
69711,4
69712,2
69713,5
69714,5
69715,1
69716,3
69717,2
69718,4
69719,6
69720,3
69721,4
69722,3
69723,4
69724,5
69725,8
69726,5
69727,2
69728,7
69729,4
69730,9
69731,9
69732,6
69733,3
69734,5
69735,4
69736,3
69737,2
69738,7
69739,3
69740,7
69741,5
69742,4
69743,7
69744,1
69745,7
69746,8
69747,5
69748,4
69749,7
69750,5
69751,2
69752,4
69753,5
69754,4
69755,1
69756,4
69757,5
69758,3
69759,3
69760,4
69761,4
69762,4
69763,4
69764,2
69765,9
69766,5
69767,5
69768,2
69769,6
69770,4
69771,5
69772,3
69773,9
69774,5
69775,3
69776,6
69777,7
69778,10
69779,9
69780,8
69781,11
69782,4
69783,4
69784,5
69785,2
69786,4
69787,4
69788,2
69789,4
69790,3
69791,4
69792,5
69793,6
69794,5
69795,7
69796,7
69797,9
69798,7
69799,7
69800,5
69801,4
69802,7
69803,6
69804,7
69805,3
69806,7
69807,6
69808,3
69809,6
69810,4
69811,6
69812,5
69813,4
69814,3
69815,6
69816,7
69817,2
69818,5
69819,5
69820,2
69821,9
69822,3
69823,4
69824,7
69825,4
69826,6
69827,4
69828,6
69829,4
69830,7
69831,4
69832,12
69833,5
69834,2
69835,3
69836,6
69837,4
69838,11
69839,7
69840,2
69841,7
69842,12
69843,2
69844,10
69845,2
69846,9
69847,11
69848,8
69849,8
69850,9
69851,6
69852,10
69853,10
69854,8
69855,6
69856,7
69857,10
69858,9
69859,8
69860,7
69861,10
69862,8
69863,5
69864,3
69865,4
69866,4
69867,4
69868,5
69869,6
69870,9
69871,8
69872,8
69873,7
69874,7
69875,9
69876,4
69877,1
69878,5
69879,7
69880,6
69881,3
69882,9
69883,6
69884,4
69885,6
69886,5
69887,8
69888,4
69889,5
69890,7
69891,3
69892,9
69893,3
69894,9
69895,6
69896,3
69897,7
69898,5
69899,3
69900,7
69901,5
69902,6
69903,5
69904,5
69905,5
69906,6
69907,9
69908,2
69909,5
69910,2
69911,4
69912,1
69913,5
69914,8
69915,3
69916,4
69917,6
69918,7
69919,4
69920,4
69921,6
69922,2
69923,6
69924,1
69925,6
69926,5
69927,3
69928,5
69929,4
69930,3
69931,4
69932,5
69933,8
69934,1
69935,4
69936,3
69937,3
69938,4
69939,6
69940,5
69941,3
69942,8
69943,2
69944,2
69945,4
69946,10
69947,8
69948,4
69949,6
69950,7
69951,3
69952,6
69953,3
69954,8
69955,4
69956,5
69957,14
69958,9
69959,8
69960,5
69961,10
69962,9
69963,5
69964,14
69965,10
69966,10
69967,7
69968,7
69969,11
69970,11
69971,11
69972,11
69973,4
69974,8
69975,10
69976,11
69977,8
69978,8
69979,3
69980,6
69981,5
69982,7
69983,5
69984,3
69985,6
69986,7
69987,4
69988,7
69989,5
69990,6
69991,7
69992,9
69993,3
69994,5
69995,12
69996,8
69997,10
69998,11
69999,8
70000,10
70001,5
70002,8
70003,6
70004,5
70005,9
70006,7
70007,12
70008,9
70009,8
70010,8
70011,13
70012,5
70013,5
70014,5
70015,7
70016,8
70017,8
70018,5
70019,1
70020,6
70021,5
70022,4
70023,1
70024,3
70025,2
70026,4
70027,7
70028,4
70029,6
70030,6
70031,3
70032,3
70033,7
70034,4
70035,4
70036,1
70037,5
70038,5
70039,3
70040,3
70041,8
70042,5
70043,5
70044,10
70045,7
70046,6
70047,4
70048,6
70049,3
70050,5
70051,10
70052,10
70053,3
70054,11
70055,9
70056,10
70057,10
70058,7
70059,5
70060,7
70061,8
70062,6
70063,5
70064,2
70065,9
70066,1
70067,6
70068,4
70069,12
70070,4
70071,7
70072,11
70073,8
70074,9
70075,9
70076,9
70077,10
70078,8
70079,10
70080,2
70081,7
70082,4
70083,4
70084,4
70085,7
70086,4
70087,6
70088,8
70089,5
70090,7
70091,3
70092,2
70093,4
70094,5
70095,3
70096,8
70097,7
70098,5
70099,5
70100,6
70101,4
70102,7
70103,2
70104,8
70105,5
70106,2
70107,7
70108,5
70109,9
70110,2
70111,7
70112,8
70113,9
70114,5
70115,7
70116,7
70117,7
70118,5
70119,5
70120,3
70121,4
70122,4
70123,9
70124,5
70125,6
70126,8
70127,9
70128,6
70129,11
70130,4
70131,9
70132,2
70133,6
70134,7
70135,4
70136,5
70137,6
70138,4
70139,5
70140,3
70141,1
70142,8
70143,5
70144,6
70145,6
70146,4
70147,7
70148,7
70149,5
70150,3
70151,10
70152,8
70153,1
70154,6
70155,9
70156,9
70157,6
70158,6
70159,3
70160,4
70161,7
70162,4
70163,7
70164,2
70165,3
70166,3
70167,3
70168,4
70169,1
70170,2
70171,2
70172,3
70173,1
70174,4
70175,7
70176,4
70177,3
70178,2
70179,3
70180,1
70181,2
70182,2
70183,4
70184,4
70185,2
70186,2
70187,4
70188,1
70189,2
70190,2
70191,0
70192,2
70193,3
70194,1
70195,5
70196,4
70197,5
70198,3
70199,3
70200,4
70201,5
70202,6
70203,0
70204,7
70205,2
70206,4
70207,1
70208,8
70209,3
70210,4
70211,5
70212,2
70213,5
70214,6
70215,3
70216,4
70217,5
70218,7
70219,4
70220,3
70221,6
70222,4
70223,6
70224,6
70225,4
70226,9
70227,3
70228,9
70229,8
70230,8
70231,11
70232,3
70233,6
70234,5
70235,3
70236,4
70237,4
70238,4
70239,7
70240,5
70241,4
70242,5
70243,4
70244,2
70245,7
70246,4
70247,3
70248,7
70249,7
70250,5
70251,4
70252,4
70253,6
70254,3
70255,5
70256,3
70257,3
70258,7
70259,4
70260,8
70261,5
70262,5
70263,6
70264,8
70265,3
70266,9
70267,7
70268,3
70269,6
70270,6
70271,1
70272,7
70273,5
70274,5
70275,5
70276,9
70277,12
70278,10
70279,13
70280,10
70281,6
70282,7
70283,9
70284,5
70285,6
70286,9
70287,9
70288,7
70289,5
70290,5
70291,6
70292,3
70293,5
70294,5
70295,6
70296,8
70297,6
70298,3
70299,6
70300,7
70301,6
70302,3
70303,8
70304,2
70305,6
70306,3
70307,3
70308,7
70309,6
70310,9
70311,4
70312,5
70313,4
70314,6
70315,2
70316,4
70317,4
70318,4
70319,4
70320,7
70321,6
70322,5
70323,8
70324,9
70325,4
70326,10
70327,3
70328,2
70329,9
70330,5
70331,4
70332,6
70333,7
70334,6
70335,5
70336,2
70337,3
70338,5
70339,5
70340,4
70341,6
70342,2
70343,4
70344,4
70345,3
70346,7
70347,6
70348,1
70349,6
70350,2
70351,1
70352,8
70353,6
70354,7
70355,3
70356,6
70357,7
70358,6
70359,6
70360,4
70361,6
70362,5
70363,3
70364,7
70365,2
70366,5
70367,0
70368,8
70369,3
70370,8
70371,10
70372,7
70373,2
70374,6
70375,7
70376,6
70377,8
70378,10
70379,5
70380,7
70381,4
70382,4
70383,5
70384,2
70385,6
70386,2
70387,7
70388,5
70389,5
70390,4
70391,3
70392,7
70393,5
70394,3
70395,4
70396,6
70397,4
70398,3
70399,3
70400,5
70401,3
70402,3
70403,3
70404,2
70405,5
70406,4
70407,2
70408,3
70409,9
70410,4
70411,3
70412,3
70413,3
70414,7
70415,2
70416,5
70417,6
70418,2
70419,6
70420,8
70421,7
70422,6
70423,9
70424,4
70425,5
70426,8
70427,4
70428,6
70429,5
70430,7
70431,8
70432,6
70433,6
70434,3
70435,7
70436,10
70437,9
70438,4
70439,3
70440,2
70441,10
70442,3
70443,6
70444,9
70445,15
70446,9
70447,10
70448,5
70449,6
70450,11
70451,9
70452,8
70453,5
70454,2
70455,6
70456,5
70457,4
70458,1
70459,3
70460,0
70461,4
70462,4
70463,2
70464,3
70465,3
70466,7
70467,4
70468,6
70469,3
70470,3
70471,4
70472,1
70473,6
70474,5
70475,3
70476,2
70477,3
70478,6
70479,3
70480,4
70481,5
70482,8
70483,1
70484,3
70485,6
70486,4
70487,2
70488,3
70489,2
70490,2
70491,4
70492,4
70493,1
70494,10
70495,5
70496,4
70497,4
70498,2
70499,3
70500,5
70501,5
70502,4
70503,3
70504,3
70505,6
70506,4
70507,0
70508,5
70509,10
70510,5
70511,1
70512,4
70513,2
70514,2
70515,2
70516,5
70517,6
70518,2
70519,5
70520,4
70521,8
70522,10
70523,3
70524,5
70525,2
70526,10
70527,16
70528,9
70529,10
70530,8
70531,5
70532,2
70533,3
70534,3
70535,2
70536,5
70537,3
70538,4
70539,5
70540,4
70541,5
70542,3
70543,3
70544,2
70545,3
70546,5
70547,7
70548,5
70549,3
70550,5
70551,5
70552,1
70553,6
70554,5
70555,4
70556,2
70557,7
70558,3
70559,4
70560,4
70561,2
70562,4
70563,3
70564,5
70565,3
70566,4
70567,0
70568,3
70569,4
70570,8
70571,2
70572,4
70573,14
70574,5
70575,4
70576,9
70577,4
70578,8
70579,7
70580,9
70581,18
70582,9
70583,10
70584,11
70585,10
70586,3
70587,6
70588,5
70589,4
70590,7
70591,3
70592,4
70593,5
70594,6
70595,2
70596,6
70597,6
70598,3
70599,5
70600,6
70601,3
70602,4
70603,7
70604,4
70605,4
70606,6
70607,5
70608,7
70609,5
70610,4
70611,5
70612,4
70613,8
70614,1
70615,2
70616,3
70617,3
70618,4
70619,3
70620,5
70621,6
70622,6
70623,6
70624,8
70625,5
70626,4
70627,7
70628,3
70629,7
70630,6
70631,5
70632,4
70633,4
70634,4
70635,5
70636,7
70637,9
70638,9
70639,6
70640,4
70641,8
70642,6
70643,5
70644,5
70645,5
70646,6
70647,6
70648,9
70649,6
70650,6
70651,9
70652,8
70653,6
70654,9
70655,8
70656,14
70657,2
70658,5
70659,11
70660,6
70661,4
70662,5
70663,4
70664,8
70665,6
70666,8
70667,4
70668,3
70669,8
70670,2
70671,3
70672,4
70673,3
70674,2
70675,7
70676,8
70677,6
70678,8
70679,3
70680,3
70681,5
70682,7
70683,4
70684,6
70685,6
70686,6
70687,5
70688,8
70689,5
70690,2
70691,5
70692,5
70693,6
70694,2
70695,3
70696,7
70697,3
70698,6
70699,7
70700,5
70701,6
70702,8
70703,9
70704,7
70705,11
70706,12
70707,13
70708,9
70709,11
70710,12
70711,8
70712,8
70713,9
70714,7
70715,5
70716,7
70717,6
70718,7
70719,8
70720,4
70721,7
70722,7
70723,5
70724,2
70725,6
70726,2
70727,7
70728,4
70729,3
70730,3
70731,6
70732,3
70733,8
70734,5
70735,6
70736,4
70737,6
70738,5
70739,3
70740,4
70741,4
70742,6
70743,6
70744,7
70745,4
70746,10
70747,9
70748,2
70749,6
70750,4
70751,6
70752,7
70753,6
70754,4
70755,4
70756,11
70757,6
70758,9
70759,6
70760,7
70761,4
70762,8
70763,9
70764,4
70765,6
70766,3
70767,6
70768,6
70769,4
70770,8
70771,11
70772,5
70773,8
70774,5
70775,5
70776,2
70777,6
70778,3
70779,3
70780,7
70781,5
70782,12
70783,1
70784,6
70785,7
70786,5
70787,9
70788,10
70789,11
70790,18
70791,8
70792,13
70793,7
70794,8
70795,6
70796,7
70797,5
70798,7
70799,9
70800,11
70801,10
70802,7
70803,8
70804,3
70805,6
70806,6
70807,3
70808,9
70809,7
70810,4
70811,5
70812,7
70813,4
70814,4
70815,6
70816,4
70817,2
70818,3
70819,6
70820,3
70821,4
70822,1
70823,5
70824,4
70825,9
70826,5
70827,5
70828,5
70829,10
70830,8
70831,6
70832,4
70833,7
70834,3
70835,4
70836,5
70837,4
70838,6
70839,5
70840,11
70841,9
70842,12
70843,6
70844,8
70845,4
70846,3
70847,5
70848,6
70849,6
70850,3
70851,2
70852,8
70853,6
70854,4
70855,3
70856,4
70857,4
70858,1
70859,4
70860,6
70861,3
70862,4
70863,2
70864,3
70865,3
70866,1
70867,2
70868,6
70869,0
70870,4
70871,2
70872,5
70873,5
70874,3
70875,2
70876,6
70877,5
70878,2
70879,3
70880,4
70881,3
70882,1
70883,6
70884,5
70885,7
70886,3
70887,4
70888,2
70889,0
70890,12
70891,3
70892,4
70893,6
70894,7
70895,3
70896,7
70897,3
70898,1
70899,6
70900,3
70901,3
70902,6
70903,2
70904,5
70905,4
70906,4
70907,5
70908,4
70909,10
70910,1
70911,5
70912,7
70913,7
70914,10
70915,3
70916,4
70917,4
70918,2
70919,6
70920,4
70921,4
70922,5
70923,3
70924,5
70925,4
70926,3
70927,5
70928,11
70929,6
70930,3
70931,10
70932,3
70933,8
70934,4
70935,4
70936,4
70937,5
70938,9
70939,6
70940,7
70941,10
70942,6
70943,13
70944,11
70945,8
70946,5
70947,11
70948,9
70949,6
70950,7
70951,6
70952,7
70953,4
70954,9
70955,5
70956,4
70957,4
70958,5
70959,5
70960,2
70961,2
70962,7
70963,7
70964,5
70965,6
70966,2
70967,8
70968,7
70969,8
70970,8
70971,8
70972,7
70973,6
70974,6
70975,3
70976,8
70977,8
70978,3
70979,3
70980,3
70981,3
70982,4
70983,1
70984,6
70985,3
70986,3
70987,3
70988,7
70989,5
70990,3
70991,3
70992,2
70993,2
70994,4
70995,1
70996,4
70997,2
70998,2
70999,5
71000,6
71001,3
71002,5
71003,2
71004,3
71005,6
71006,1
71007,2
71008,6
71009,4
71010,3
71011,2
71012,7
71013,1
71014,6
71015,5
71016,10
71017,11
71018,9
71019,6
71020,6
71021,10
71022,5
71023,3
71024,3
71025,3
71026,2
71027,6
71028,2
71029,9
71030,9
71031,9
71032,8
71033,8
71034,6
71035,5
71036,9
71037,4
71038,5
71039,7
71040,4
71041,5
71042,4
71043,4
71044,1
71045,3
71046,3
71047,2
71048,2
71049,3
71050,3
71051,2
71052,5
71053,4
71054,3
71055,5
71056,3
71057,1
71058,6
71059,2
71060,3
71061,6
71062,4
71063,2
71064,6
71065,5
71066,3
71067,5
71068,7
71069,2
71070,8
71071,6
71072,5
71073,9
71074,9
71075,6
71076,5
71077,6
71078,4
71079,5
71080,8
71081,5
71082,9
71083,4
71084,3
71085,5
71086,6
71087,5
71088,6
71089,9
71090,3
71091,4
71092,7
71093,5
71094,4
71095,2
71096,0
71097,6
71098,4
71099,2
71100,3
71101,5
71102,5
71103,2
71104,4
71105,6
71106,6
71107,4
71108,5
71109,4
71110,5
71111,4
71112,7
71113,4
71114,3
71115,6
71116,2
71117,4
71118,4
71119,5
71120,6
71121,4
71122,6
71123,8
71124,3
71125,12
71126,9
71127,5
71128,2
71129,3
71130,4
71131,4
71132,6
71133,8
71134,4
71135,7
71136,2
71137,7
71138,7
71139,4
71140,10
71141,7
71142,8
71143,6
71144,6
71145,8
71146,4
71147,4
71148,8
71149,7
71150,4
71151,2
71152,5
71153,2
71154,2
71155,6
71156,6
71157,0
71158,5
71159,6
71160,6
71161,5
71162,5
71163,3
71164,7
71165,4
71166,6
71167,6
71168,5
71169,7
71170,5
71171,7
71172,8
71173,2
71174,5
71175,7
71176,6
71177,4
71178,8
71179,5
71180,8
71181,1
71182,7
71183,5
71184,11
71185,3
71186,6
71187,7
71188,9
71189,6
71190,2
71191,8
71192,4
71193,6
71194,2
71195,5
71196,4
71197,2
71198,1
71199,3
71200,5
71201,1
71202,4
71203,4
71204,5
71205,5
71206,3
71207,0
71208,4
71209,11
71210,3
71211,7
71212,2
71213,6
71214,4
71215,10
71216,5
71217,9
71218,4
71219,5
71220,4
71221,5
71222,3
71223,3
71224,7
71225,8
71226,7
71227,6
71228,6
71229,7
71230,5
71231,5
71232,6
71233,12
71234,3
71235,3
71236,5
71237,3
71238,2
71239,6
71240,8
71241,3
71242,5
71243,5
71244,7
71245,4
71246,4
71247,8
71248,7
71249,4
71250,5
71251,7
71252,6
71253,9
71254,5
71255,8
71256,5
71257,8
71258,6
71259,11
71260,4
71261,9
71262,3
71263,9
71264,3
71265,10
71266,9
71267,9
71268,7
71269,6
71270,5
71271,7
71272,6
71273,4
71274,3
71275,5
71276,2
71277,2
71278,3
71279,1
71280,6
71281,7
71282,6
71283,2
71284,2
71285,2
71286,2
71287,4
71288,1
71289,3
71290,2
71291,6
71292,4
71293,2
71294,2
71295,5
71296,3
71297,1
71298,5
71299,2
71300,4
71301,3
71302,0
71303,5
71304,2
71305,4
71306,4
71307,6
71308,3
71309,3
71310,7
71311,8
71312,6
71313,8
71314,4
71315,5
71316,3
71317,5
71318,5
71319,3
71320,4
71321,6
71322,6
71323,4
71324,3
71325,4
71326,1
71327,4
71328,2
71329,3
71330,4
71331,7
71332,8
71333,2
71334,2
71335,3
71336,1
71337,7
71338,4
71339,4
71340,4
71341,4
71342,6
71343,5
71344,6
71345,4
71346,5
71347,1
71348,8
71349,9
71350,5
71351,7
71352,2
71353,7
71354,5
71355,4
71356,1
71357,6
71358,4
71359,3
71360,5
71361,6
71362,4
71363,2
71364,3
71365,2
71366,3
71367,1
71368,4
71369,3
71370,6
71371,5
71372,6
71373,2
71374,9
71375,5
71376,7
71377,9
71378,7
71379,8
71380,7
71381,9
71382,9
71383,10
71384,6
71385,4
71386,5
71387,6
71388,5
71389,6
71390,0
71391,7
71392,8
71393,5
71394,7
71395,4
71396,4
71397,3
71398,15
71399,7
71400,5
71401,6
71402,4
71403,3
71404,4
71405,4
71406,7
71407,7
71408,7
71409,2
71410,5
71411,11
71412,7
71413,11
71414,11
71415,17
71416,10
71417,9
71418,4
71419,4
71420,7
71421,3
71422,9
71423,6
71424,3
71425,2
71426,5
71427,1
71428,7
71429,3
71430,4
71431,2
71432,8
71433,1
71434,1
71435,6
71436,3
71437,9
71438,7
71439,5
71440,5
71441,4
71442,5
71443,9
71444,3
71445,6
71446,5
71447,5
71448,8
71449,4
71450,8
71451,9
71452,8
71453,10
71454,9
71455,6
71456,5
71457,5
71458,9
71459,8
71460,6
71461,5
71462,3
71463,3
71464,5
71465,7
71466,1
71467,5
71468,5
71469,7
71470,3
71471,6
71472,3
71473,5
71474,6
71475,2
71476,6
71477,7
71478,6
71479,1
71480,6
71481,6
71482,3
71483,7
71484,3
71485,4
71486,7
71487,3
71488,7
71489,3
71490,5
71491,1
71492,6
71493,3
71494,2
71495,6
71496,2
71497,3
71498,1
71499,1
71500,3
71501,3
71502,5
71503,7
71504,4
71505,7
71506,5
71507,6
71508,4
71509,8
71510,7
71511,6
71512,6
71513,3
71514,8
71515,4
71516,6
71517,5
71518,4
71519,5
71520,4
71521,11
71522,5
71523,8
71524,1
71525,3
71526,7
71527,3
71528,7
71529,5
71530,10
71531,8
71532,5
71533,5
71534,4
71535,4
71536,7
71537,8
71538,3
71539,3
71540,2
71541,4
71542,3
71543,5
71544,8
71545,5
71546,4
71547,7
71548,1
71549,9
71550,3
71551,6
71552,2
71553,2
71554,5
71555,3
71556,8
71557,6
71558,6
71559,2
71560,6
71561,4
71562,0
71563,5
71564,4
71565,3
71566,7
71567,4
71568,7
71569,4
71570,2
71571,6
71572,2
71573,2
71574,3
71575,2
71576,4
71577,3
71578,5
71579,4
71580,9
71581,7
71582,3
71583,5
71584,7
71585,7
71586,6
71587,11
71588,10
71589,10
71590,11
71591,5
71592,5
71593,2
71594,5
71595,3
71596,4
71597,2
71598,5
71599,6
71600,6
71601,2
71602,7
71603,2
71604,10
71605,6
71606,6
71607,4
71608,3
71609,1
71610,6
71611,7
71612,2
71613,7
71614,5
71615,6
71616,5
71617,5
71618,1
71619,4
71620,4
71621,6
71622,9
71623,7
71624,4
71625,3
71626,7
71627,3
71628,6
71629,5
71630,12
71631,5
71632,8
71633,9
71634,9
71635,7
71636,6
71637,8
71638,5
71639,5
71640,6
71641,4
71642,5
71643,5
71644,6
71645,7
71646,6
71647,5
71648,10
71649,3
71650,5
71651,2
71652,6
71653,3
71654,6
71655,4
71656,6
71657,8
71658,7
71659,8
71660,6
71661,6
71662,6
71663,6
71664,5
71665,5
71666,9
71667,5
71668,8
71669,3
71670,5
71671,7
71672,9
71673,1
71674,6
71675,1
71676,6
71677,2
71678,9
71679,4
71680,3
71681,4
71682,5
71683,6
71684,3
71685,7
71686,7
71687,6
71688,8
71689,6
71690,4
71691,8
71692,4
71693,6
71694,6
71695,5
71696,5
71697,5
71698,6
71699,6
71700,6
71701,10
71702,5
71703,9
71704,7
71705,6
71706,7
71707,10
71708,8
71709,6
71710,8
71711,12
71712,6
71713,7
71714,9
71715,8
71716,4
71717,8
71718,6
71719,3
71720,7
71721,8
71722,1
71723,7
71724,9
71725,8
71726,9
71727,9
71728,6
71729,6
71730,5
71731,8
71732,6
71733,2
71734,5
71735,6
71736,6
71737,1
71738,9
71739,2
71740,8
71741,5
71742,7
71743,7
71744,3
71745,6
71746,4
71747,6
71748,9
71749,5
71750,4
71751,1
71752,2
71753,5
71754,7
71755,7
71756,7
71757,3
71758,9
71759,6
71760,8
71761,3
71762,7
71763,8
71764,8
71765,5
71766,9
71767,3
71768,7
71769,10
71770,6
71771,6
71772,8
71773,7
71774,6
71775,7
71776,8
71777,5
71778,7
71779,5
71780,6
71781,7
71782,4
71783,5
71784,3
71785,4
71786,16
71787,6
71788,7
71789,6
71790,6
71791,5
71792,5
71793,7
71794,1
71795,8
71796,8
71797,2
71798,7
71799,7
71800,4
71801,2
71802,7
71803,6
71804,3
71805,4
71806,5
71807,2
71808,8
71809,6
71810,10
71811,7
71812,6
71813,9
71814,7
71815,5
71816,3
71817,5
71818,3
71819,2
71820,5
71821,3
71822,2
71823,7
71824,1
71825,2
71826,2
71827,4
71828,5
71829,2
71830,4
71831,3
71832,3
71833,3
71834,5
71835,3
71836,3
71837,2
71838,4
71839,1
71840,5
71841,5
71842,3
71843,5
71844,2
71845,3
71846,6
71847,6
71848,1
71849,5
71850,3
71851,1
71852,3
71853,4
71854,4
71855,4
71856,3
71857,7
71858,1
71859,5
71860,1
71861,2
71862,5
71863,4
71864,4
71865,4
71866,0
71867,4
71868,2
71869,7
71870,6
71871,7
71872,3
71873,1
71874,4
71875,4
71876,5
71877,1
71878,6
71879,5
71880,3
71881,5
71882,4
71883,9
71884,5
71885,3
71886,6
71887,4
71888,1
71889,4
71890,8
71891,1
71892,5
71893,2
71894,5
71895,5
71896,2
71897,8
71898,5
71899,10
71900,14
71901,7
71902,4
71903,5
71904,11
71905,7
71906,2
71907,5
71908,9
71909,4
71910,7
71911,6
71912,8
71913,5
71914,3
71915,7
71916,4
71917,3
71918,8
71919,3
71920,2
71921,7
71922,6
71923,6
71924,4
71925,5
71926,4
71927,9
71928,3
71929,7
71930,5
71931,5
71932,2
71933,3
71934,6
71935,10
71936,8
71937,6
71938,6
71939,5
71940,4
71941,3
71942,3
71943,3
71944,6
71945,8
71946,1
71947,4
71948,6
71949,4
71950,5
71951,10
71952,1
71953,6
71954,2
71955,4
71956,5
71957,2
71958,5
71959,7
71960,8
71961,8
71962,7
71963,6
71964,3
71965,5
71966,3
71967,3
71968,2
71969,5
71970,5
71971,4
71972,4
71973,3
71974,5
71975,1
71976,5
71977,5
71978,5
71979,4
71980,2
71981,2
71982,3
71983,4
71984,4
71985,6
71986,4
71987,3
71988,5
71989,4
71990,2
71991,4
71992,6
71993,6
71994,2
71995,9
71996,2
71997,8
71998,5
71999,1
72000,9
72001,4
72002,6
72003,7
72004,6
72005,6
72006,11
72007,6
72008,4
72009,8
72010,9
72011,5
72012,10
72013,11
72014,6
72015,7
72016,5
72017,4
72018,5
72019,5
72020,6
72021,4
72022,6
72023,10
72024,8
72025,4
72026,7
72027,10
72028,5
72029,5
72030,9
72031,8
72032,5
72033,8
72034,12
72035,13
72036,5
72037,8
72038,3
72039,7
72040,1
72041,4
72042,2
72043,5
72044,6
72045,4
72046,5
72047,4
72048,2
72049,2
72050,3
72051,4
72052,1
72053,4
72054,2
72055,7
72056,5
72057,2
72058,4
72059,2
72060,5
72061,4
72062,8
72063,1
72064,7
72065,5
72066,5
72067,6
72068,4
72069,5
72070,4
72071,5
72072,7
72073,1
72074,4
72075,5
72076,3
72077,3
72078,5
72079,2
72080,3
72081,3
72082,4
72083,4
72084,5
72085,5
72086,3
72087,7
72088,6
72089,2
72090,6
72091,3
72092,6
72093,3
72094,4
72095,3
72096,3
72097,5
72098,4
72099,2
72100,5
72101,4
72102,2
72103,3
72104,5
72105,2
72106,2
72107,6
72108,3
72109,2
72110,4
72111,9
72112,7
72113,2
72114,4
72115,4
72116,6
72117,4
72118,5
72119,7
72120,6
72121,3
72122,5
72123,1
72124,6
72125,5
72126,4
72127,4
72128,4
72129,4
72130,6
72131,4
72132,6
72133,7
72134,6
72135,5
72136,4
72137,3
72138,6
72139,0
72140,5
72141,4
72142,5
72143,3
72144,7
72145,6
72146,9
72147,5
72148,9
72149,7
72150,10
72151,5
72152,3
72153,5
72154,5
72155,7
72156,6
72157,6
72158,4
72159,7
72160,6
72161,5
72162,6
72163,2
72164,4
72165,4
72166,5
72167,8
72168,4
72169,4
72170,8
72171,4
72172,5
72173,4
72174,6
72175,1
72176,6
72177,5
72178,5
72179,1
72180,4
72181,7
72182,4
72183,5
72184,2
72185,2
72186,6
72187,2
72188,4
72189,8
72190,1
72191,4
72192,4
72193,8
72194,6
72195,6
72196,5
72197,4
72198,5
72199,5
72200,7
72201,3
72202,3
72203,3
72204,7
72205,4
72206,5
72207,6
72208,4
72209,5
72210,5
72211,5
72212,4
72213,3
72214,7
72215,5
72216,4
72217,5
72218,2
72219,6
72220,5
72221,5
72222,8
72223,3
72224,6
72225,4
72226,2
72227,6
72228,9
72229,4
72230,7
72231,8
72232,8
72233,5
72234,6
72235,4
72236,3
72237,9
72238,6
72239,3
72240,10
72241,4
72242,4
72243,7
72244,6
72245,4
72246,3
72247,5
72248,6
72249,4
72250,11
72251,2
72252,4
72253,4
72254,5
72255,4
72256,7
72257,5
72258,5
72259,7
72260,6
72261,8
72262,4
72263,7
72264,9
72265,7
72266,5
72267,9
72268,7
72269,7
72270,6
72271,12
72272,5
72273,5
72274,6
72275,6
72276,1
72277,8
72278,5
72279,2
72280,4
72281,4
72282,5
72283,4
72284,6
72285,3
72286,3
72287,5
72288,5
72289,4
72290,2
72291,4
72292,3
72293,2
72294,1
72295,5
72296,5
72297,4
72298,10
72299,4
72300,7
72301,8
72302,3
72303,4
72304,7
72305,7
72306,5
72307,12
72308,10
72309,11
72310,8
72311,5
72312,8
72313,4
72314,6
72315,10
72316,4
72317,7
72318,6
72319,7
72320,6
72321,10
72322,6
72323,10
72324,5
72325,3
72326,4
72327,3
72328,8
72329,7
72330,12
72331,12
72332,12
72333,10
72334,7
72335,11
72336,8
72337,8
72338,10
72339,5
72340,8
72341,10
72342,9
72343,6
72344,12
72345,11
72346,5
72347,4
72348,7
72349,10
72350,4
72351,6
72352,4
72353,8
72354,4
72355,4
72356,2
72357,6
72358,3
72359,12
72360,3
72361,1
72362,6
72363,4
72364,6
72365,8
72366,2
72367,7
72368,12
72369,7
72370,5
72371,1
72372,6
72373,11
72374,10
72375,6
72376,4
72377,2
72378,5
72379,4
72380,3
72381,4
72382,6
72383,5
72384,4
72385,7
72386,4
72387,5
72388,2
72389,8
72390,4
72391,8
72392,7
72393,2
72394,5
72395,6
72396,6
72397,5
72398,4
72399,3
72400,8
72401,6
72402,6
72403,6
72404,7
72405,5
72406,3
72407,5
72408,8
72409,2
72410,4
72411,9
72412,5
72413,4
72414,9
72415,6
72416,10
72417,5
72418,2
72419,4
72420,6
72421,4
72422,3
72423,6
72424,3
72425,2
72426,5
72427,4
72428,6
72429,1
72430,5
72431,2
72432,6
72433,9
72434,3
72435,4
72436,5
72437,3
72438,2
72439,6
72440,5
72441,4
72442,3
72443,1
72444,4
72445,4
72446,3
72447,3
72448,3
72449,1
72450,4
72451,4
72452,9
72453,7
72454,5
72455,5
72456,3
72457,11
72458,4
72459,8
72460,10
72461,11
72462,8
72463,6
72464,6
72465,7
72466,11
72467,7
72468,8
72469,6
72470,5
72471,5
72472,3
72473,6
72474,2
72475,6
72476,1
72477,4
72478,3
72479,6
72480,3
72481,5
72482,1
72483,12
72484,8
72485,5
72486,4
72487,3
72488,4
72489,5
72490,5
72491,5
72492,4
72493,5
72494,5
72495,5
72496,4
72497,4
72498,7
72499,8
72500,7
72501,11
72502,9
72503,6
72504,5
72505,4
72506,8
72507,5
72508,5
72509,6
72510,6
72511,6
72512,5
72513,4
72514,9
72515,4
72516,9
72517,4
72518,10
72519,6
72520,8
72521,14
72522,14
72523,15
72524,9
72525,6
72526,14
72527,6
72528,4
72529,11
72530,9
72531,7
72532,8
72533,12
72534,10
72535,3
72536,9
72537,4
72538,2
72539,4
72540,4
72541,5
72542,7
72543,4
72544,4
72545,3
72546,4
72547,2
72548,3
72549,3
72550,2
72551,3
72552,5
72553,8
72554,4
72555,5
72556,5
72557,11
72558,4
72559,6
72560,8
72561,7
72562,6
72563,2
72564,6
72565,4
72566,10
72567,5
72568,4
72569,6
72570,5
72571,4
72572,6
72573,3
72574,4
72575,9
72576,9
72577,6
72578,9
72579,7
72580,14
72581,6
72582,5
72583,7
72584,4
72585,8
72586,4
72587,5
72588,5
72589,5
72590,3
72591,5
72592,4
72593,3
72594,3
72595,8
72596,1
72597,2
72598,5
72599,2
72600,7
72601,3
72602,11
72603,7
72604,12
72605,8
72606,7
72607,6
72608,3
72609,5
72610,0
72611,0
72612,2
72613,4
72614,2
72615,6
72616,2
72617,6
72618,4
72619,4
72620,3
72621,3
72622,4
72623,9
72624,8
72625,6
72626,3
72627,4
72628,1
72629,7
72630,6
72631,3
72632,3
72633,2
72634,3
72635,4
72636,8
72637,2
72638,5
72639,2
72640,6
72641,3
72642,8
72643,5
72644,4
72645,4
72646,9
72647,2
72648,3
72649,3
72650,5
72651,10
72652,13
72653,6
72654,5
72655,7
72656,7
72657,4
72658,7
72659,6
72660,6
72661,6
72662,3
72663,3
72664,6
72665,5
72666,7
72667,3
72668,3
72669,3
72670,3
72671,5
72672,2
72673,6
72674,9
72675,5
72676,6
72677,3
72678,3
72679,5
72680,4
72681,4
72682,8
72683,10
72684,9
72685,6
72686,7
72687,11
72688,5
72689,8
72690,4
72691,8
72692,5
72693,6
72694,5
72695,8
72696,2
72697,3
72698,2
72699,1
72700,7
72701,3
72702,6
72703,2
72704,3
72705,2
72706,3
72707,3
72708,6
72709,1
72710,3
72711,5
72712,4
72713,3
72714,3
72715,5
72716,4
72717,3
72718,7
72719,5
72720,4
72721,6
72722,2
72723,5
72724,4
72725,3
72726,2
72727,5
72728,2
72729,3
72730,7
72731,4
72732,5
72733,5
72734,4
72735,6
72736,2
72737,3
72738,3
72739,6
72740,3
72741,3
72742,6
72743,5
72744,4
72745,7
72746,7
72747,7
72748,6
72749,4
72750,3
72751,4
72752,7
72753,3
72754,2
72755,3
72756,1
72757,4
72758,3
72759,6
72760,3
72761,4
72762,4
72763,2
72764,8
72765,4
72766,3
72767,7
72768,5
72769,3
72770,4
72771,7
72772,2
72773,7
72774,4
72775,3
72776,7
72777,5
72778,7
72779,3
72780,5
72781,3
72782,1
72783,5
72784,1
72785,2
72786,4
72787,6
72788,7
72789,3
72790,6
72791,3
72792,5
72793,5
72794,3
72795,5
72796,1
72797,6
72798,4
72799,5
72800,3
72801,2
72802,2
72803,3
72804,2
72805,5
72806,2
72807,5
72808,4
72809,2
72810,5
72811,4
72812,7
72813,5
72814,9
72815,7
72816,4
72817,8
72818,4
72819,13
72820,7
72821,7
72822,6
72823,5
72824,4
72825,9
72826,4
72827,7
72828,2
72829,4
72830,2
72831,4
72832,2
72833,5
72834,1
72835,8
72836,6
72837,6
72838,3
72839,4
72840,7
72841,3
72842,5
72843,4
72844,5
72845,4
72846,3
72847,2
72848,4
72849,0
72850,6
72851,7
72852,4
72853,8
72854,2
72855,6
72856,4
72857,0
72858,6
72859,5
72860,4
72861,4
72862,4
72863,3
72864,5
72865,8
72866,4
72867,7
72868,11
72869,9
72870,8
72871,4
72872,5
72873,1
72874,2
72875,4
72876,4
72877,2
72878,3
72879,4
72880,3
72881,5
72882,5
72883,6
72884,6
72885,3
72886,7
72887,5
72888,9
72889,7
72890,6
72891,5
72892,7
72893,2
72894,4
72895,2
72896,4
72897,5
72898,6
72899,3
72900,5
72901,6
72902,5
72903,6
72904,6
72905,5
72906,2
72907,4
72908,0
72909,5
72910,4
72911,5
72912,5
72913,4
72914,5
72915,8
72916,4
72917,6
72918,9
72919,7
72920,8
72921,10
72922,8
72923,7
72924,7
72925,6
72926,5
72927,4
72928,8
72929,3
72930,1
72931,5
72932,6
72933,5
72934,3
72935,4
72936,4
72937,1
72938,2
72939,2
72940,4
72941,2
72942,6
72943,4
72944,2
72945,4
72946,5
72947,3
72948,4
72949,5
72950,2
72951,5
72952,3
72953,5
72954,1
72955,7
72956,5
72957,3
72958,6
72959,7
72960,2
72961,5
72962,5
72963,10
72964,4
72965,5
72966,2
72967,5
72968,7
72969,6
72970,4
72971,4
72972,1
72973,6
72974,4
72975,4
72976,4
72977,5
72978,5
72979,3
72980,5
72981,3
72982,4
72983,3
72984,4
72985,3
72986,3
72987,3
72988,3
72989,4
72990,2
72991,5
72992,2
72993,4
72994,4
72995,3
72996,4
72997,5
72998,5
72999,3
73000,3
73001,0
73002,7
73003,3
73004,4
73005,3
73006,2
73007,7
73008,3
73009,4
73010,4
73011,4
73012,3
73013,6
73014,2
73015,5
73016,3
73017,4
73018,4
73019,1
73020,7
73021,3
73022,7
73023,4
73024,1
73025,4
73026,2
73027,3
73028,6
73029,3
73030,3
73031,3
73032,2
73033,3
73034,5
73035,3
73036,7
73037,6
73038,1
73039,0
73040,6
73041,3
73042,2
73043,1
73044,4
73045,4
73046,4
73047,5
73048,3
73049,4
73050,3
73051,6
73052,7
73053,4
73054,4
73055,3
73056,3
73057,4
73058,4
73059,6
73060,5
73061,3
73062,8
73063,6
73064,3
73065,4
73066,7
73067,2
73068,7
73069,5
73070,3
73071,6
73072,1
73073,3
73074,1
73075,4
73076,6
73077,6
73078,4
73079,8
73080,6
73081,5
73082,3
73083,4
73084,6
73085,5
73086,6
73087,5
73088,8
73089,6
73090,7
73091,7
73092,9
73093,5
73094,4
73095,3
73096,5
73097,7
73098,1
73099,1
73100,5
73101,3
73102,2
73103,3
73104,1
73105,2
73106,5
73107,4
73108,3
73109,5
73110,2
73111,3
73112,5
73113,4
73114,4
73115,5
73116,5
73117,4
73118,4
73119,3
73120,3
73121,7
73122,6
73123,3
73124,2
73125,7
73126,4
73127,3
73128,5
73129,5
73130,9
73131,7
73132,7
73133,4
73134,7
73135,6
73136,6
73137,4
73138,4
73139,4
73140,6
73141,2
73142,3
73143,3
73144,4
73145,7
73146,5
73147,3
73148,6
73149,5
73150,4
73151,5
73152,7
73153,6
73154,4
73155,4
73156,6
73157,6
73158,5
73159,8
73160,5
73161,3
73162,6
73163,6
73164,6
73165,5
73166,8
73167,3
73168,4
73169,8
73170,6
73171,6
73172,2
73173,2
73174,7
73175,6
73176,6
73177,5
73178,2
73179,2
73180,2
73181,7
73182,5
73183,1
73184,6
73185,4
73186,4
73187,1
73188,3
73189,1
73190,2
73191,1
73192,8
73193,4
73194,6
73195,3
73196,7
73197,1
73198,4
73199,1
73200,4
73201,3
73202,3
73203,3
73204,2
73205,4
73206,3
73207,7
73208,2
73209,2
73210,6
73211,6
73212,1
73213,5
73214,5
73215,6
73216,7
73217,9
73218,6
73219,7
73220,9
73221,6
73222,4
73223,6
73224,7
73225,6
73226,4
73227,5
73228,10
73229,4
73230,3
73231,4
73232,10
73233,2
73234,5
73235,7
73236,7
73237,9
73238,2
73239,2
73240,6
73241,1
73242,2
73243,3
73244,2
73245,3
73246,3
73247,4
73248,6
73249,2
73250,4
73251,3
73252,5
73253,2
73254,3
73255,3
73256,2
73257,1
73258,1
73259,3
73260,6
73261,1
73262,6
73263,5
73264,8
73265,7
73266,4
73267,5
73268,3
73269,6
73270,7
73271,2
73272,4
73273,4
73274,4
73275,2
73276,3
73277,5
73278,3
73279,2
73280,5
73281,4
73282,3
73283,5
73284,1
73285,3
73286,4
73287,1
73288,7
73289,3
73290,4
73291,4
73292,4
73293,7
73294,2
73295,5
73296,1
73297,2
73298,9
73299,6
73300,10
73301,4
73302,7
73303,10
73304,5
73305,8
73306,5
73307,7
73308,8
73309,4
73310,4
73311,4
73312,5
73313,9
73314,4
73315,2
73316,6
73317,4
73318,4
73319,6
73320,5
73321,4
73322,4
73323,5
73324,4
73325,4
73326,3
73327,3
73328,6
73329,5
73330,6
73331,7
73332,2
73333,4
73334,4
73335,6
73336,3
73337,3
73338,6
73339,7
73340,5
73341,10
73342,4
73343,5
73344,6
73345,7
73346,11
73347,5
73348,6
73349,6
73350,5
73351,8
73352,3
73353,5
73354,9
73355,5
73356,4
73357,7
73358,7
73359,8
73360,8
73361,4
73362,4
73363,5
73364,7
73365,8
73366,4
73367,5
73368,5
73369,5
73370,6
73371,3
73372,7
73373,6
73374,7
73375,8
73376,8
73377,6
73378,5
73379,8
73380,3
73381,7
73382,6
73383,5
73384,11
73385,7
73386,5
73387,5
73388,1
73389,4
73390,2
73391,4
73392,5
73393,2
73394,3
73395,3
73396,3
73397,8
73398,2
73399,6
73400,2
73401,7
73402,5
73403,3
73404,4
73405,8
73406,5
73407,7
73408,3
73409,8
73410,10
73411,4
73412,5
73413,4
73414,5
73415,5
73416,2
73417,2
73418,4
73419,4
73420,6
73421,2
73422,2
73423,2
73424,5
73425,1
73426,2
73427,6
73428,4
73429,2
73430,6
73431,4
73432,4
73433,4
73434,2
73435,2
73436,1
73437,5
73438,0
73439,1
73440,1
73441,6
73442,3
73443,5
73444,4
73445,4
73446,2
73447,2
73448,4
73449,5
73450,3
73451,7
73452,10
73453,8
73454,5
73455,7
73456,6
73457,7
73458,5
73459,5
73460,1
73461,1
73462,5
73463,4
73464,2
73465,5
73466,2
73467,3
73468,2
73469,3
73470,3
73471,3
73472,1
73473,4
73474,5
73475,2
73476,3
73477,0
73478,2
73479,3
73480,2
73481,3
73482,1
73483,4
73484,2
73485,4
73486,3
73487,10
73488,7
73489,11
73490,8
73491,11
73492,8
73493,8
73494,6
73495,7
73496,6
73497,4
73498,14
73499,6
73500,8
73501,9
73502,6
73503,5
73504,8
73505,3
73506,3
73507,3
73508,3
73509,4
73510,4
73511,2
73512,7
73513,7
73514,4
73515,7
73516,4
73517,8
73518,2
73519,6
73520,7
73521,2
73522,9
73523,11
73524,7
73525,9
73526,11
73527,8
73528,4
73529,2
73530,5
73531,5
73532,8
73533,2
73534,7
73535,2
73536,6
73537,8
73538,6
73539,8
73540,1
73541,6
73542,11
73543,3
73544,4
73545,6
73546,7
73547,4
73548,7
73549,7
73550,2
73551,5
73552,6
73553,10
73554,8
73555,3
73556,5
73557,6
73558,2
73559,6
73560,8
73561,3
73562,2
73563,4
73564,4
73565,3
73566,3
73567,3
73568,5
73569,4
73570,3
73571,3
73572,3
73573,0
73574,4
73575,6
73576,5
73577,3
73578,4
73579,6
73580,2
73581,5
73582,5
73583,2
73584,4
73585,2
73586,6
73587,3
73588,4
73589,3
73590,3
73591,3
73592,2
73593,5
73594,4
73595,4
73596,3
73597,6
73598,6
73599,2
73600,3
73601,2
73602,3
73603,6
73604,5
73605,5
73606,4
73607,4
73608,5
73609,6
73610,5
73611,6
73612,5
73613,8
73614,3
73615,1
73616,4
73617,3
73618,5
73619,5
73620,3
73621,4
73622,4
73623,5
73624,7
73625,3
73626,3
73627,5
73628,3
73629,5
73630,3
73631,4
73632,5
73633,4
73634,5
73635,3
73636,5
73637,4
73638,7
73639,2
73640,5
73641,3
73642,6
73643,3
73644,4
73645,4
73646,6
73647,3
73648,7
73649,5
73650,4
73651,6
73652,4
73653,4
73654,4
73655,6
73656,3
73657,4
73658,3
73659,4
73660,4
73661,2
73662,3
73663,4
73664,4
73665,1
73666,5
73667,5
73668,9
73669,3
73670,3
73671,6
73672,6
73673,2
73674,8
73675,3
73676,3
73677,5
73678,6
73679,2
73680,3
73681,6
73682,5
73683,4
73684,4
73685,3
73686,2
73687,8
73688,3
73689,1
73690,4
73691,4
73692,5
73693,4
73694,1
73695,3
73696,5
73697,3
73698,2
73699,3
73700,4
73701,2
73702,1
73703,3
73704,2
73705,4
73706,2
73707,5
73708,2
73709,3
73710,6
73711,3
73712,3
73713,3
73714,3
73715,4
73716,2
73717,1
73718,3
73719,2
73720,4
73721,5
73722,4
73723,3
73724,6
73725,9
73726,1
73727,6
73728,5
73729,8
73730,3
73731,4
73732,5
73733,2
73734,1
73735,2
73736,2
73737,2
73738,8
73739,1
73740,3
73741,9
73742,4
73743,10
73744,10
73745,8
73746,4
73747,8
73748,8
73749,8
73750,4
73751,3
73752,1
73753,4
73754,11
73755,5
73756,8
73757,11
73758,4
73759,9
73760,9
73761,10
73762,13
73763,3
73764,5
73765,4
73766,1
73767,3
73768,5
73769,1
73770,8
73771,3
73772,2
73773,3
73774,2
73775,2
73776,3
73777,5
73778,4
73779,3
73780,6
73781,9
73782,7
73783,9
73784,4
73785,5
73786,4
73787,4
73788,8
73789,3
73790,1
73791,4
73792,3
73793,4
73794,5
73795,5
73796,2
73797,7
73798,4
73799,5
73800,6
73801,5
73802,5
73803,3
73804,5
73805,8
73806,6
73807,8
73808,9
73809,6
73810,3
73811,6
73812,5
73813,7
73814,8
73815,3
73816,8
73817,6
73818,6
73819,5
73820,8
73821,5
73822,1
73823,8
73824,6
73825,3
73826,10
73827,5
73828,5
73829,12
73830,11
73831,7
73832,10
73833,8
73834,3
73835,1
73836,4
73837,4
73838,3
73839,4
73840,3
73841,6
73842,4
73843,5
73844,9
73845,2
73846,6
73847,4
73848,5
73849,6
73850,5
73851,9
73852,6
73853,5
73854,3
73855,6
73856,5
73857,6
73858,3
73859,5
73860,3
73861,3
73862,2
73863,3
73864,3
73865,3
73866,4
73867,4
73868,4
73869,2
73870,2
73871,0
73872,4
73873,0
73874,4
73875,3
73876,4
73877,3
73878,2
73879,4
73880,7
73881,4
73882,2
73883,4
73884,1
73885,1
73886,3
73887,4
73888,4
73889,3
73890,2
73891,2
73892,3
73893,4
73894,3
73895,1
73896,3
73897,2
73898,1
73899,2
73900,2
73901,2
73902,1
73903,1
73904,2
73905,2
73906,2
73907,4
73908,1
73909,4
73910,4
73911,0
73912,6
73913,5
73914,4
73915,5
73916,4
73917,4
73918,3
73919,4
73920,4
73921,3
73922,5
73923,2
73924,9
73925,2
73926,4
73927,2
73928,4
73929,1
73930,2
73931,3
73932,4
73933,2
73934,3
73935,4
73936,5
73937,4
73938,4
73939,2
73940,5
73941,3
73942,2
73943,3
73944,6
73945,4
73946,3
73947,2
73948,4
73949,6
73950,4
73951,1
73952,6
73953,3
73954,5
73955,5
73956,5
73957,6
73958,3
73959,8
73960,6
73961,8
73962,7
73963,6
73964,7
73965,6
73966,6
73967,9
73968,1
73969,8
73970,6
73971,2
73972,6
73973,6
73974,7
73975,5
73976,5
73977,2
73978,3
73979,8
73980,5
73981,2
73982,1
73983,5
73984,5
73985,3
73986,4
73987,6
73988,3
73989,10
73990,3
73991,3
73992,4
73993,6
73994,3
73995,4
73996,3
73997,6
73998,5
73999,4
74000,2
74001,2
74002,3
74003,5
74004,3
74005,0
74006,3
74007,5
74008,3
74009,2
74010,1
74011,2
74012,4
74013,5
74014,2
74015,3
74016,3
74017,2
74018,4
74019,4
74020,3
74021,4
74022,4
74023,4
74024,3
74025,4
74026,3
74027,1
74028,2
74029,4
74030,0
74031,0
74032,0
74033,4
74034,1
74035,1
74036,2
74037,3
74038,2
74039,1
74040,2
74041,4
74042,3
74043,2
74044,4
74045,3
74046,3
74047,4
74048,3
74049,2
74050,2
74051,2
74052,2
74053,1
74054,3
74055,2
74056,2
74057,4
74058,4
74059,3
74060,4
74061,0
74062,3
74063,2
74064,1
74065,1
74066,3
74067,4
74068,2
74069,1
74070,4
74071,2
74072,4
74073,4
74074,1
74075,2
74076,1
74077,2
74078,4
74079,1
74080,4
74081,3
74082,2
74083,3
74084,2
74085,2
74086,4
74087,3
74088,2
74089,7
74090,2
74091,5
74092,5
74093,3
74094,5
74095,2
74096,1
74097,4
74098,3
74099,2
74100,2
74101,3
74102,4
74103,3
74104,2
74105,3
74106,1
74107,6
74108,3
74109,4
74110,4
74111,6
74112,5
74113,6
74114,4
74115,3
74116,9
74117,4
74118,6
74119,9
74120,3
74121,5
74122,3
74123,6
74124,9
74125,6
74126,3
74127,7
74128,4
74129,9
74130,8
74131,6
74132,4
74133,3
74134,2
74135,2
74136,6
74137,4
74138,9
74139,8
74140,6
74141,5
74142,7
74143,4
74144,3
74145,2
74146,1
74147,4
74148,2
74149,3
74150,3
74151,2
74152,1
74153,5
74154,2
74155,1
74156,2
74157,2
74158,1
74159,1
74160,8
74161,2
74162,3
74163,3
74164,4
74165,5
74166,0
74167,5
74168,2
74169,4
74170,5
74171,6
74172,5
74173,7
74174,4
74175,3
74176,1
74177,2
74178,4
74179,5
74180,7
74181,6
74182,2
74183,2
74184,1
74185,2
74186,1
74187,1
74188,1
74189,1
74190,0
74191,4
74192,4
74193,7
74194,1
74195,0
74196,1
74197,1
74198,2
74199,4
74200,3
74201,6
74202,1
74203,4
74204,3
74205,5
74206,3
74207,7
74208,4
74209,7
74210,3
74211,4
74212,2
74213,5
74214,7
74215,9
74216,11
74217,3
74218,3
74219,4
74220,3
74221,3
74222,8
74223,5
74224,3
74225,4
74226,3
74227,1
74228,3
74229,5
74230,2
74231,6
74232,4
74233,2
74234,5
74235,2
74236,3
74237,3
74238,5
74239,7
74240,2
74241,4
74242,1
74243,2
74244,2
74245,1
74246,1
74247,2
74248,2
74249,3
74250,3
74251,3
74252,2
74253,4
74254,4
74255,4
74256,7
74257,5
74258,0
74259,4
74260,3
74261,4
74262,5
74263,4
74264,2
74265,9
74266,7
74267,2
74268,2
74269,2
74270,1
74271,3
74272,3
74273,4
74274,4
74275,2
74276,3
74277,3
74278,1
74279,2
74280,5
74281,0
74282,2
74283,6
74284,1
74285,2
74286,2
74287,5
74288,0
74289,3
74290,1
74291,4
74292,2
74293,2
74294,4
74295,1
74296,4
74297,2
74298,4
74299,2
74300,2
74301,4
74302,0
74303,3
74304,3
74305,2
74306,4
74307,3
74308,1
74309,3
74310,3
74311,3
74312,3
74313,3
74314,4
74315,2
74316,5
74317,5
74318,8
74319,6
74320,3
74321,5
74322,2
74323,3
74324,6
74325,5
74326,4
74327,7
74328,5
74329,0
74330,4
74331,3
74332,1
74333,2
74334,4
74335,0
74336,5
74337,4
74338,5
74339,5
74340,3
74341,5
74342,6
74343,4
74344,6
74345,7
74346,3
74347,3
74348,5
74349,3
74350,1
74351,3
74352,3
74353,2
74354,7
74355,2
74356,5
74357,4
74358,4
74359,2
74360,3
74361,2
74362,1
74363,2
74364,4
74365,1
74366,4
74367,3
74368,3
74369,7
74370,0
74371,2
74372,2
74373,1
74374,2
74375,3
74376,0
74377,1
74378,2
74379,4
74380,4
74381,1
74382,3
74383,3
74384,3
74385,5
74386,3
74387,3
74388,3
74389,2
74390,0
74391,0
74392,2
74393,1
74394,3
74395,5
74396,3
74397,3
74398,2
74399,1
74400,2
74401,2
74402,6
74403,2
74404,5
74405,4
74406,4
74407,3
74408,5
74409,4
74410,3
74411,7
74412,0
74413,3
74414,4
74415,3
74416,9
74417,2
74418,2
74419,1
74420,3
74421,2
74422,4
74423,3
74424,4
74425,1
74426,2
74427,1
74428,3
74429,5
74430,1
74431,1
74432,2
74433,2
74434,6
74435,3
74436,1
74437,3
74438,3
74439,3
74440,0
74441,2
74442,3
74443,2
74444,4
74445,4
74446,3
74447,4
74448,5
74449,2
74450,4
74451,3
74452,4
74453,1
74454,6
74455,4
74456,2
74457,4
74458,4
74459,5
74460,3
74461,4
74462,6
74463,5
74464,0
74465,6
74466,2
74467,3
74468,4
74469,2
74470,2
74471,5
74472,7
74473,3
74474,1
74475,9
74476,5
74477,4
74478,2
74479,2
74480,4
74481,7
74482,7
74483,6
74484,5
74485,5
74486,4
74487,3
74488,2
74489,6
74490,1
74491,7
74492,5
74493,2
74494,8
74495,2
74496,2
74497,5
74498,2
74499,6
74500,4
74501,2
74502,6
74503,5
74504,6
74505,3
74506,1
74507,1
74508,3
74509,3
74510,4
74511,0
74512,4
74513,6
74514,6
74515,3
74516,2
74517,3
74518,2
74519,4
74520,1
74521,3
74522,2
74523,2
74524,1
74525,3
74526,1
74527,3
74528,2
74529,2
74530,2
74531,5
74532,1
74533,4
74534,6
74535,6
74536,3
74537,4
74538,7
74539,1
74540,3
74541,6
74542,2
74543,2
74544,6
74545,4
74546,2
74547,2
74548,2
74549,2
74550,4
74551,3
74552,2
74553,2
74554,3
74555,7
74556,7
74557,7
74558,6
74559,4
74560,2
74561,2
74562,3
74563,6
74564,2
74565,3
74566,2
74567,3
74568,1
74569,1
74570,7
74571,0
74572,4
74573,2
74574,2
74575,1
74576,3
74577,6
74578,1
74579,4
74580,4
74581,3
74582,4
74583,4
74584,9
74585,1
74586,4
74587,2
74588,4
74589,6
74590,2
74591,0
74592,5
74593,2
74594,5
74595,6
74596,4
74597,2
74598,6
74599,1
74600,2
74601,3
74602,2
74603,5
74604,3
74605,4
74606,4
74607,7
74608,4
74609,8
74610,7
74611,8
74612,5
74613,3
74614,6
74615,6
74616,4
74617,4
74618,3
74619,1
74620,5
74621,5
74622,3
74623,3
74624,1
74625,2
74626,4
74627,3
74628,7
74629,0
74630,4
74631,2
74632,2
74633,4
74634,2
74635,1
74636,8
74637,2
74638,1
74639,5
74640,5
74641,4
74642,4
74643,6
74644,6
74645,5
74646,5
74647,6
74648,7
74649,9
74650,4
74651,8
74652,5
74653,4
74654,2
74655,3
74656,2
74657,4
74658,4
74659,6
74660,5
74661,4
74662,4
74663,1
74664,5
74665,5
74666,1
74667,5
74668,2
74669,6
74670,2
74671,1
74672,2
74673,2
74674,2
74675,4
74676,2
74677,3
74678,0
74679,3
74680,3
74681,4
74682,1
74683,3
74684,6
74685,3
74686,4
74687,4
74688,4
74689,9
74690,2
74691,3
74692,2
74693,3
74694,4
74695,3
74696,2
74697,4
74698,3
74699,3
74700,2
74701,3
74702,0
74703,2
74704,2
74705,2
74706,4
74707,3
74708,4
74709,2
74710,1
74711,4
74712,1
74713,8
74714,6
74715,7
74716,5
74717,0
74718,4
74719,4
74720,3
74721,3
74722,3
74723,4
74724,4
74725,5
74726,6
74727,6
74728,8
74729,6
74730,4
74731,5
74732,4
74733,4
74734,2
74735,6
74736,6
74737,6
74738,8
74739,4
74740,2
74741,4
74742,5
74743,7
74744,2
74745,7
74746,3
74747,2
74748,2
74749,6
74750,4
74751,1
74752,5
74753,3
74754,3
74755,2
74756,3
74757,2
74758,4
74759,4
74760,4
74761,1
74762,7
74763,5
74764,6
74765,3
74766,6
74767,4
74768,6
74769,5
74770,4
74771,5
74772,2
74773,2
74774,3
74775,5
74776,2
74777,6
74778,3
74779,6
74780,7
74781,5
74782,5
74783,6
74784,5
74785,9
74786,3
74787,7
74788,8
74789,7
74790,4
74791,1
74792,5
74793,6
74794,5
74795,2
74796,5
74797,3
74798,1
74799,4
74800,4
74801,1
74802,1
74803,5
74804,7
74805,5
74806,1
74807,2
74808,3
74809,2
74810,6
74811,4
74812,7
74813,4
74814,5
74815,8
74816,8
74817,7
74818,3
74819,9
74820,6
74821,3
74822,2
74823,3
74824,6
74825,5
74826,8
74827,6
74828,4
74829,3
74830,3
74831,0
74832,3
74833,3
74834,3
74835,4
74836,4
74837,3
74838,2
74839,3
74840,3
74841,4
74842,3
74843,7
74844,1
74845,8
74846,3
74847,9
74848,2
74849,5
74850,5
74851,3
74852,5
74853,2
74854,9
74855,4
74856,1
74857,7
74858,4
74859,4
74860,2
74861,5
74862,2
74863,5
74864,5
74865,4
74866,5
74867,2
74868,5
74869,5
74870,8
74871,6
74872,6
74873,5
74874,5
74875,7
74876,6
74877,2
74878,2
74879,5
74880,4
74881,3
74882,3
74883,6
74884,5
74885,1
74886,8
74887,4
74888,3
74889,6
74890,5
74891,5
74892,3
74893,8
74894,5
74895,5
74896,5
74897,7
74898,5
74899,6
74900,8
74901,2
74902,7
74903,2
74904,5
74905,3
74906,8
74907,5
74908,8
74909,8
74910,5
74911,9
74912,9
74913,3
74914,2
74915,5
74916,6
74917,8
74918,11
74919,5
74920,6
74921,10
74922,4
74923,1
74924,3
74925,4
74926,3
74927,1
74928,1
74929,2
74930,7
74931,5
74932,3
74933,3
74934,5
74935,4
74936,7
74937,2
74938,2
74939,6
74940,3
74941,5
74942,3
74943,5
74944,0
74945,6
74946,5
74947,2
74948,5
74949,2
74950,4
74951,3
74952,2
74953,1
74954,3
74955,5
74956,3
74957,1
74958,3
74959,2
74960,2
74961,4
74962,4
74963,1
74964,1
74965,4
74966,4
74967,3
74968,4
74969,2
74970,5
74971,10
74972,3
74973,2
74974,1
74975,3
74976,2
74977,3
74978,2
74979,4
74980,4
74981,4
74982,3
74983,3
74984,2
74985,8
74986,9
74987,4
74988,5
74989,1
74990,2
74991,3
74992,4
74993,2
74994,4
74995,4
74996,2
74997,6
74998,3
74999,3
75000,2
75001,3
75002,3
75003,5
75004,3
75005,5
75006,0
75007,3
75008,1
75009,3
75010,0
75011,3
75012,5
75013,3
75014,5
75015,4
75016,2
75017,4
75018,1
75019,2
75020,3
75021,2
75022,6
75023,2
75024,4
75025,6
75026,2
75027,3
75028,4
75029,5
75030,5
75031,6
75032,1
75033,4
75034,2
75035,5
75036,1
75037,3
75038,1
75039,1
75040,3
75041,3
75042,4
75043,6
75044,2
75045,1
75046,5
75047,2
75048,2
75049,2
75050,2
75051,3
75052,3
75053,3
75054,1
75055,3
75056,2
75057,3
75058,2
75059,2
75060,3
75061,4
75062,2
75063,3
75064,3
75065,2
75066,2
75067,1
75068,1
75069,0
75070,0
75071,3
75072,1
75073,2
75074,4
75075,2
75076,1
75077,2
75078,0
75079,5
75080,4
75081,3
75082,4
75083,7
75084,5
75085,6
75086,6
75087,9
75088,9
75089,10
75090,6
75091,6
75092,3
75093,3
75094,5
75095,3
75096,4
75097,5
75098,3
75099,5
75100,6
75101,4
75102,6
75103,4
75104,5
75105,3
75106,5
75107,7
75108,7
75109,9
75110,1
75111,4
75112,4
75113,3
75114,3
75115,5
75116,3
75117,0
75118,3
75119,3
75120,0
75121,6
75122,5
75123,4
75124,5
75125,2
75126,5
75127,2
75128,5
75129,2
75130,0
75131,3
75132,3
75133,3
75134,4
75135,3
75136,1
75137,4
75138,4
75139,3
75140,2
75141,3
75142,4
75143,1
75144,2
75145,2
75146,5
75147,3
75148,2
75149,5
75150,4
75151,0
75152,2
75153,6
75154,0
75155,6
75156,1
75157,3
75158,1
75159,2
75160,1
75161,3
75162,3
75163,1
75164,2
75165,2
75166,2
75167,1
75168,2
75169,4
75170,3
75171,3
75172,3
75173,3
75174,2
75175,4
75176,2
75177,5
75178,2
75179,2
75180,3
75181,2
75182,1
75183,4
75184,5
75185,3
75186,4
75187,1
75188,4
75189,2
75190,3
75191,2
75192,2
75193,4
75194,2
75195,3
75196,4
75197,4
75198,6
75199,5
75200,2
75201,4
75202,3
75203,5
75204,3
75205,5
75206,3
75207,2
75208,8
75209,5
75210,3
75211,5
75212,3
75213,3
75214,2
75215,5
75216,4
75217,4
75218,5
75219,5
75220,8
75221,6
75222,3
75223,7
75224,5
75225,8
75226,6
75227,8
75228,7
75229,4
75230,1
75231,6
75232,8
75233,2
75234,4
75235,4
75236,4
75237,6
75238,3
75239,3
75240,6
75241,5
75242,5
75243,5
75244,8
75245,8
75246,6
75247,4
75248,7
75249,5
75250,3
75251,5
75252,4
75253,1
75254,2
75255,8
75256,2
75257,4
75258,1
75259,3
75260,3
75261,6
75262,4
75263,5
75264,5
75265,3
75266,2
75267,3
75268,4
75269,4
75270,3
75271,5
75272,7
75273,2
75274,5
75275,4
75276,3
75277,4
75278,5
75279,3
75280,2
75281,3
75282,6
75283,1
75284,4
75285,1
75286,2
75287,2
75288,2
75289,4
75290,4
75291,0
75292,3
75293,6
75294,2
75295,4
75296,4
75297,3
75298,2
75299,2
75300,5
75301,3
75302,4
75303,3
75304,3
75305,1
75306,3
75307,4
75308,4
75309,1
75310,5
75311,2
75312,1
75313,1
75314,1
75315,2
75316,2
75317,3
75318,2
75319,0
75320,3
75321,1
75322,3
75323,3
75324,2
75325,6
75326,2
75327,2
75328,3
75329,3
75330,9
75331,2
75332,2
75333,3
75334,2
75335,5
75336,3
75337,9
75338,3
75339,4
75340,3
75341,6
75342,4
75343,4
75344,3
75345,0
75346,4
75347,2
75348,8
75349,8
75350,5
75351,5
75352,0
75353,7
75354,8
75355,5
75356,0
75357,3
75358,6
75359,5
75360,3
75361,3
75362,6
75363,2
75364,6
75365,4
75366,2
75367,5
75368,7
75369,5
75370,2
75371,7
75372,3
75373,6
75374,3
75375,3
75376,10
75377,2
75378,5
75379,4
75380,8
75381,10
75382,8
75383,3
75384,8
75385,9
75386,8
75387,7
75388,4
75389,5
75390,5
75391,9
75392,2
75393,4
75394,4
75395,3
75396,0
75397,7
75398,1
75399,3
75400,5
75401,2
75402,5
75403,5
75404,2
75405,2
75406,3
75407,1
75408,6
75409,2
75410,1
75411,3
75412,3
75413,1
75414,4
75415,11
75416,4
75417,1
75418,7
75419,5
75420,5
75421,3
75422,5
75423,3
75424,3
75425,1
75426,4
75427,2
75428,1
75429,0
75430,0
75431,2
75432,1
75433,4
75434,2
75435,2
75436,1
75437,4
75438,2
75439,1
75440,2
75441,6
75442,5
75443,3
75444,3
75445,2
75446,3
75447,3
75448,4
75449,3
75450,1
75451,4
75452,0
75453,7
75454,3
75455,2
75456,4
75457,2
75458,7
75459,5
75460,1
75461,6
75462,2
75463,3
75464,4
75465,2
75466,4
75467,2
75468,2
75469,3
75470,1
75471,7
75472,3
75473,8
75474,5
75475,1
75476,6
75477,9
75478,4
75479,4
75480,6
75481,5
75482,5
75483,5
75484,7
75485,6
75486,10
75487,5
75488,8
75489,4
75490,3
75491,5
75492,3
75493,2
75494,5
75495,4
75496,6
75497,5
75498,3
75499,5
75500,5
75501,2
75502,4
75503,6
75504,3
75505,6
75506,9
75507,9
75508,8
75509,2
75510,4
75511,8
75512,6
75513,6
75514,8
75515,3
75516,5
75517,3
75518,4
75519,8
75520,7
75521,8
75522,10
75523,5
75524,8
75525,7
75526,6
75527,2
75528,3
75529,4
75530,3
75531,1
75532,6
75533,9
75534,7
75535,2
75536,9
75537,13
75538,13
75539,11
75540,3
75541,3
75542,4
75543,4
75544,4
75545,3
75546,3
75547,1
75548,2
75549,3
75550,2
75551,3
75552,2
75553,4
75554,3
75555,4
75556,1
75557,3
75558,3
75559,0
75560,5
75561,3
75562,4
75563,4
75564,5
75565,6
75566,4
75567,4
75568,5
75569,1
75570,3
75571,3
75572,1
75573,3
75574,5
75575,5
75576,4
75577,5
75578,6
75579,3
75580,6
75581,6
75582,3
75583,5
75584,4
75585,4
75586,3
75587,7
75588,6
75589,13
75590,7
75591,6
75592,7
75593,3
75594,3
75595,4
75596,1
75597,4
75598,3
75599,3
75600,6
75601,6
75602,7
75603,1
75604,5
75605,2
75606,3
75607,3
75608,3
75609,2
75610,6
75611,4
75612,3
75613,3
75614,9
75615,5
75616,4
75617,4
75618,5
75619,1
75620,3
75621,4
75622,2
75623,4
75624,7
75625,2
75626,6
75627,6
75628,4
75629,4
75630,1
75631,6
75632,2
75633,5
75634,5
75635,3
75636,2
75637,4
75638,4
75639,4
75640,7
75641,6
75642,5
75643,7
75644,3
75645,3
75646,4
75647,1
75648,7
75649,3
75650,3
75651,3
75652,1
75653,5
75654,4
75655,8
75656,4
75657,1
75658,2
75659,6
75660,3
75661,4
75662,4
75663,3
75664,7
75665,6
75666,3
75667,6
75668,6
75669,6
75670,5
75671,5
75672,5
75673,3
75674,4
75675,7
75676,5
75677,4
75678,3
75679,6
75680,4
75681,5
75682,4
75683,6
75684,3
75685,7
75686,4
75687,6
75688,4
75689,7
75690,8
75691,10
75692,6
75693,5
75694,2
75695,3
75696,5
75697,1
75698,2
75699,4
75700,4
75701,3
75702,2
75703,2
75704,4
75705,5
75706,3
75707,6
75708,6
75709,0
75710,4
75711,4
75712,2
75713,8
75714,5
75715,6
75716,7
75717,3
75718,5
75719,3
75720,4
75721,4
75722,4
75723,5
75724,6
75725,6
75726,5
75727,2
75728,8
75729,6
75730,5
75731,3
75732,3
75733,4
75734,6
75735,2
75736,3
75737,5
75738,6
75739,4
75740,2
75741,1
75742,4
75743,5
75744,1
75745,4
75746,2
75747,3
75748,4
75749,5
75750,4
75751,2
75752,4
75753,5
75754,4
75755,3
75756,5
75757,4
75758,2
75759,3
75760,5
75761,6
75762,2
75763,2
75764,5
75765,3
75766,5
75767,7
75768,2
75769,6
75770,4
75771,2
75772,5
75773,1
75774,2
75775,4
75776,7
75777,5
75778,2
75779,5
75780,7
75781,1
75782,3
75783,4
75784,2
75785,4
75786,2
75787,2
75788,4
75789,3
75790,2
75791,2
75792,3
75793,3
75794,5
75795,2
75796,4
75797,3
75798,4
75799,3
75800,4
75801,4
75802,5
75803,3
75804,4
75805,4
75806,6
75807,3
75808,6
75809,8
75810,2
75811,7
75812,6
75813,5
75814,8
75815,4
75816,7
75817,5
75818,6
75819,8
75820,2
75821,7
75822,6
75823,9
75824,7
75825,8
75826,7
75827,1
75828,4
75829,3
75830,4
75831,4
75832,7
75833,3
75834,10
75835,2
75836,9
75837,2
75838,1
75839,5
75840,5
75841,3
75842,4
75843,5
75844,6
75845,4
75846,4
75847,4
75848,3
75849,0
75850,4
75851,2
75852,2
75853,2
75854,5
75855,3
75856,1
75857,5
75858,7
75859,3
75860,6
75861,2
75862,3
75863,5
75864,6
75865,3
75866,8
75867,8
75868,6
75869,7
75870,6
75871,6
75872,4
75873,7
75874,3
75875,2
75876,3
75877,7
75878,8
75879,6
75880,7
75881,11
75882,10
75883,7
75884,8
75885,8
75886,9
75887,10
75888,6
75889,2
75890,1
75891,1
75892,5
75893,1
75894,6
75895,4
75896,8
75897,7
75898,7
75899,5
75900,4
75901,4
75902,4
75903,2
75904,4
75905,2
75906,2
75907,2
75908,6
75909,3
75910,3
75911,2
75912,3
75913,2
75914,2
75915,7
75916,6
75917,3
75918,4
75919,2
75920,0
75921,4
75922,2
75923,4
75924,3
75925,2
75926,1
75927,4
75928,3
75929,5
75930,3
75931,1
75932,1
75933,3
75934,2
75935,4
75936,5
75937,3
75938,1
75939,2
75940,1
75941,3
75942,1
75943,4
75944,2
75945,3
75946,2
75947,1
75948,4
75949,2
75950,2
75951,5
75952,1
75953,3
75954,3
75955,4
75956,2
75957,4
75958,4
75959,3
75960,2
75961,4
75962,4
75963,3
75964,4
75965,3
75966,1
75967,4
75968,1
75969,0
75970,4
75971,4
75972,6
75973,3
75974,5
75975,5
75976,5
75977,3
75978,4
75979,2
75980,4
75981,4
75982,1
75983,5
75984,5
75985,5
75986,4
75987,4
75988,4
75989,6
75990,4
75991,2
75992,1
75993,3
75994,2
75995,6
75996,5
75997,4
75998,4
75999,6
76000,2
76001,5
76002,4
76003,3
76004,7
76005,4
76006,4
76007,4
76008,3
76009,5
76010,7
76011,7
76012,0
76013,6
76014,7
76015,6
76016,8
76017,5
76018,3
76019,4
76020,4
76021,6
76022,4
76023,5
76024,4
76025,2
76026,6
76027,7
76028,6
76029,7
76030,7
76031,8
76032,5
76033,4
76034,4
76035,4
76036,6
76037,7
76038,4
76039,6
76040,1
76041,7
76042,3
76043,4
76044,2
76045,2
76046,8
76047,3
76048,4
76049,3
76050,7
76051,7
76052,6
76053,7
76054,8
76055,8
76056,10
76057,5
76058,10
76059,3
76060,8
76061,4
76062,4
76063,3
76064,5
76065,2
76066,6
76067,5
76068,8
76069,5
76070,2
76071,4
76072,4
76073,1
76074,9
76075,4
76076,6
76077,4
76078,3
76079,4
76080,5
76081,5
76082,0
76083,2
76084,6
76085,4
76086,2
76087,4
76088,7
76089,1
76090,0
76091,1
76092,3
76093,2
76094,1
76095,3
76096,3
76097,4
76098,1
76099,1
76100,3
76101,4
76102,2
76103,7
76104,3
76105,6
76106,5
76107,4
76108,2
76109,9
76110,9
76111,6
76112,4
76113,4
76114,7
76115,5
76116,3
76117,6
76118,2
76119,1
76120,3
76121,3
76122,4
76123,5
76124,2
76125,1
76126,6
76127,3
76128,4
76129,0
76130,3
76131,3
76132,5
76133,2
76134,7
76135,6
76136,6
76137,7
76138,9
76139,7
76140,5
76141,2
76142,5
76143,5
76144,3
76145,5
76146,6
76147,2
76148,2
76149,3
76150,3
76151,4
76152,2
76153,4
76154,7
76155,7
76156,3
76157,6
76158,3
76159,4
76160,4
76161,5
76162,5
76163,2
76164,4
76165,7
76166,3
76167,6
76168,6
76169,6
76170,5
76171,3
76172,6
76173,3
76174,2
76175,6
76176,7
76177,3
76178,4
76179,6
76180,4
76181,7
76182,6
76183,5
76184,6
76185,7
76186,4
76187,8
76188,6
76189,9
76190,9
76191,6
76192,3
76193,4
76194,2
76195,0
76196,2
76197,0
76198,2
76199,5
76200,3
76201,2
76202,1
76203,6
76204,3
76205,3
76206,2
76207,2
76208,2
76209,3
76210,2
76211,3
76212,3
76213,3
76214,5
76215,4
76216,3
76217,6
76218,5
76219,7
76220,6
76221,3
76222,11
76223,7
76224,2
76225,6
76226,5
76227,1
76228,7
76229,0
76230,8
76231,6
76232,4
76233,5
76234,6
76235,5
76236,9
76237,5
76238,7
76239,4
76240,0
76241,7
76242,3
76243,2
76244,4
76245,2
76246,4
76247,0
76248,3
76249,2
76250,6
76251,2
76252,2
76253,2
76254,4
76255,2
76256,3
76257,3
76258,5
76259,4
76260,4
76261,2
76262,1
76263,5
76264,3
76265,3
76266,3
76267,3
76268,4
76269,5
76270,2
76271,3
76272,1
76273,3
76274,5
76275,5
76276,4
76277,0
76278,4
76279,3
76280,2
76281,3
76282,3
76283,5
76284,5
76285,2
76286,2
76287,3
76288,3
76289,3
76290,3
76291,4
76292,1
76293,3
76294,4
76295,2
76296,4
76297,2
76298,2
76299,3
76300,3
76301,7
76302,4
76303,3
76304,1
76305,6
76306,5
76307,7
76308,8
76309,4
76310,5
76311,3
76312,5
76313,3
76314,5
76315,8
76316,7
76317,9
76318,5
76319,6
76320,3
76321,3
76322,2
76323,4
76324,0
76325,5
76326,2
76327,3
76328,2
76329,4
76330,3
76331,6
76332,4
76333,4
76334,5
76335,3
76336,5
76337,5
76338,5
76339,1
76340,7
76341,5
76342,1
76343,6
76344,3
76345,1
76346,2
76347,3
76348,5
76349,2
76350,3
76351,2
76352,4
76353,3
76354,1
76355,4
76356,2
76357,4
76358,5
76359,2
76360,5
76361,8
76362,2
76363,9
76364,3
76365,6
76366,5
76367,2
76368,4
76369,7
76370,2
76371,4
76372,4
76373,4
76374,5
76375,4
76376,3
76377,4
76378,2
76379,7
76380,3
76381,5
76382,4
76383,4
76384,9
76385,6
76386,10
76387,5
76388,5
76389,8
76390,5
76391,7
76392,7
76393,7
76394,4
76395,5
76396,4
76397,6
76398,2
76399,4
76400,2
76401,6
76402,3
76403,4
76404,1
76405,5
76406,3
76407,7
76408,4
76409,2
76410,8
76411,4
76412,5
76413,3
76414,9
76415,5
76416,5
76417,9
76418,6
76419,9
76420,7
76421,6
76422,7
76423,8
76424,3
76425,4
76426,7
76427,5
76428,4
76429,6
76430,4
76431,4
76432,5
76433,3
76434,2
76435,5
76436,2
76437,3
76438,6
76439,7
76440,6
76441,6
76442,7
76443,3
76444,7
76445,8
76446,5
76447,7
76448,8
76449,4
76450,5
76451,2
76452,5
76453,7
76454,3
76455,4
76456,3
76457,7
76458,3
76459,5
76460,2
76461,4
76462,2
76463,3
76464,3
76465,3
76466,1
76467,3
76468,1
76469,5
76470,0
76471,4
76472,0
76473,4
76474,2
76475,0
76476,3
76477,4
76478,1
76479,1
76480,5
76481,2
76482,2
76483,6
76484,2
76485,0
76486,4
76487,3
76488,3
76489,4
76490,4
76491,2
76492,3
76493,0
76494,1
76495,2
76496,4
76497,2
76498,4
76499,2
76500,5
76501,1
76502,2
76503,1
76504,4
76505,5
76506,1
76507,1
76508,1
76509,3
76510,0
76511,4
76512,3
76513,1
76514,1
76515,4
76516,4
76517,2
76518,1
76519,5
76520,8
76521,6
76522,2
76523,4
76524,4
76525,11
76526,6
76527,5
76528,3
76529,1
76530,6
76531,3
76532,3
76533,3
76534,5
76535,2
76536,3
76537,1
76538,2
76539,1
76540,1
76541,3
76542,2
76543,3
76544,7
76545,3
76546,1
76547,4
76548,1
76549,5
76550,2
76551,2
76552,6
76553,6
76554,2
76555,3
76556,4
76557,4
76558,2
76559,4
76560,1
76561,4
76562,3
76563,6
76564,3
76565,8
76566,2
76567,5
76568,3
76569,7
76570,2
76571,5
76572,2
76573,2
76574,5
76575,4
76576,1
76577,6
76578,1
76579,6
76580,3
76581,3
76582,2
76583,3
76584,4
76585,1
76586,5
76587,8
76588,5
76589,6
76590,7
76591,3
76592,5
76593,5
76594,5
76595,4
76596,7
76597,3
76598,2
76599,1
76600,4
76601,9
76602,3
76603,3
76604,6
76605,8
76606,9
76607,6
76608,10
76609,3
76610,9
76611,4
76612,7
76613,4
76614,2
76615,9
76616,4
76617,4
76618,1
76619,8
76620,10
76621,8
76622,7
76623,7
76624,5
76625,7
76626,7
76627,4
76628,3
76629,1
76630,8
76631,1
76632,3
76633,5
76634,6
76635,3
76636,4
76637,4
76638,5
76639,6
76640,2
76641,4
76642,5
76643,5
76644,4
76645,2
76646,2
76647,4
76648,5
76649,3
76650,1
76651,2
76652,5
76653,2
76654,3
76655,2
76656,6
76657,6
76658,5
76659,4
76660,7
76661,6
76662,4
76663,9
76664,7
76665,7
76666,7
76667,5
76668,6
76669,5
76670,4
76671,4
76672,5
76673,2
76674,1
76675,2
76676,3
76677,2
76678,4
76679,3
76680,0
76681,6
76682,3
76683,5
76684,6
76685,7
76686,6
76687,2
76688,5
76689,1
76690,5
76691,4
76692,3
76693,2
76694,3
76695,3
76696,0
76697,1
76698,3
76699,4
76700,4
76701,1
76702,4
76703,4
76704,3
76705,5
76706,4
76707,6
76708,5
76709,6
76710,4
76711,2
76712,2
76713,7
76714,3
76715,7
76716,4
76717,3
76718,3
76719,3
76720,3
76721,7
76722,3
76723,2
76724,8
76725,6
76726,6
76727,12
76728,2
76729,2
76730,6
76731,3
76732,4
76733,2
76734,7
76735,1
76736,7
76737,2
76738,4
76739,1
76740,2
76741,5
76742,3
76743,5
76744,3
76745,5
76746,2
76747,5
76748,6
76749,0
76750,1
76751,4
76752,4
76753,6
76754,6
76755,2
76756,0
76757,2
76758,4
76759,3
76760,2
76761,3
76762,2
76763,2
76764,5
76765,2
76766,4
76767,5
76768,2
76769,6
76770,3
76771,2
76772,5
76773,7
76774,4
76775,1
76776,5
76777,2
76778,3
76779,3
76780,2
76781,2
76782,4
76783,3
76784,2
76785,1
76786,2
76787,4
76788,5
76789,1
76790,5
76791,0
76792,4
76793,3
76794,3
76795,3
76796,3
76797,7
76798,6
76799,2
76800,2
76801,3
76802,0
76803,7
76804,1
76805,5
76806,4
76807,2
76808,10
76809,2
76810,6
76811,3
76812,7
76813,3
76814,7
76815,3
76816,5
76817,9
76818,5
76819,6
76820,3
76821,5
76822,3
76823,4
76824,3
76825,4
76826,3
76827,3
76828,2
76829,2
76830,1
76831,1
76832,4
76833,4
76834,2
76835,4
76836,3
76837,6
76838,5
76839,8
76840,4
76841,2
76842,5
76843,5
76844,1
76845,6
76846,3
76847,4
76848,12
76849,5
76850,10
76851,6
76852,10
76853,8
76854,8
76855,5
76856,6
76857,3
76858,10
76859,3
76860,6
76861,5
76862,5
76863,4
76864,5
76865,5
76866,3
76867,4
76868,4
76869,3
76870,4
76871,3
76872,3
76873,4
76874,4
76875,4
76876,5
76877,7
76878,6
76879,7
76880,8
76881,8
76882,5
76883,7
76884,2
76885,2
76886,3
76887,4
76888,3
76889,6
76890,5
76891,3
76892,5
76893,3
76894,3
76895,5
76896,4
76897,2
76898,0
76899,4
76900,11
76901,4
76902,3
76903,1
76904,2
76905,2
76906,5
76907,3
76908,2
76909,4
76910,4
76911,1
76912,2
76913,5
76914,2
76915,4
76916,2
76917,8
76918,4
76919,9
76920,4
76921,7
76922,3
76923,7
76924,2
76925,6
76926,2
76927,3
76928,4
76929,5
76930,8
76931,6
76932,5
76933,7
76934,2
76935,2
76936,0
76937,1
76938,3
76939,3
76940,3
76941,5
76942,1
76943,3
76944,2
76945,0
76946,4
76947,1
76948,0
76949,5
76950,3
76951,6
76952,4
76953,5
76954,2
76955,2
76956,6
76957,2
76958,8
76959,2
76960,8
76961,1
76962,4
76963,5
76964,7
76965,5
76966,7
76967,6
76968,3
76969,4
76970,7
76971,7
76972,3
76973,3
76974,2
76975,5
76976,4
76977,6
76978,3
76979,4
76980,5
76981,5
76982,2
76983,3
76984,3
76985,3
76986,4
76987,4
76988,5
76989,1
76990,2
76991,4
76992,3
76993,1
76994,1
76995,2
76996,2
76997,3
76998,6
76999,3
77000,6
77001,3
77002,4
77003,4
77004,2
77005,4
77006,6
77007,3
77008,4
77009,5
77010,3
77011,3
77012,2
77013,6
77014,1
77015,7
77016,2
77017,4
77018,3
77019,3
77020,4
77021,7
77022,3
77023,3
77024,5
77025,2
77026,3
77027,8
77028,2
77029,5
77030,7
77031,7
77032,5
77033,2
77034,6
77035,3
77036,4
77037,2
77038,2
77039,3
77040,6
77041,5
77042,6
77043,3
77044,0
77045,4
77046,3
77047,2
77048,7
77049,2
77050,4
77051,4
77052,3
77053,6
77054,6
77055,12
77056,9
77057,4
77058,7
77059,2
77060,5
77061,2
77062,2
77063,2
77064,9
77065,4
77066,6
77067,9
77068,3
77069,6
77070,5
77071,1
77072,2
77073,5
77074,3
77075,3
77076,1
77077,5
77078,7
77079,8
77080,3
77081,2
77082,4
77083,5
77084,4
77085,5
77086,6
77087,6
77088,4
77089,4
77090,2
77091,3
77092,3
77093,2
77094,4
77095,2
77096,4
77097,2
77098,3
77099,4
77100,3
77101,4
77102,3
77103,4
77104,4
77105,5
77106,4
77107,2
77108,4
77109,6
77110,4
77111,4
77112,4
77113,3
77114,7
77115,4
77116,3
77117,5
77118,1
77119,6
77120,2
77121,3
77122,5
77123,7
77124,10
77125,4
77126,5
77127,3
77128,4
77129,2
77130,3
77131,0
77132,5
77133,7
77134,7
77135,5
77136,8
77137,6
77138,2
77139,4
77140,10
77141,8
77142,2
77143,4
77144,3
77145,7
77146,4
77147,7
77148,3
77149,2
77150,6
77151,3
77152,5
77153,2
77154,1
77155,3
77156,3
77157,5
77158,2
77159,5
77160,1
77161,4
77162,3
77163,4
77164,3
77165,1
77166,5
77167,3
77168,3
77169,8
77170,1
77171,4
77172,2
77173,4
77174,4
77175,5
77176,1
77177,2
77178,2
77179,3
77180,3
77181,4
77182,4
77183,3
77184,3
77185,5
77186,5
77187,1
77188,5
77189,3
77190,6
77191,4
77192,4
77193,5
77194,3
77195,3
77196,5
77197,1
77198,2
77199,1
77200,1
77201,2
77202,2
77203,0
77204,4
77205,2
77206,1
77207,1
77208,1
77209,4
77210,5
77211,0
77212,4
77213,4
77214,1
77215,2
77216,1
77217,3
77218,3
77219,5
77220,5
77221,2
77222,6
77223,4
77224,3
77225,3
77226,4
77227,6
77228,2
77229,5
77230,2
77231,4
77232,4
77233,6
77234,5
77235,3
77236,4
77237,3
77238,1
77239,2
77240,4
77241,3
77242,2
77243,8
77244,6
77245,4
77246,1
77247,7
77248,5
77249,3
77250,5
77251,7
77252,3
77253,6
77254,3
77255,1
77256,6
77257,5
77258,7
77259,4
77260,4
77261,3
77262,4
77263,2
77264,4
77265,3
77266,7
77267,0
77268,2
77269,4
77270,4
77271,1
77272,2
77273,3
77274,5
77275,6
77276,3
77277,3
77278,3
77279,6
77280,1
77281,2
77282,4
77283,3
77284,5
77285,4
77286,6
77287,4
77288,5
77289,2
77290,4
77291,6
77292,2
77293,3
77294,4
77295,2
77296,3
77297,3
77298,1
77299,0
77300,3
77301,3
77302,5
77303,1
77304,2
77305,5
77306,2
77307,5
77308,5
77309,6
77310,8
77311,6
77312,4
77313,4
77314,5
77315,2
77316,5
77317,5
77318,4
77319,3
77320,2
77321,1
77322,4
77323,6
77324,6
77325,5
77326,3
77327,3
77328,2
77329,2
77330,2
77331,4
77332,4
77333,2
77334,1
77335,1
77336,2
77337,2
77338,2
77339,1
77340,0
77341,5
77342,2
77343,4
77344,4
77345,1
77346,1
77347,5
77348,3
77349,1
77350,2
77351,4
77352,5
77353,2
77354,2
77355,4
77356,2
77357,0
77358,2
77359,1
77360,3
77361,1
77362,0
77363,5
77364,4
77365,5
77366,7
77367,2
77368,3
77369,5
77370,6
77371,3
77372,4
77373,10
77374,5
77375,2
77376,4
77377,7
77378,6
77379,5
77380,2
77381,5
77382,5
77383,3
77384,3
77385,3
77386,2
77387,3
77388,3
77389,1
77390,5
77391,4
77392,1
77393,3
77394,1
77395,3
77396,5
77397,3
77398,7
77399,5
77400,2
77401,0
77402,3
77403,4
77404,6
77405,6
77406,7
77407,4
77408,3
77409,3
77410,5
77411,2
77412,5
77413,3
77414,4
77415,3
77416,4
77417,2
77418,5
77419,1
77420,3
77421,1
77422,3
77423,3
77424,4
77425,3
77426,4
77427,2
77428,6
77429,2
77430,7
77431,2
77432,5
77433,5
77434,3
77435,7
77436,4
77437,6
77438,2
77439,5
77440,5
77441,7
77442,10
77443,6
77444,3
77445,6
77446,6
77447,4
77448,4
77449,5
77450,4
77451,8
77452,6
77453,3
77454,2
77455,1
77456,4
77457,2
77458,4
77459,2
77460,2
77461,4
77462,5
77463,2
77464,3
77465,7
77466,7
77467,4
77468,3
77469,5
77470,7
77471,5
77472,5
77473,3
77474,2
77475,5
77476,3
77477,5
77478,3
77479,8
77480,9
77481,3
77482,5
77483,4
77484,3
77485,5
77486,3
77487,4
77488,4
77489,7
77490,7
77491,1
77492,4
77493,2
77494,5
77495,2
77496,6
77497,3
77498,6
77499,5
77500,4
77501,6
77502,4
77503,1
77504,2
77505,3
77506,2
77507,5
77508,6
77509,3
77510,3
77511,6
77512,1
77513,2
77514,3
77515,4
77516,4
77517,0
77518,7
77519,3
77520,5
77521,4
77522,6
77523,5
77524,7
77525,3
77526,4
77527,5
77528,4
77529,6
77530,5
77531,3
77532,3
77533,6
77534,1
77535,6
77536,4
77537,2
77538,6
77539,5
77540,5
77541,3
77542,8
77543,3
77544,4
77545,6
77546,6
77547,7
77548,7
77549,5
77550,5
77551,4
77552,4
77553,6
77554,6
77555,4
77556,6
77557,3
77558,7
77559,1
77560,3
77561,3
77562,2
77563,3
77564,4
77565,5
77566,5
77567,6
77568,9
77569,4
77570,4
77571,3
77572,10
77573,6
77574,7
77575,6
77576,5
77577,4
77578,11
77579,5
77580,8
77581,6
77582,5
77583,8
77584,7
77585,6
77586,5
77587,2
77588,3
77589,3
77590,4
77591,4
77592,6
77593,15
77594,4
77595,7
77596,8
77597,3
77598,4
77599,7
77600,5
77601,5
77602,10
77603,2
77604,7
77605,5
77606,6
77607,8
77608,7
77609,3
77610,8
77611,7
77612,4
77613,7
77614,3
77615,5
77616,4
77617,5
77618,3
77619,7
77620,1
77621,8
77622,2
77623,8
77624,6
77625,5
77626,4
77627,6
77628,6
77629,6
77630,5
77631,5
77632,3
77633,5
77634,7
77635,5
77636,1
77637,2
77638,6
77639,3
77640,5
77641,4
77642,5
77643,6
77644,4
77645,5
77646,2
77647,3
77648,4
77649,1
77650,3
77651,4
77652,4
77653,3
77654,4
77655,5
77656,1
77657,2
77658,0
77659,6
77660,0
77661,1
77662,3
77663,2
77664,1
77665,1
77666,0
77667,2
77668,3
77669,0
77670,2
77671,0
77672,5
77673,2
77674,3
77675,2
77676,2
77677,5
77678,2
77679,4
77680,2
77681,3
77682,5
77683,1
77684,2
77685,1
77686,4
77687,0
77688,3
77689,2
77690,4
77691,2
77692,1
77693,3
77694,2
77695,1
77696,2
77697,5
77698,3
77699,2
77700,2
77701,0
77702,3
77703,1
77704,2
77705,0
77706,2
77707,2
77708,3
77709,2
77710,2
77711,3
77712,2
77713,1
77714,3
77715,4
77716,0
77717,4
77718,5
77719,1
77720,3
77721,3
77722,3
77723,2
77724,1
77725,2
77726,3
77727,3
77728,1
77729,2
77730,2
77731,5
77732,1
77733,3
77734,4
77735,3
77736,1
77737,1
77738,4
77739,3
77740,3
77741,1
77742,4
77743,4
77744,3
77745,1
77746,2
77747,2
77748,0
77749,2
77750,0
77751,1
77752,3
77753,3
77754,2
77755,0
77756,4
77757,4
77758,5
77759,2
77760,6
77761,3
77762,3
77763,4
77764,7
77765,5
77766,7
77767,2
77768,2
77769,5
77770,7
77771,7
77772,4
77773,1
77774,2
77775,5
77776,3
77777,1
77778,3
77779,5
77780,1
77781,1
77782,2
77783,4
77784,1
77785,6
77786,6
77787,4
77788,4
77789,6
77790,7
77791,7
77792,4
77793,5
77794,2
77795,1
77796,2
77797,6
77798,5
77799,3
77800,5
77801,1
77802,6
77803,4
77804,2
77805,4
77806,7
77807,7
77808,2
77809,5
77810,1
77811,5
77812,3
77813,4
77814,3
77815,1
77816,4
77817,2
77818,3
77819,6
77820,2
77821,4
77822,3
77823,3
77824,1
77825,4
77826,3
77827,6
77828,3
77829,5
77830,5
77831,1
77832,2
77833,3
77834,6
77835,6
77836,5
77837,1
77838,2
77839,7
77840,0
77841,2
77842,5
77843,4
77844,4
77845,2
77846,3
77847,3
77848,4
77849,4
77850,2
77851,6
77852,6
77853,5
77854,10
77855,2
77856,5
77857,12
77858,6
77859,6
77860,7
77861,4
77862,2
77863,2
77864,3
77865,2
77866,8
77867,1
77868,2
77869,2
77870,8
77871,2
77872,5
77873,4
77874,5
77875,2
77876,8
77877,3
77878,4
77879,6
77880,7
77881,4
77882,3
77883,5
77884,3
77885,2
77886,6
77887,3
77888,5
77889,3
77890,4
77891,3
77892,4
77893,5
77894,1
77895,1
77896,2
77897,4
77898,3
77899,5
77900,5
77901,5
77902,2
77903,6
77904,2
77905,4
77906,1
77907,5
77908,3
77909,5
77910,4
77911,2
77912,2
77913,4
77914,4
77915,0
77916,2
77917,8
77918,2
77919,6
77920,3
77921,4
77922,4
77923,5
77924,4
77925,3
77926,6
77927,4
77928,3
77929,3
77930,5
77931,2
77932,6
77933,1
77934,5
77935,6
77936,0
77937,3
77938,2
77939,2
77940,3
77941,2
77942,7
77943,1
77944,2
77945,3
77946,5
77947,3
77948,1
77949,5
77950,1
77951,3
77952,6
77953,2
77954,3
77955,4
77956,3
77957,3
77958,6
77959,5
77960,4
77961,2
77962,3
77963,6
77964,1
77965,6
77966,3
77967,4
77968,5
77969,4
77970,6
77971,1
77972,3
77973,6
77974,1
77975,1
77976,3
77977,3
77978,5
77979,5
77980,5
77981,2
77982,2
77983,4
77984,1
77985,2
77986,4
77987,3
77988,8
77989,0
77990,5
77991,5
77992,0
77993,4
77994,8
77995,2
77996,2
77997,3
77998,4
77999,4
78000,4
78001,6
78002,2
78003,3
78004,6
78005,5
78006,4
78007,5
78008,4
78009,2
78010,5
78011,7
78012,4
78013,5
78014,6
78015,3
78016,4
78017,6
78018,3
78019,5
78020,4
78021,5
78022,2
78023,3
78024,4
78025,2
78026,3
78027,1
78028,6
78029,6
78030,4
78031,0
78032,4
78033,4
78034,5
78035,4
78036,4
78037,3
78038,3
78039,4
78040,6
78041,2
78042,4
78043,5
78044,7
78045,1
78046,1
78047,2
78048,1
78049,2
78050,0
78051,4
78052,5
78053,2
78054,4
78055,5
78056,5
78057,3
78058,3
78059,2
78060,5
78061,9
78062,5
78063,4
78064,5
78065,7
78066,5
78067,6
78068,1
78069,3
78070,7
78071,7
78072,4
78073,5
78074,7
78075,6
78076,4
78077,11
78078,5
78079,5
78080,2
78081,1
78082,3
78083,2
78084,4
78085,3
78086,6
78087,3
78088,4
78089,5
78090,1
78091,5
78092,2
78093,2
78094,7
78095,7
78096,4
78097,5
78098,3
78099,4
78100,5
78101,4
78102,7
78103,8
78104,3
78105,3
78106,7
78107,6
78108,3
78109,5
78110,6
78111,4
78112,3
78113,3
78114,4
78115,7
78116,6
78117,3
78118,5
78119,4
78120,5
78121,3
78122,4
78123,2
78124,2
78125,4
78126,3
78127,1
78128,2
78129,1
78130,1
78131,3
78132,1
78133,7
78134,4
78135,8
78136,4
78137,4
78138,4
78139,5
78140,7
78141,6
78142,6
78143,5
78144,5
78145,6
78146,3
78147,4
78148,8
78149,7
78150,9
78151,9
78152,6
78153,6
78154,2
78155,3
78156,3
78157,2
78158,2
78159,4
78160,6
78161,2
78162,5
78163,5
78164,5
78165,1
78166,0
78167,2
78168,4
78169,3
78170,5
78171,2
78172,1
78173,3
78174,3
78175,6
78176,3
78177,2
78178,2
78179,2
78180,1
78181,4
78182,2
78183,2
78184,4
78185,4
78186,1
78187,3
78188,3
78189,4
78190,6
78191,5
78192,7
78193,6
78194,5
78195,5
78196,6
78197,9
78198,5
78199,9
78200,4
78201,2
78202,4
78203,3
78204,2
78205,1
78206,1
78207,3
78208,7
78209,2
78210,4
78211,8
78212,5
78213,8
78214,5
78215,5
78216,7
78217,3
78218,4
78219,4
78220,1
78221,7
78222,1
78223,5
78224,3
78225,4
78226,3
78227,6
78228,3
78229,5
78230,2
78231,3
78232,5
78233,3
78234,1
78235,1
78236,2
78237,3
78238,6
78239,0
78240,4
78241,5
78242,4
78243,6
78244,3
78245,6
78246,4
78247,4
78248,8
78249,6
78250,5
78251,2
78252,4
78253,3
78254,4
78255,3
78256,4
78257,4
78258,3
78259,3
78260,4
78261,4
78262,6
78263,2
78264,4
78265,4
78266,0
78267,4
78268,1
78269,4
78270,4
78271,5
78272,6
78273,2
78274,6
78275,9
78276,4
78277,6
78278,2
78279,5
78280,5
78281,3
78282,3
78283,3
78284,4
78285,6
78286,4
78287,2
78288,2
78289,6
78290,5
78291,5
78292,2
78293,4
78294,3
78295,3
78296,3
78297,4
78298,2
78299,7
78300,5
78301,7
78302,8
78303,7
78304,4
78305,6
78306,8
78307,0
78308,2
78309,5
78310,1
78311,3
78312,1
78313,2
78314,3
78315,5
78316,3
78317,1
78318,8
78319,8
78320,6
78321,8
78322,4
78323,3
78324,3
78325,7
78326,10
78327,6
78328,6
78329,6
78330,4
78331,4
78332,6
78333,2
78334,2
78335,5
78336,10
78337,3
78338,4
78339,3
78340,6
78341,3
78342,1
78343,3
78344,2
78345,4
78346,7
78347,4
78348,6
78349,7
78350,8
78351,4
78352,4
78353,7
78354,9
78355,7
78356,6
78357,3
78358,5
78359,6
78360,7
78361,5
78362,3
78363,5
78364,3
78365,3
78366,4
78367,3
78368,3
78369,2
78370,4
78371,5
78372,5
78373,6
78374,6
78375,4
78376,7
78377,1
78378,12
78379,2
78380,5
78381,5
78382,6
78383,5
78384,5
78385,4
78386,3
78387,7
78388,2
78389,1
78390,2
78391,5
78392,4
78393,4
78394,2
78395,4
78396,7
78397,3
78398,6
78399,6
78400,5
78401,3
78402,5
78403,4
78404,4
78405,5
78406,6
78407,9
78408,7
78409,5
78410,9
78411,4
78412,7
78413,7
78414,8
78415,13
78416,6
78417,10
78418,6
78419,11
78420,10
78421,7
78422,2
78423,4
78424,3
78425,1
78426,1
78427,8
78428,4
78429,2
78430,0
78431,3
78432,3
78433,3
78434,6
78435,5
78436,5
78437,2
78438,4
78439,3
78440,2
78441,4
78442,0
78443,3
78444,3
78445,4
78446,3
78447,7
78448,5
78449,4
78450,2
78451,3
78452,4
78453,3
78454,5
78455,9
78456,4
78457,2
78458,5
78459,1
78460,4
78461,3
78462,3
78463,3
78464,2
78465,5
78466,8
78467,1
78468,6
78469,9
78470,4
78471,4
78472,3
78473,4
78474,9
78475,2
78476,9
78477,8
78478,4
78479,5
78480,4
78481,3
78482,6
78483,4
78484,5
78485,1
78486,1
78487,1
78488,1
78489,4
78490,1
78491,3
78492,0
78493,1
78494,3
78495,3
78496,2
78497,0
78498,1
78499,3
78500,0
78501,1
78502,3
78503,1
78504,2
78505,2
78506,6
78507,0
78508,3
78509,1
78510,2
78511,0
78512,4
78513,2
78514,1
78515,1
78516,1
78517,3
78518,1
78519,2
78520,0
78521,1
78522,4
78523,1
78524,1
78525,0
78526,1
78527,1
78528,2
78529,2
78530,1
78531,2
78532,6
78533,2
78534,1
78535,4
78536,3
78537,1
78538,2
78539,1
78540,1
78541,4
78542,2
78543,4
78544,3
78545,2
78546,4
78547,2
78548,7
78549,2
78550,5
78551,5
78552,5
78553,7
78554,1
78555,3
78556,5
78557,4
78558,6
78559,2
78560,5
78561,3
78562,3
78563,4
78564,4
78565,2
78566,4
78567,2
78568,2
78569,2
78570,3
78571,1
78572,3
78573,6
78574,4
78575,6
78576,5
78577,4
78578,6
78579,5
78580,6
78581,4
78582,5
78583,10
78584,5
78585,5
78586,3
78587,4
78588,6
78589,4
78590,0
78591,3
78592,2
78593,5
78594,3
78595,1
78596,5
78597,2
78598,5
78599,4
78600,7
78601,7
78602,4
78603,9
78604,2
78605,6
78606,6
78607,7
78608,4
78609,4
78610,4
78611,7
78612,6
78613,6
78614,5
78615,5
78616,6
78617,4
78618,7
78619,6
78620,9
78621,8
78622,10
78623,10
78624,4
78625,12
78626,4
78627,8
78628,5
78629,9
78630,4
78631,6
78632,4
78633,10
78634,6
78635,14
78636,9
78637,6
78638,7
78639,5
78640,5
78641,4
78642,4
78643,5
78644,7
78645,5
78646,3
78647,5
78648,6
78649,2
78650,5
78651,2
78652,8
78653,3
78654,7
78655,3
78656,5
78657,4
78658,5
78659,3
78660,6
78661,3
78662,3
78663,4
78664,2
78665,1
78666,3
78667,5
78668,4
78669,3
78670,2
78671,3
78672,1
78673,6
78674,1
78675,2
78676,2
78677,3
78678,1
78679,5
78680,3
78681,2
78682,5
78683,3
78684,5
78685,3
78686,4
78687,5
78688,2
78689,5
78690,1
78691,4
78692,3
78693,0
78694,1
78695,3
78696,2
78697,2
78698,5
78699,3
78700,4
78701,5
78702,6
78703,1
78704,4
78705,2
78706,3
78707,3
78708,6
78709,4
78710,4
78711,2
78712,3
78713,3
78714,1
78715,3
78716,5
78717,4
78718,5
78719,6
78720,4
78721,4
78722,5
78723,5
78724,7
78725,6
78726,4
78727,6
78728,3
78729,3
78730,4
78731,5
78732,8
78733,4
78734,5
78735,2
78736,2
78737,7
78738,7
78739,4
78740,6
78741,2
78742,2
78743,4
78744,3
78745,1
78746,8
78747,4
78748,1
78749,3
78750,3
78751,2
78752,2
78753,3
78754,4
78755,4
78756,6
78757,6
78758,2
78759,4
78760,5
78761,2
78762,6
78763,2
78764,5
78765,2
78766,4
78767,5
78768,5
78769,1
78770,5
78771,5
78772,3
78773,7
78774,2
78775,5
78776,2
78777,4
78778,6
78779,2
78780,2
78781,6
78782,3
78783,4
78784,5
78785,6
78786,6
78787,9
78788,4
78789,1
78790,4
78791,3
78792,3
78793,4
78794,5
78795,3
78796,5
78797,2
78798,3
78799,4
78800,3
78801,3
78802,6
78803,3
78804,4
78805,2
78806,10
78807,5
78808,5
78809,6
78810,4
78811,5
78812,5
78813,4
78814,2
78815,7
78816,5
78817,6
78818,2
78819,6
78820,4
78821,3
78822,6
78823,6
78824,2
78825,4
78826,3
78827,4
78828,9
78829,4
78830,5
78831,2
78832,5
78833,5
78834,4
78835,5
78836,1
78837,4
78838,1
78839,2
78840,2
78841,5
78842,3
78843,2
78844,4
78845,5
78846,4
78847,7
78848,4
78849,6
78850,6
78851,4
78852,2
78853,4
78854,2
78855,6
78856,7
78857,4
78858,3
78859,7
78860,5
78861,5
78862,6
78863,2
78864,5
78865,3
78866,4
78867,6
78868,3
78869,3
78870,2
78871,2
78872,3
78873,5
78874,5
78875,3
78876,7
78877,2
78878,9
78879,1
78880,5
78881,5
78882,11
78883,3
78884,7
78885,5
78886,6
78887,4
78888,7
78889,6
78890,5
78891,3
78892,5
78893,4
78894,8
78895,6
78896,5
78897,2
78898,4
78899,6
78900,1
78901,4
78902,6
78903,4
78904,7
78905,7
78906,7
78907,4
78908,4
78909,5
78910,2
78911,4
78912,6
78913,4
78914,5
78915,4
78916,2
78917,5
78918,7
78919,4
78920,7
78921,4
78922,4
78923,5
78924,7
78925,3
78926,3
78927,2
78928,3
78929,3
78930,3
78931,1
78932,11
78933,1
78934,5
78935,3
78936,3
78937,7
78938,6
78939,6
78940,7
78941,1
78942,3
78943,4
78944,7
78945,3
78946,4
78947,4
78948,5
78949,5
78950,4
78951,2
78952,5
78953,2
78954,4
78955,4
78956,3
78957,6
78958,5
78959,4
78960,5
78961,5
78962,2
78963,5
78964,4
78965,7
78966,2
78967,6
78968,4
78969,5
78970,7
78971,7
78972,3
78973,3
78974,4
78975,0
78976,5
78977,2
78978,3
78979,4
78980,2
78981,3
78982,2
78983,1
78984,5
78985,8
78986,7
78987,4
78988,4
78989,3
78990,4
78991,5
78992,3
78993,7
78994,4
78995,3
78996,2
78997,5
78998,5
78999,5
79000,6
79001,1
79002,4
79003,3
79004,4
79005,3
79006,4
79007,4
79008,5
79009,2
79010,4
79011,6
79012,4
79013,5
79014,4
79015,4
79016,2
79017,4
79018,4
79019,3
79020,5
79021,5
79022,1
79023,2
79024,3
79025,3
79026,3
79027,3
79028,3
79029,4
79030,0
79031,3
79032,2
79033,4
79034,2
79035,3
79036,4
79037,3
79038,3
79039,4
79040,3
79041,7
79042,1
79043,4
79044,5
79045,3
79046,4
79047,2
79048,3
79049,4
79050,1
79051,6
79052,4
79053,7
79054,5
79055,2
79056,5
79057,9
79058,5
79059,5
79060,6
79061,2
79062,6
79063,3
79064,7
79065,5
79066,7
79067,4
79068,3
79069,3
79070,6
79071,7
79072,3
79073,4
79074,2
79075,4
79076,5
79077,4
79078,3
79079,8
79080,2
79081,4
79082,8
79083,3
79084,3
79085,4
79086,4
79087,6
79088,5
79089,9
79090,2
79091,1
79092,2
79093,5
79094,6
79095,4
79096,2
79097,5
79098,2
79099,4
79100,4
79101,2
79102,6
79103,3
79104,5
79105,5
79106,4
79107,2
79108,4
79109,5
79110,4
79111,7
79112,2
79113,3
79114,2
79115,4
79116,3
79117,4
79118,1
79119,3
79120,1
79121,4
79122,4
79123,1
79124,3
79125,1
79126,1
79127,2
79128,2
79129,2
79130,3
79131,2
79132,3
79133,3
79134,6
79135,2
79136,5
79137,5
79138,2
79139,2
79140,3
79141,1
79142,4
79143,3
79144,2
79145,2
79146,3
79147,4
79148,4
79149,3
79150,3
79151,3
79152,3
79153,4
79154,4
79155,2
79156,4
79157,6
79158,3
79159,2
79160,5
79161,3
79162,1
79163,6
79164,5
79165,3
79166,4
79167,9
79168,2
79169,5
79170,1
79171,3
79172,5
79173,5
79174,5
79175,2
79176,7
79177,4
79178,6
79179,5
79180,8
79181,8
79182,7
79183,3
79184,2
79185,5
79186,4
79187,4
79188,4
79189,3
79190,3
79191,1
79192,2
79193,2
79194,4
79195,2
79196,3
79197,0
79198,3
79199,1
79200,2
79201,4
79202,3
79203,3
79204,1
79205,4
79206,0
79207,0
79208,7
79209,2
79210,4
79211,1
79212,3
79213,6
79214,3
79215,4
79216,3
79217,8
79218,3
79219,2
79220,4
79221,4
79222,1
79223,7
79224,4
79225,6
79226,2
79227,2
79228,4
79229,5
79230,3
79231,6
79232,4
79233,4
79234,3
79235,3
79236,3
79237,4
79238,5
79239,6
79240,2
79241,2
79242,1
79243,5
79244,2
79245,2
79246,2
79247,2
79248,2
79249,1
79250,3
79251,2
79252,4
79253,3
79254,9
79255,3
79256,5
79257,5
79258,4
79259,4
79260,2
79261,6
79262,5
79263,3
79264,5
79265,6
79266,2
79267,4
79268,3
79269,4
79270,3
79271,7
79272,8
79273,3
79274,4
79275,4
79276,5
79277,10
79278,10
79279,4
79280,5
79281,5
79282,7
79283,8
79284,9
79285,3
79286,6
79287,4
79288,2
79289,2
79290,2
79291,2
79292,1
79293,7
79294,4
79295,5
79296,5
79297,4
79298,2
79299,4
79300,4
79301,6
79302,3
79303,3
79304,6
79305,6
79306,0
79307,2
79308,6
79309,1
79310,2
79311,3
79312,7
79313,5
79314,3
79315,5
79316,5
79317,6
79318,4
79319,1
79320,1
79321,3
79322,5
79323,3
79324,4
79325,2
79326,2
79327,6
79328,4
79329,1
79330,3
79331,4
79332,1
79333,4
79334,3
79335,1
79336,4
79337,4
79338,5
79339,4
79340,5
79341,8
79342,2
79343,5
79344,5
79345,3
79346,2
79347,6
79348,6
79349,9
79350,2
79351,7
79352,3
79353,1
79354,2
79355,6
79356,4
79357,5
79358,4
79359,7
79360,9
79361,6
79362,1
79363,3
79364,3
79365,7
79366,5
79367,2
79368,1
79369,5
79370,4
79371,2
79372,0
79373,6
79374,1
79375,4
79376,8
79377,3
79378,5
79379,4
79380,4
79381,3
79382,4
79383,3
79384,4
79385,1
79386,3
79387,3
79388,4
79389,2
79390,4
79391,2
79392,1
79393,6
79394,2
79395,0
79396,3
79397,5
79398,5
79399,5
79400,3
79401,3
79402,2
79403,4
79404,4
79405,5
79406,3
79407,1
79408,4
79409,2
79410,4
79411,5
79412,2
79413,3
79414,4
79415,6
79416,6
79417,4
79418,2
79419,6
79420,2
79421,1
79422,6
79423,6
79424,4
79425,5
79426,4
79427,1
79428,4
79429,5
79430,2
79431,3
79432,5
79433,1
79434,5
79435,3
79436,2
79437,2
79438,5
79439,3
79440,1
79441,6
79442,3
79443,2
79444,5
79445,7
79446,5
79447,5
79448,1
79449,7
79450,3
79451,1
79452,9
79453,6
79454,2
79455,3
79456,2
79457,1
79458,3
79459,2
79460,3
79461,4
79462,2
79463,4
79464,1
79465,4
79466,3
79467,3
79468,6
79469,2
79470,2
79471,4
79472,5
79473,4
79474,5
79475,4
79476,6
79477,9
79478,6
79479,4
79480,4
79481,7
79482,3
79483,4
79484,4
79485,4
79486,2
79487,3
79488,4
79489,2
79490,2
79491,3
79492,3
79493,3
79494,2
79495,2
79496,0
79497,2
79498,3
79499,3
79500,3
79501,2
79502,2
79503,2
79504,4
79505,4
79506,3
79507,9
79508,4
79509,3
79510,2
79511,4
79512,4
79513,4
79514,3
79515,3
79516,4
79517,1
79518,4
79519,2
79520,3
79521,3
79522,5
79523,3
79524,5
79525,3
79526,2
79527,1
79528,5
79529,4
79530,6
79531,4
79532,1
79533,4
79534,3
79535,4
79536,4
79537,2
79538,3
79539,0
79540,5
79541,2
79542,9
79543,3
79544,3
79545,5
79546,1
79547,3
79548,3
79549,1
79550,6
79551,4
79552,4
79553,4
79554,0
79555,2
79556,3
79557,1
79558,4
79559,2
79560,5
79561,2
79562,3
79563,1
79564,1
79565,3
79566,1
79567,2
79568,4
79569,4
79570,2
79571,5
79572,3
79573,2
79574,2
79575,5
79576,1
79577,4
79578,5
79579,4
79580,7
79581,1
79582,7
79583,2
79584,4
79585,2
79586,3
79587,4
79588,3
79589,2
79590,6
79591,0
79592,2
79593,4
79594,3
79595,3
79596,5
79597,2
79598,4
79599,4
79600,0
79601,3
79602,7
79603,1
79604,2
79605,3
79606,6
79607,3
79608,6
79609,6
79610,3
79611,3
79612,3
79613,4
79614,5
79615,6
79616,4
79617,3
79618,2
79619,4
79620,3
79621,7
79622,5
79623,4
79624,4
79625,5
79626,2
79627,5
79628,6
79629,3
79630,5
79631,4
79632,4
79633,5
79634,3
79635,6
79636,3
79637,4
79638,4
79639,3
79640,4
79641,2
79642,3
79643,2
79644,4
79645,5
79646,5
79647,6
79648,5
79649,9
79650,10
79651,3
79652,3
79653,5
79654,5
79655,7
79656,5
79657,3
79658,9
79659,3
79660,5
79661,4
79662,4
79663,6
79664,4
79665,2
79666,5
79667,6
79668,5
79669,2
79670,1
79671,4
79672,5
79673,5
79674,2
79675,2
79676,1
79677,1
79678,1
79679,2
79680,4
79681,1
79682,2
79683,2
79684,0
79685,4
79686,6
79687,6
79688,3
79689,4
79690,1
79691,2
79692,1
79693,2
79694,1
79695,1
79696,4
79697,1
79698,1
79699,2
79700,3
79701,3
79702,1
79703,4
79704,2
79705,5
79706,3
79707,2
79708,3
79709,1
79710,3
79711,5
79712,5
79713,3
79714,4
79715,6
79716,0
79717,4
79718,1
79719,2
79720,2
79721,1
79722,6
79723,4
79724,3
79725,1
79726,1
79727,3
79728,1
79729,0
79730,3
79731,1
79732,3
79733,2
79734,1
79735,1
79736,3
79737,4
79738,1
79739,10
79740,2
79741,2
79742,4
79743,1
79744,6
79745,1
79746,2
79747,1
79748,0
79749,2
79750,4
79751,5
79752,4
79753,2
79754,3
79755,1
79756,0
79757,7
79758,3
79759,3
79760,3
79761,2
79762,3
79763,8
79764,2
79765,3
79766,5
79767,4
79768,4
79769,3
79770,3
79771,4
79772,3
79773,6
79774,5
79775,4
79776,5
79777,2
79778,4
79779,5
79780,8
79781,5
79782,2
79783,5
79784,4
79785,5
79786,2
79787,3
79788,3
79789,2
79790,1
79791,1
79792,3
79793,2
79794,4
79795,4
79796,3
79797,6
79798,6
79799,7
79800,11
79801,3
79802,7
79803,7
79804,6
79805,4
79806,1
79807,6
79808,4
79809,7
79810,6
79811,6
79812,5
79813,5
79814,6
79815,6
79816,7
79817,3
79818,7
79819,1
79820,2
79821,2
79822,1
79823,3
79824,2
79825,3
79826,1
79827,2
79828,6
79829,3
79830,5
79831,4
79832,6
79833,4
79834,6
79835,4
79836,2
79837,0
79838,5
79839,3
79840,1
79841,2
79842,2
79843,2
79844,3
79845,3
79846,5
79847,3
79848,4
79849,7
79850,9
79851,6
79852,11
79853,8
79854,4
79855,8
79856,6
79857,6
79858,9
79859,5
79860,7
79861,5
79862,6
79863,5
79864,4
79865,5
79866,5
79867,8
79868,3
79869,2
79870,5
79871,1
79872,2
79873,6
79874,4
79875,6
79876,4
79877,7
79878,5
79879,6
79880,7
79881,4
79882,7
79883,6
79884,5
79885,6
79886,11
79887,8
79888,2
79889,9
79890,4
79891,5
79892,5
79893,7
79894,6
79895,5
79896,12
79897,10
79898,5
79899,8
79900,4
79901,5
79902,3
79903,4
79904,2
79905,1
79906,3
79907,5
79908,1
79909,3
79910,4
79911,5
79912,0
79913,2
79914,3
79915,2
79916,3
79917,5
79918,4
79919,6
79920,2
79921,3
79922,4
79923,2
79924,2
79925,4
79926,10
79927,4
79928,8
79929,8
79930,9
79931,5
79932,5
79933,3
79934,4
79935,3
79936,2
79937,3
79938,8
79939,4
79940,2
79941,3
79942,5
79943,2
79944,8
79945,5
79946,2
79947,4
79948,9
79949,3
79950,1
79951,3
79952,2
79953,4
79954,4
79955,1
79956,5
79957,8
79958,2
79959,5
79960,4
79961,2
79962,4
79963,4
79964,7
79965,8
79966,9
79967,7
79968,5
79969,10
79970,2
79971,6
79972,5
79973,8
79974,5
79975,1
79976,4
79977,4
79978,4
79979,1
79980,2
79981,3
79982,4
79983,4
79984,2
79985,5
79986,4
79987,5
79988,8
79989,4
79990,3
79991,2
79992,0
79993,4
79994,4
79995,3
79996,9
79997,7
79998,2
79999,3
80000,4
80001,1
80002,1
80003,5
80004,4
80005,3
80006,1
80007,3
80008,2
80009,3
80010,3
80011,4
80012,0
80013,4
80014,4
80015,4
80016,6
80017,5
80018,2
80019,3
80020,6
80021,1
80022,4
80023,3
80024,5
80025,0
80026,3
80027,4
80028,10
80029,7
80030,0
80031,5
80032,6
80033,2
80034,5
80035,5
80036,3
80037,5
80038,3
80039,5
80040,3
80041,6
80042,7
80043,4
80044,4
80045,3
80046,2
80047,4
80048,2
80049,3
80050,1
80051,0
80052,3
80053,1
80054,4
80055,3
80056,4
80057,4
80058,2
80059,2
80060,3
80061,5
80062,5
80063,1
80064,1
80065,3
80066,4
80067,5
80068,1
80069,4
80070,3
80071,1
80072,3
80073,2
80074,5
80075,0
80076,4
80077,3
80078,7
80079,3
80080,2
80081,5
80082,3
80083,5
80084,3
80085,7
80086,5
80087,4
80088,6
80089,5
80090,2
80091,4
80092,5
80093,3
80094,2
80095,4
80096,3
80097,8
80098,2
80099,2
80100,3
80101,5
80102,5
80103,3
80104,2
80105,4
80106,3
80107,9
80108,4
80109,3
80110,2
80111,4
80112,5
80113,7
80114,3
80115,4
80116,6
80117,5
80118,7
80119,5
80120,6
80121,4
80122,4
80123,4
80124,5
80125,2
80126,5
80127,7
80128,3
80129,4
80130,6
80131,1
80132,6
80133,3
80134,4
80135,3
80136,4
80137,4
80138,5
80139,3
80140,6
80141,1
80142,2
80143,3
80144,6
80145,5
80146,1
80147,6
80148,3
80149,8
80150,7
80151,3
80152,4
80153,4
80154,3
80155,4
80156,4
80157,3
80158,5
80159,4
80160,3
80161,6
80162,2
80163,3
80164,3
80165,3
80166,4
80167,4
80168,2
80169,3
80170,6
80171,3
80172,7
80173,5
80174,4
80175,5
80176,1
80177,3
80178,0
80179,4
80180,0
80181,4
80182,4
80183,2
80184,3
80185,5
80186,3
80187,1
80188,3
80189,2
80190,5
80191,3
80192,3
80193,3
80194,3
80195,3
80196,3
80197,5
80198,1
80199,7
80200,4
80201,3
80202,2
80203,2
80204,3
80205,4
80206,2
80207,4
80208,3
80209,4
80210,5
80211,5
80212,1
80213,3
80214,4
80215,3
80216,2
80217,3
80218,3
80219,3
80220,3
80221,7
80222,4
80223,6
80224,5
80225,7
80226,3
80227,2
80228,2
80229,2
80230,3
80231,2
80232,4
80233,8
80234,4
80235,4
80236,4
80237,5
80238,2
80239,4
80240,5
80241,1
80242,6
80243,4
80244,1
80245,5
80246,4
80247,3
80248,4
80249,2
80250,3
80251,2
80252,1
80253,3
80254,4
80255,4
80256,4
80257,3
80258,4
80259,5
80260,6
80261,8
80262,5
80263,5
80264,5
80265,5
80266,4
80267,2
80268,6
80269,5
80270,3
80271,6
80272,7
80273,1
80274,8
80275,3
80276,3
80277,3
80278,4
80279,0
80280,1
80281,3
80282,4
80283,2
80284,2
80285,5
80286,2
80287,5
80288,1
80289,2
80290,6
80291,4
80292,2
80293,4
80294,1
80295,5
80296,2
80297,3
80298,2
80299,1
80300,2
80301,3
80302,4
80303,3
80304,3
80305,5
80306,6
80307,4
80308,2
80309,4
80310,4
80311,2
80312,0
80313,2
80314,5
80315,4
80316,4
80317,4
80318,2
80319,1
80320,3
80321,4
80322,4
80323,5
80324,3
80325,4
80326,2
80327,4
80328,2
80329,2
80330,5
80331,5
80332,2
80333,8
80334,4
80335,5
80336,6
80337,5
80338,0
80339,3
80340,4
80341,4
80342,4
80343,2
80344,1
80345,0
80346,4
80347,6
80348,7
80349,6
80350,5
80351,4
80352,5
80353,4
80354,5
80355,1
80356,7
80357,4
80358,5
80359,8
80360,9
80361,9
80362,1
80363,5
80364,9
80365,5
80366,3
80367,5
80368,5
80369,3
80370,6
80371,5
80372,7
80373,2
80374,4
80375,6
80376,7
80377,4
80378,4
80379,4
80380,10
80381,8
80382,8
80383,7
80384,8
80385,5
80386,6
80387,4
80388,5
80389,3
80390,3
80391,4
80392,4
80393,1
80394,5
80395,6
80396,2
80397,4
80398,3
80399,3
80400,4
80401,2
80402,2
80403,4
80404,4
80405,3
80406,5
80407,7
80408,3
80409,7
80410,4
80411,5
80412,1
80413,4
80414,3
80415,4
80416,5
80417,5
80418,8
80419,7
80420,2
80421,5
80422,2
80423,4
80424,2
80425,4
80426,3
80427,3
80428,3
80429,7
80430,5
80431,4
80432,5
80433,4
80434,3
80435,6
80436,4
80437,3
80438,3
80439,3
80440,2
80441,4
80442,4
80443,4
80444,0
80445,0
80446,5
80447,1
80448,3
80449,1
80450,5
80451,5
80452,0
80453,1
80454,4
80455,2
80456,2
80457,2
80458,1
80459,4
80460,3
80461,5
80462,3
80463,5
80464,0
80465,5
80466,2
80467,6
80468,7
80469,5
80470,4
80471,6
80472,3
80473,11
80474,6
80475,6
80476,6
80477,6
80478,9
80479,6
80480,8
80481,9
80482,6
80483,5
80484,6
80485,8
80486,6
80487,5
80488,9
80489,6
80490,7
80491,3
80492,4
80493,5
80494,4
80495,5
80496,2
80497,4
80498,3
80499,3
80500,4
80501,0
80502,5
80503,3
80504,7
80505,5
80506,6
80507,2
80508,3
80509,2
80510,2
80511,3
80512,4
80513,2
80514,3
80515,1
80516,4
80517,4
80518,9
80519,2
80520,5
80521,5
80522,4
80523,9
80524,6
80525,7
80526,6
80527,5
80528,2
80529,2
80530,5
80531,3
80532,2
80533,4
80534,6
80535,3
80536,2
80537,7
80538,4
80539,5
80540,6
80541,7
80542,5
80543,4
80544,5
80545,5
80546,5
80547,4
80548,4
80549,5
80550,3
80551,5
80552,5
80553,4
80554,2
80555,2
80556,3
80557,3
80558,5
80559,3
80560,1
80561,8
80562,3
80563,1
80564,2
80565,3
80566,7
80567,2
80568,3
80569,4
80570,2
80571,1
80572,5
80573,3
80574,7
80575,3
80576,1
80577,4
80578,3
80579,4
80580,4
80581,6
80582,5
80583,4
80584,2
80585,3
80586,5
80587,7
80588,3
80589,4
80590,2
80591,8
80592,2
80593,3
80594,3
80595,5
80596,2
80597,8
80598,2
80599,7
80600,6
80601,6
80602,7
80603,5
80604,4
80605,6
80606,6
80607,4
80608,5
80609,3
80610,4
80611,4
80612,3
80613,5
80614,4
80615,2
80616,0
80617,3
80618,1
80619,1
80620,3
80621,5
80622,3
80623,2
80624,2
80625,2
80626,2
80627,1
80628,2
80629,1
80630,1
80631,3
80632,2
80633,3
80634,3
80635,5
80636,2
80637,4
80638,4
80639,3
80640,3
80641,6
80642,2
80643,2
80644,5
80645,6
80646,8
80647,3
80648,8
80649,3
80650,4
80651,2
80652,3
80653,2
80654,5
80655,1
80656,1
80657,2
80658,4
80659,5
80660,3
80661,4
80662,8
80663,6
80664,8
80665,10
80666,2
80667,7
80668,8
80669,4
80670,8
80671,7
80672,2
80673,6
80674,4
80675,8
80676,2
80677,2
80678,4
80679,0
80680,0
80681,1
80682,3
80683,6
80684,4
80685,7
80686,6
80687,3
80688,2
80689,1
80690,4
80691,5
80692,2
80693,2
80694,3
80695,3
80696,2
80697,4
80698,4
80699,4
80700,4
80701,4
80702,6
80703,3
80704,5
80705,3
80706,6
80707,4
80708,4
80709,5
80710,1
80711,4
80712,5
80713,2
80714,3
80715,3
80716,3
80717,3
80718,2
80719,5
80720,0
80721,3
80722,0
80723,2
80724,1
80725,4
80726,3
80727,0
80728,4
80729,6
80730,3
80731,5
80732,1
80733,4
80734,4
80735,3
80736,6
80737,0
80738,8
80739,2
80740,3
80741,2
80742,0
80743,2
80744,2
80745,2
80746,4
80747,6
80748,8
80749,6
80750,4
80751,2
80752,1
80753,2
80754,4
80755,3
80756,4
80757,3
80758,2
80759,4
80760,2
80761,3
80762,4
80763,1
80764,1
80765,0
80766,2
80767,3
80768,1
80769,2
80770,1
80771,2
80772,6
80773,2
80774,4
80775,7
80776,3
80777,7
80778,4
80779,3
80780,4
80781,11
80782,4
80783,6
80784,5
80785,8
80786,2
80787,5
80788,3
80789,3
80790,4
80791,2
80792,4
80793,4
80794,3
80795,2
80796,4
80797,2
80798,2
80799,2
80800,2
80801,4
80802,4
80803,3
80804,2
80805,4
80806,2
80807,5
80808,5
80809,1
80810,0
80811,8
80812,2
80813,4
80814,3
80815,3
80816,3
80817,1
80818,3
80819,2
80820,5
80821,5
80822,3
80823,5
80824,2
80825,2
80826,4
80827,4
80828,6
80829,2
80830,4
80831,6
80832,3
80833,10
80834,7
80835,5
80836,6
80837,8
80838,8
80839,6
80840,7
80841,4
80842,2
80843,4
80844,1
80845,6
80846,4
80847,5
80848,5
80849,6
80850,4
80851,6
80852,4
80853,5
80854,4
80855,3
80856,2
80857,4
80858,4
80859,6
80860,1
80861,4
80862,3
80863,1
80864,5
80865,5
80866,4
80867,1
80868,6
80869,9
80870,5
80871,7
80872,5
80873,5
80874,5
80875,3
80876,3
80877,4
80878,6
80879,7
80880,1
80881,3
80882,6
80883,3
80884,2
80885,6
80886,3
80887,2
80888,6
80889,4
80890,6
80891,6
80892,9
80893,5
80894,4
80895,4
80896,5
80897,4
80898,3
80899,2
80900,4
80901,6
80902,4
80903,6
80904,4
80905,5
80906,6
80907,4
80908,7
80909,8
80910,6
80911,7
80912,5
80913,3
80914,6
80915,5
80916,7
80917,1
80918,5
80919,5
80920,3
80921,2
80922,1
80923,4
80924,2
80925,1
80926,1
80927,4
80928,2
80929,6
80930,1
80931,1
80932,4
80933,3
80934,2
80935,1
80936,3
80937,2
80938,0
80939,5
80940,3
80941,5
80942,2
80943,4
80944,3
80945,3
80946,3
80947,1
80948,1
80949,1
80950,3
80951,3
80952,3
80953,4
80954,3
80955,0
80956,5
80957,2
80958,3
80959,1
80960,0
80961,6
80962,2
80963,3
80964,3
80965,0
80966,3
80967,1
80968,5
80969,0
80970,4
80971,3
80972,5
80973,1
80974,5
80975,1
80976,4
80977,2
80978,3
80979,4
80980,2
80981,2
80982,3
80983,5
80984,3
80985,5
80986,4
80987,4
80988,2
80989,3
80990,8
80991,2
80992,9
80993,6
80994,3
80995,5
80996,4
80997,4
80998,5
80999,5
81000,2
81001,6
81002,4
81003,2
81004,4
81005,4
81006,5
81007,4
81008,5
81009,5
81010,6
81011,5
81012,3
81013,4
81014,6
81015,5
81016,6
81017,6
81018,6
81019,4
81020,2
81021,5
81022,3
81023,6
81024,2
81025,4
81026,2
81027,2
81028,2
81029,2
81030,3
81031,3
81032,2
81033,4
81034,0
81035,0
81036,5
81037,1
81038,2
81039,0
81040,2
81041,2
81042,3
81043,5
81044,3
81045,3
81046,2
81047,4
81048,2
81049,3
81050,1
81051,2
81052,1
81053,2
81054,2
81055,0
81056,1
81057,2
81058,3
81059,0
81060,3
81061,2
81062,0
81063,4
81064,3
81065,1
81066,2
81067,2
81068,5
81069,2
81070,3
81071,5
81072,0
81073,3
81074,2
81075,2
81076,1
81077,8
81078,2
81079,5
81080,5
81081,2
81082,1
81083,3
81084,1
81085,3
81086,1
81087,4
81088,0
81089,1
81090,0
81091,1
81092,1
81093,2
81094,0
81095,1
81096,4
81097,2
81098,2
81099,5
81100,1
81101,1
81102,1
81103,2
81104,1
81105,3
81106,2
81107,2
81108,1
81109,3
81110,0
81111,1
81112,2
81113,6
81114,6
81115,6
81116,4
81117,3
81118,1
81119,0
81120,2
81121,6
81122,2
81123,2
81124,5
81125,5
81126,1
81127,1
81128,4
81129,2
81130,1
81131,1
81132,1
81133,2
81134,1
81135,3
81136,2
81137,1
81138,1
81139,0
81140,1
81141,2
81142,2
81143,3
81144,1
81145,1
81146,3
81147,2
81148,5
81149,3
81150,6
81151,5
81152,1
81153,2
81154,2
81155,3
81156,0
81157,2
81158,2
81159,1
81160,3
81161,3
81162,4
81163,2
81164,2
81165,5
81166,5
81167,2
81168,3
81169,5
81170,3
81171,2
81172,1
81173,1
81174,1
81175,2
81176,3
81177,2
81178,3
81179,2
81180,1
81181,4
81182,1
81183,0
81184,5
81185,1
81186,2
81187,2
81188,4
81189,1
81190,3
81191,0
81192,4
81193,3
81194,3
81195,5
81196,0
81197,1
81198,1
81199,2
81200,1
81201,2
81202,1
81203,2
81204,3
81205,2
81206,0
81207,3
81208,4
81209,5
81210,1
81211,5
81212,4
81213,2
81214,2
81215,2
81216,2
81217,5
81218,4
81219,1
81220,2
81221,5
81222,3
81223,1
81224,2
81225,0
81226,4
81227,1
81228,2
81229,2
81230,1
81231,3
81232,6
81233,2
81234,5
81235,4
81236,3
81237,4
81238,1
81239,1
81240,2
81241,3
81242,5
81243,4
81244,3
81245,0
81246,5
81247,6
81248,4
81249,3
81250,3
81251,2
81252,1
81253,1
81254,2
81255,2
81256,3
81257,4
81258,2
81259,3
81260,3
81261,0
81262,2
81263,3
81264,3
81265,2
81266,2
81267,2
81268,3
81269,2
81270,3
81271,2
81272,1
81273,2
81274,1
81275,5
81276,5
81277,1
81278,1
81279,2
81280,1
81281,1
81282,2
81283,1
81284,4
81285,4
81286,1
81287,5
81288,3
81289,2
81290,3
81291,4
81292,2
81293,2
81294,2
81295,4
81296,5
81297,4
81298,7
81299,2
81300,1
81301,2
81302,3
81303,4
81304,7
81305,3
81306,1
81307,3
81308,5
81309,5
81310,9
81311,6
81312,7
81313,1
81314,4
81315,2
81316,1
81317,2
81318,2
81319,2
81320,3
81321,3
81322,5
81323,1
81324,5
81325,2
81326,0
81327,5
81328,2
81329,4
81330,2
81331,3
81332,2
81333,3
81334,2
81335,3
81336,4
81337,3
81338,2
81339,2
81340,2
81341,3
81342,3
81343,2
81344,4
81345,0
81346,1
81347,4
81348,1
81349,1
81350,2
81351,3
81352,2
81353,4
81354,4
81355,4
81356,5
81357,2
81358,1
81359,0
81360,2
81361,1
81362,4
81363,3
81364,0
81365,4
81366,2
81367,0
81368,3
81369,4
81370,6
81371,1
81372,2
81373,1
81374,2
81375,3
81376,3
81377,2
81378,5
81379,4
81380,7
81381,3
81382,0
81383,1
81384,4
81385,4
81386,4
81387,3
81388,2
81389,5
81390,1
81391,5
81392,6
81393,5
81394,4
81395,2
81396,1
81397,3
81398,3
81399,1
81400,2
81401,1
81402,2
81403,3
81404,2
81405,3
81406,2
81407,3
81408,3
81409,2
81410,2
81411,2
81412,1
81413,2
81414,1
81415,4
81416,1
81417,0
81418,2
81419,2
81420,2
81421,1
81422,3
81423,2
81424,8
81425,1
81426,2
81427,3
81428,1
81429,3
81430,3
81431,2
81432,4
81433,2
81434,3
81435,4
81436,5
81437,3
81438,2
81439,4
81440,3
81441,2
81442,2
81443,4
81444,4
81445,8
81446,2
81447,5
81448,3
81449,5
81450,3
81451,5
81452,4
81453,6
81454,0
81455,3
81456,6
81457,1
81458,3
81459,7
81460,11
81461,7
81462,6
81463,4
81464,6
81465,5
81466,5
81467,5
81468,4
81469,1
81470,6
81471,3
81472,1
81473,5
81474,2
81475,3
81476,7
81477,1
81478,1
81479,0
81480,2
81481,3
81482,5
81483,1
81484,4
81485,5
81486,5
81487,3
81488,5
81489,3
81490,4
81491,5
81492,3
81493,3
81494,5
81495,3
81496,2
81497,5
81498,2
81499,1
81500,3
81501,4
81502,4
81503,4
81504,4
81505,3
81506,2
81507,1
81508,1
81509,6
81510,4
81511,3
81512,6
81513,4
81514,4
81515,4
81516,3
81517,4
81518,5
81519,2
81520,3
81521,2
81522,2
81523,6
81524,3
81525,3
81526,3
81527,1
81528,2
81529,1
81530,5
81531,5
81532,2
81533,2
81534,3
81535,3
81536,3
81537,2
81538,3
81539,3
81540,2
81541,5
81542,2
81543,4
81544,2
81545,5
81546,3
81547,2
81548,3
81549,5
81550,3
81551,4
81552,2
81553,5
81554,1
81555,4
81556,3
81557,4
81558,1
81559,2
81560,5
81561,4
81562,3
81563,4
81564,2
81565,5
81566,3
81567,5
81568,3
81569,3
81570,5
81571,0
81572,4
81573,2
81574,2
81575,5
81576,3
81577,1
81578,1
81579,1
81580,1
81581,4
81582,2
81583,3
81584,2
81585,4
81586,2
81587,3
81588,4
81589,1
81590,1
81591,1
81592,3
81593,5
81594,2
81595,2
81596,2
81597,4
81598,2
81599,3
81600,2
81601,2
81602,2
81603,1
81604,3
81605,0
81606,2
81607,3
81608,3
81609,2
81610,2
81611,6
81612,2
81613,3
81614,2
81615,3
81616,3
81617,4
81618,4
81619,1
81620,2
81621,0
81622,1
81623,1
81624,1
81625,3
81626,3
81627,6
81628,5
81629,4
81630,1
81631,2
81632,4
81633,2
81634,1
81635,3
81636,2
81637,4
81638,1
81639,4
81640,3
81641,5
81642,6
81643,2
81644,0
81645,4
81646,3
81647,3
81648,3
81649,3
81650,3
81651,4
81652,4
81653,3
81654,2
81655,7
81656,4
81657,4
81658,5
81659,5
81660,6
81661,4
81662,3
81663,6
81664,3
81665,2
81666,4
81667,2
81668,3
81669,1
81670,3
81671,2
81672,0
81673,3
81674,7
81675,2
81676,1
81677,4
81678,7
81679,1
81680,5
81681,3
81682,2
81683,3
81684,3
81685,4
81686,2
81687,3
81688,2
81689,3
81690,4
81691,3
81692,3
81693,2
81694,5
81695,4
81696,1
81697,3
81698,3
81699,2
81700,3
81701,2
81702,5
81703,3
81704,5
81705,3
81706,3
81707,1
81708,7
81709,5
81710,3
81711,7
81712,1
81713,1
81714,7
81715,9
81716,2
81717,3
81718,6
81719,3
81720,5
81721,1
81722,6
81723,2
81724,8
81725,7
81726,2
81727,9
81728,5
81729,7
81730,8
81731,10
81732,3
81733,1
81734,6
81735,1
81736,5
81737,6
81738,3
81739,6
81740,6
81741,6
81742,1
81743,5
81744,4
81745,3
81746,2
81747,4
81748,2
81749,3
81750,3
81751,6
81752,2
81753,4
81754,4
81755,6
81756,3
81757,4
81758,3
81759,3
81760,3
81761,5
81762,4
81763,4
81764,8
81765,1
81766,2
81767,4
81768,5
81769,2
81770,2
81771,5
81772,2
81773,3
81774,5
81775,5
81776,5
81777,3
81778,4
81779,5
81780,6
81781,7
81782,5
81783,7
81784,5
81785,5
81786,4
81787,3
81788,2
81789,6
81790,9
81791,4
81792,7
81793,5
81794,4
81795,13
81796,6
81797,4
81798,6
81799,11
81800,6
81801,5
81802,2
81803,2
81804,4
81805,5
81806,2
81807,4
81808,2
81809,0
81810,3
81811,1
81812,3
81813,2
81814,0
81815,1
81816,2
81817,1
81818,2
81819,2
81820,4
81821,4
81822,4
81823,3
81824,2
81825,6
81826,6
81827,3
81828,1
81829,2
81830,0
81831,2
81832,1
81833,1
81834,1
81835,2
81836,3
81837,4
81838,3
81839,3
81840,3
81841,3
81842,4
81843,3
81844,2
81845,6
81846,2
81847,2
81848,2
81849,1
81850,2
81851,1
81852,1
81853,1
81854,3
81855,5
81856,4
81857,4
81858,1
81859,3
81860,5
81861,1
81862,2
81863,4
81864,0
81865,2
81866,1
81867,3
81868,2
81869,3
81870,2
81871,2
81872,5
81873,3
81874,2
81875,1
81876,0
81877,2
81878,2
81879,1
81880,3
81881,5
81882,2
81883,1
81884,3
81885,2
81886,1
81887,3
81888,0
81889,1
81890,1
81891,4
81892,2
81893,3
81894,0
81895,1
81896,2
81897,2
81898,2
81899,2
81900,2
81901,3
81902,3
81903,0
81904,4
81905,1
81906,4
81907,0
81908,0
81909,2
81910,2
81911,3
81912,3
81913,0
81914,3
81915,2
81916,4
81917,5
81918,4
81919,1
81920,4
81921,2
81922,3
81923,4
81924,2
81925,5
81926,4
81927,3
81928,0
81929,1
81930,3
81931,1
81932,2
81933,3
81934,4
81935,3
81936,2
81937,2
81938,3
81939,5
81940,2
81941,3
81942,2
81943,4
81944,1
81945,6
81946,6
81947,6
81948,4
81949,5
81950,5
81951,0
81952,7
81953,5
81954,3
81955,3
81956,2
81957,9
81958,5
81959,2
81960,5
81961,7
81962,3
81963,3
81964,3
81965,4
81966,3
81967,3
81968,1
81969,1
81970,2
81971,3
81972,3
81973,9
81974,4
81975,3
81976,3
81977,4
81978,0
81979,1
81980,2
81981,2
81982,2
81983,5
81984,4
81985,0
81986,1
81987,2
81988,3
81989,1
81990,4
81991,6
81992,5
81993,4
81994,1
81995,0
81996,3
81997,3
81998,4
81999,7
82000,3
82001,2
82002,3
82003,3
82004,3
82005,3
82006,2
82007,2
82008,3
82009,3
82010,3
82011,6
82012,4
82013,6
82014,3
82015,4
82016,3
82017,4
82018,2
82019,3
82020,3
82021,4
82022,3
82023,3
82024,1
82025,6
82026,10
82027,8
82028,7
82029,3
82030,7
82031,7
82032,5
82033,4
82034,7
82035,7
82036,2
82037,4
82038,8
82039,4
82040,5
82041,6
82042,4
82043,1
82044,5
82045,3
82046,4
82047,4
82048,3
82049,3
82050,2
82051,1
82052,4
82053,5
82054,4
82055,5
82056,3
82057,2
82058,6
82059,2
82060,3
82061,6
82062,3
82063,1
82064,4
82065,4
82066,5
82067,3
82068,3
82069,2
82070,4
82071,2
82072,2
82073,1
82074,2
82075,2
82076,2
82077,2
82078,1
82079,2
82080,1
82081,1
82082,4
82083,2
82084,2
82085,0
82086,4
82087,4
82088,3
82089,1
82090,6
82091,4
82092,5
82093,3
82094,5
82095,4
82096,3
82097,2
82098,4
82099,1
82100,4
82101,5
82102,3
82103,8
82104,5
82105,3
82106,4
82107,7
82108,4
82109,4
82110,3
82111,4
82112,5
82113,2
82114,3
82115,7
82116,7
82117,4
82118,2
82119,5
82120,4
82121,4
82122,4
82123,3
82124,1
82125,5
82126,4
82127,6
82128,5
82129,2
82130,4
82131,2
82132,3
82133,5
82134,3
82135,4
82136,3
82137,6
82138,4
82139,3
82140,3
82141,2
82142,2
82143,3
82144,2
82145,1
82146,3
82147,5
82148,1
82149,5
82150,4
82151,3
82152,2
82153,3
82154,2
82155,2
82156,3
82157,0
82158,3
82159,3
82160,2
82161,1
82162,9
82163,1
82164,3
82165,3
82166,6
82167,3
82168,6
82169,2
82170,3
82171,2
82172,7
82173,4
82174,2
82175,0
82176,4
82177,4
82178,2
82179,4
82180,6
82181,3
82182,4
82183,2
82184,3
82185,2
82186,2
82187,3
82188,3
82189,0
82190,1
82191,4
82192,1
82193,0
82194,2
82195,4
82196,2
82197,2
82198,2
82199,2
82200,2
82201,1
82202,2
82203,3
82204,2
82205,5
82206,2
82207,4
82208,3
82209,2
82210,2
82211,1
82212,0
82213,2
82214,2
82215,8
82216,1
82217,3
82218,5
82219,2
82220,1
82221,3
82222,5
82223,1
82224,4
82225,4
82226,3
82227,1
82228,4
82229,3
82230,4
82231,5
82232,3
82233,3
82234,5
82235,3
82236,2
82237,3
82238,2
82239,3
82240,4
82241,0
82242,5
82243,4
82244,0
82245,2
82246,2
82247,1
82248,2
82249,2
82250,2
82251,2
82252,3
82253,2
82254,1
82255,3
82256,3
82257,1
82258,3
82259,4
82260,5
82261,2
82262,4
82263,2
82264,3
82265,1
82266,6
82267,4
82268,4
82269,6
82270,7
82271,6
82272,7
82273,1
82274,8
82275,1
82276,3
82277,2
82278,3
82279,4
82280,3
82281,1
82282,3
82283,2
82284,0
82285,2
82286,0
82287,1
82288,4
82289,3
82290,5
82291,2
82292,3
82293,2
82294,4
82295,2
82296,2
82297,2
82298,3
82299,2
82300,3
82301,2
82302,2
82303,4
82304,2
82305,3
82306,5
82307,2
82308,2
82309,2
82310,1
82311,1
82312,0
82313,1
82314,3
82315,1
82316,1
82317,5
82318,1
82319,2
82320,0
82321,4
82322,2
82323,2
82324,2
82325,2
82326,5
82327,4
82328,6
82329,4
82330,1
82331,3
82332,2
82333,2
82334,2
82335,2
82336,1
82337,3
82338,1
82339,2
82340,0
82341,2
82342,5
82343,2
82344,1
82345,1
82346,6
82347,2
82348,4
82349,0
82350,6
82351,1
82352,2
82353,3
82354,3
82355,5
82356,2
82357,3
82358,5
82359,1
82360,4
82361,3
82362,8
82363,5
82364,2
82365,6
82366,2
82367,4
82368,2
82369,1
82370,6
82371,2
82372,5
82373,1
82374,3
82375,2
82376,4
82377,4
82378,1
82379,1
82380,1
82381,3
82382,2
82383,3
82384,3
82385,2
82386,2
82387,2
82388,3
82389,2
82390,3
82391,4
82392,4
82393,4
82394,5
82395,3
82396,3
82397,3
82398,4
82399,4
82400,5
82401,4
82402,2
82403,5
82404,5
82405,2
82406,4
82407,2
82408,2
82409,3
82410,4
82411,4
82412,2
82413,3
82414,2
82415,5
82416,4
82417,3
82418,4
82419,2
82420,3
82421,3
82422,0
82423,3
82424,2
82425,3
82426,2
82427,2
82428,6
82429,4
82430,2
82431,6
82432,0
82433,5
82434,6
82435,3
82436,3
82437,5
82438,5
82439,3
82440,2
82441,3
82442,4
82443,4
82444,11
82445,6
82446,5
82447,5
82448,2
82449,2
82450,1
82451,2
82452,2
82453,1
82454,3
82455,3
82456,1
82457,5
82458,4
82459,2
82460,7
82461,7
82462,3
82463,2
82464,4
82465,4
82466,3
82467,3
82468,5
82469,5
82470,7
82471,3
82472,4
82473,2
82474,1
82475,4
82476,5
82477,7
82478,6
82479,5
82480,7
82481,5
82482,4
82483,5
82484,2
82485,3
82486,8
82487,2
82488,4
82489,5
82490,5
82491,3
82492,3
82493,4
82494,6
82495,3
82496,7
82497,3
82498,3
82499,6
82500,8
82501,2
82502,5
82503,6
82504,4
82505,6
82506,7
82507,2
82508,2
82509,1
82510,5
82511,5
82512,1
82513,4
82514,6
82515,3
82516,7
82517,2
82518,1
82519,4
82520,2
82521,8
82522,3
82523,2
82524,1
82525,3
82526,4
82527,5
82528,3
82529,4
82530,1
82531,1
82532,4
82533,3
82534,3
82535,3
82536,4
82537,3
82538,2
82539,1
82540,2
82541,3
82542,2
82543,2
82544,1
82545,4
82546,4
82547,2
82548,1
82549,2
82550,3
82551,2
82552,3
82553,2
82554,4
82555,0
82556,3
82557,3
82558,2
82559,1
82560,2
82561,2
82562,2
82563,3
82564,1
82565,1
82566,3
82567,1
82568,3
82569,4
82570,2
82571,6
82572,3
82573,3
82574,5
82575,2
82576,6
82577,0
82578,3
82579,6
82580,3
82581,2
82582,4
82583,3
82584,2
82585,1
82586,4
82587,1
82588,2
82589,4
82590,8
82591,3
82592,1
82593,4
82594,2
82595,4
82596,2
82597,2
82598,2
82599,4
82600,4
82601,2
82602,5
82603,2
82604,3
82605,4
82606,4
82607,2
82608,5
82609,7
82610,4
82611,7
82612,7
82613,9
82614,5
82615,5
82616,4
82617,3
82618,7
82619,6
82620,6
82621,5
82622,4
82623,4
82624,3
82625,8
82626,4
82627,4
82628,3
82629,2
82630,1
82631,5
82632,5
82633,4
82634,2
82635,4
82636,2
82637,7
82638,9
82639,9
82640,3
82641,5
82642,3
82643,4
82644,2
82645,2
82646,5
82647,2
82648,4
82649,2
82650,4
82651,8
82652,3
82653,2
82654,3
82655,3
82656,3
82657,4
82658,3
82659,7
82660,5
82661,2
82662,2
82663,4
82664,3
82665,3
82666,2
82667,4
82668,7
82669,6
82670,4
82671,6
82672,10
82673,4
82674,2
82675,6
82676,3
82677,7
82678,2
82679,6
82680,4
82681,6
82682,2
82683,3
82684,5
82685,5
82686,4
82687,2
82688,0
82689,4
82690,0
82691,1
82692,4
82693,5
82694,4
82695,2
82696,5
82697,2
82698,2
82699,4
82700,3
82701,3
82702,1
82703,2
82704,1
82705,0
82706,1
82707,2
82708,4
82709,8
82710,2
82711,5
82712,3
82713,2
82714,2
82715,0
82716,5
82717,7
82718,4
82719,1
82720,6
82721,2
82722,2
82723,4
82724,4
82725,3
82726,5
82727,7
82728,5
82729,4
82730,3
82731,3
82732,3
82733,10
82734,7
82735,3
82736,5
82737,4
82738,6
82739,1
82740,5
82741,8
82742,7
82743,9
82744,5
82745,11
82746,4
82747,4
82748,1
82749,4
82750,3
82751,2
82752,4
82753,3
82754,2
82755,2
82756,2
82757,3
82758,1
82759,3
82760,3
82761,4
82762,1
82763,2
82764,3
82765,2
82766,2
82767,2
82768,5
82769,5
82770,2
82771,3
82772,2
82773,1
82774,3
82775,2
82776,4
82777,1
82778,3
82779,5
82780,3
82781,6
82782,2
82783,3
82784,2
82785,4
82786,2
82787,4
82788,0
82789,1
82790,5
82791,3
82792,2
82793,4
82794,2
82795,4
82796,0
82797,5
82798,4
82799,7
82800,2
82801,3
82802,4
82803,5
82804,8
82805,3
82806,4
82807,7
82808,4
82809,5
82810,4
82811,6
82812,3
82813,3
82814,1
82815,1
82816,4
82817,1
82818,4
82819,2
82820,3
82821,3
82822,3
82823,1
82824,1
82825,2
82826,3
82827,2
82828,2
82829,1
82830,0
82831,4
82832,5
82833,1
82834,2
82835,4
82836,3
82837,5
82838,4
82839,3
82840,5
82841,7
82842,0
82843,2
82844,6
82845,2
82846,5
82847,6
82848,5
82849,8
82850,11
82851,3
82852,2
82853,2
82854,7
82855,3
82856,4
82857,5
82858,2
82859,3
82860,3
82861,4
82862,4
82863,1
82864,2
82865,3
82866,3
82867,4
82868,7
82869,4
82870,2
82871,4
82872,4
82873,2
82874,2
82875,1
82876,3
82877,4
82878,0
82879,0
82880,4
82881,2
82882,4
82883,2
82884,5
82885,2
82886,1
82887,3
82888,4
82889,2
82890,1
82891,3
82892,2
82893,6
82894,4
82895,5
82896,3
82897,4
82898,4
82899,4
82900,3
82901,3
82902,5
82903,3
82904,2
82905,6
82906,8
82907,10
82908,6
82909,4
82910,8
82911,5
82912,4
82913,8
82914,8
82915,7
82916,3
82917,4
82918,4
82919,3
82920,2
82921,5
82922,1
82923,2
82924,2
82925,5
82926,3
82927,4
82928,3
82929,2
82930,3
82931,3
82932,7
82933,1
82934,5
82935,6
82936,7
82937,6
82938,8
82939,6
82940,3
82941,3
82942,3
82943,1
82944,1
82945,1
82946,2
82947,2
82948,1
82949,0
82950,0
82951,1
82952,1
82953,1
82954,0
82955,1
82956,3
82957,0
82958,2
82959,2
82960,2
82961,2
82962,3
82963,2
82964,1
82965,0
82966,2
82967,2
82968,2
82969,4
82970,3
82971,3
82972,4
82973,3
82974,4
82975,3
82976,2
82977,3
82978,5
82979,0
82980,3
82981,4
82982,2
82983,3
82984,2
82985,3
82986,3
82987,2
82988,0
82989,2
82990,2
82991,2
82992,2
82993,1
82994,3
82995,2
82996,3
82997,2
82998,4
82999,0
83000,1
83001,2
83002,3
83003,1
83004,3
83005,2
83006,2
83007,4
83008,3
83009,3
83010,1
83011,3
83012,2
83013,2
83014,4
83015,2
83016,5
83017,4
83018,7
83019,2
83020,5
83021,5
83022,3
83023,4
83024,0
83025,3
83026,4
83027,4
83028,6
83029,2
83030,3
83031,6
83032,3
83033,1
83034,5
83035,3
83036,2
83037,5
83038,3
83039,2
83040,4
83041,3
83042,0
83043,0
83044,3
83045,2
83046,2
83047,3
83048,1
83049,3
83050,3
83051,3
83052,4
83053,4
83054,5
83055,3
83056,4
83057,2
83058,4
83059,2
83060,4
83061,3
83062,3
83063,2
83064,5
83065,1
83066,3
83067,4
83068,4
83069,3
83070,2
83071,2
83072,4
83073,6
83074,2
83075,3
83076,6
83077,3
83078,7
83079,2
83080,3
83081,5
83082,3
83083,4
83084,3
83085,3
83086,3
83087,3
83088,6
83089,5
83090,5
83091,6
83092,2
83093,4
83094,1
83095,5
83096,1
83097,0
83098,3
83099,2
83100,1
83101,5
83102,3
83103,2
83104,1
83105,4
83106,4
83107,5
83108,2
83109,4
83110,4
83111,2
83112,1
83113,1
83114,4
83115,6
83116,1
83117,8
83118,4
83119,8
83120,2
83121,1
83122,2
83123,3
83124,2
83125,3
83126,1
83127,6
83128,3
83129,4
83130,4
83131,6
83132,5
83133,6
83134,3
83135,5
83136,3
83137,4
83138,7
83139,4
83140,2
83141,1
83142,1
83143,3
83144,2
83145,4
83146,7
83147,2
83148,5
83149,7
83150,3
83151,3
83152,2
83153,6
83154,4
83155,1
83156,2
83157,6
83158,5
83159,2
83160,3
83161,2
83162,2
83163,3
83164,3
83165,3
83166,5
83167,0
83168,1
83169,2
83170,2
83171,1
83172,1
83173,1
83174,2
83175,5
83176,1
83177,1
83178,2
83179,3
83180,3
83181,0
83182,3
83183,5
83184,5
83185,5
83186,7
83187,3
83188,2
83189,4
83190,5
83191,2
83192,4
83193,4
83194,1
83195,1
83196,2
83197,3
83198,2
83199,2
83200,4
83201,4
83202,5
83203,6
83204,6
83205,4
83206,2
83207,2
83208,4
83209,4
83210,1
83211,2
83212,3
83213,2
83214,6
83215,3
83216,4
83217,6
83218,4
83219,4
83220,6
83221,4
83222,7
83223,6
83224,5
83225,6
83226,4
83227,7
83228,1
83229,1
83230,2
83231,0
83232,3
83233,0
83234,1
83235,2
83236,6
83237,5
83238,3
83239,3
83240,4
83241,2
83242,7
83243,5
83244,4
83245,2
83246,5
83247,1
83248,6
83249,4
83250,6
83251,4
83252,6
83253,6
83254,2
83255,5
83256,3
83257,5
83258,3
83259,5
83260,2
83261,2
83262,1
83263,5
83264,7
83265,5
83266,5
83267,2
83268,0
83269,4
83270,5
83271,8
83272,7
83273,10
83274,7
83275,3
83276,2
83277,4
83278,4
83279,0
83280,2
83281,1
83282,5
83283,3
83284,2
83285,3
83286,5
83287,2
83288,2
83289,2
83290,3
83291,0
83292,0
83293,2
83294,3
83295,1
83296,3
83297,4
83298,4
83299,2
83300,2
83301,3
83302,3
83303,4
83304,3
83305,2
83306,5
83307,3
83308,8
83309,4
83310,6
83311,4
83312,3
83313,2
83314,4
83315,1
83316,2
83317,4
83318,2
83319,4
83320,3
83321,3
83322,3
83323,1
83324,6
83325,5
83326,4
83327,2
83328,4
83329,2
83330,1
83331,2
83332,2
83333,2
83334,1
83335,2
83336,2
83337,6
83338,0
83339,2
83340,2
83341,4
83342,5
83343,4
83344,4
83345,1
83346,5
83347,3
83348,0
83349,2
83350,2
83351,1
83352,2
83353,3
83354,4
83355,2
83356,1
83357,4
83358,3
83359,4
83360,2
83361,5
83362,5
83363,3
83364,2
83365,4
83366,5
83367,3
83368,2
83369,7
83370,5
83371,4
83372,7
83373,6
83374,4
83375,5
83376,4
83377,4
83378,4
83379,3
83380,1
83381,7
83382,4
83383,1
83384,2
83385,3
83386,2
83387,3
83388,6
83389,3
83390,2
83391,1
83392,1
83393,2
83394,4
83395,2
83396,4
83397,2
83398,2
83399,4
83400,2
83401,2
83402,3
83403,3
83404,3
83405,6
83406,2
83407,1
83408,1
83409,5
83410,2
83411,1
83412,1
83413,5
83414,4
83415,1
83416,7
83417,4
83418,1
83419,5
83420,2
83421,9
83422,1
83423,1
83424,0
83425,2
83426,5
83427,5
83428,1
83429,2
83430,3
83431,5
83432,0
83433,3
83434,4
83435,2
83436,1
83437,2
83438,4
83439,3
83440,3
83441,1
83442,2
83443,0
83444,2
83445,4
83446,2
83447,1
83448,2
83449,5
83450,1
83451,2
83452,6
83453,2
83454,2
83455,0
83456,1
83457,3
83458,2
83459,3
83460,2
83461,1
83462,4
83463,3
83464,0
83465,3
83466,3
83467,2
83468,7
83469,5
83470,5
83471,3
83472,5
83473,3
83474,7
83475,4
83476,7
83477,3
83478,1
83479,1
83480,6
83481,4
83482,4
83483,2
83484,5
83485,8
83486,6
83487,6
83488,2
83489,3
83490,2
83491,3
83492,4
83493,2
83494,1
83495,3
83496,4
83497,4
83498,4
83499,1
83500,2
83501,2
83502,3
83503,7
83504,5
83505,4
83506,5
83507,5
83508,4
83509,3
83510,4
83511,5
83512,1
83513,4
83514,3
83515,4
83516,4
83517,4
83518,4
83519,5
83520,1
83521,1
83522,5
83523,3
83524,2
83525,5
83526,4
83527,5
83528,3
83529,1
83530,2
83531,2
83532,4
83533,3
83534,6
83535,4
83536,5
83537,3
83538,2
83539,2
83540,2
83541,2
83542,4
83543,6
83544,4
83545,6
83546,3
83547,7
83548,1
83549,4
83550,5
83551,2
83552,5
83553,6
83554,2
83555,2
83556,7
83557,2
83558,4
83559,2
83560,4
83561,4
83562,3
83563,1
83564,4
83565,1
83566,1
83567,3
83568,5
83569,4
83570,3
83571,8
83572,2
83573,2
83574,1
83575,5
83576,4
83577,7
83578,3
83579,3
83580,5
83581,3
83582,2
83583,1
83584,5
83585,2
83586,4
83587,2
83588,4
83589,6
83590,5
83591,5
83592,6
83593,5
83594,2
83595,6
83596,2
83597,3
83598,3
83599,8
83600,4
83601,3
83602,4
83603,4
83604,2
83605,3
83606,1
83607,4
83608,5
83609,1
83610,2
83611,2
83612,2
83613,7
83614,3
83615,9
83616,10
83617,3
83618,5
83619,8
83620,5
83621,3
83622,6
83623,8
83624,8
83625,2
83626,4
83627,4
83628,5
83629,5
83630,3
83631,3
83632,1
83633,5
83634,4
83635,1
83636,4
83637,4
83638,4
83639,4
83640,3
83641,4
83642,5
83643,7
83644,4
83645,4
83646,4
83647,3
83648,4
83649,1
83650,3
83651,2
83652,1
83653,0
83654,4
83655,2
83656,4
83657,2
83658,3
83659,2
83660,4
83661,6
83662,2
83663,1
83664,3
83665,3
83666,4
83667,1
83668,3
83669,1
83670,1
83671,0
83672,4
83673,2
83674,3
83675,2
83676,3
83677,4
83678,2
83679,0
83680,4
83681,3
83682,3
83683,4
83684,4
83685,0
83686,3
83687,2
83688,6
83689,4
83690,3
83691,4
83692,3
83693,4
83694,2
83695,5
83696,5
83697,7
83698,5
83699,4
83700,3
83701,8
83702,2
83703,4
83704,0
83705,3
83706,1
83707,2
83708,7
83709,4
83710,2
83711,4
83712,2
83713,7
83714,1
83715,2
83716,2
83717,2
83718,4
83719,4
83720,3
83721,3
83722,3
83723,2
83724,4
83725,4
83726,1
83727,2
83728,2
83729,1
83730,3
83731,1
83732,1
83733,4
83734,4
83735,4
83736,2
83737,3
83738,5
83739,4
83740,5
83741,6
83742,4
83743,3
83744,4
83745,5
83746,6
83747,7
83748,6
83749,3
83750,3
83751,5
83752,5
83753,6
83754,7
83755,2
83756,8
83757,7
83758,4
83759,4
83760,4
83761,2
83762,3
83763,3
83764,5
83765,8
83766,6
83767,9
83768,6
83769,5
83770,5
83771,5
83772,5
83773,4
83774,8
83775,4
83776,5
83777,5
83778,4
83779,5
83780,3
83781,5
83782,4
83783,4
83784,1
83785,4
83786,3
83787,3
83788,3
83789,3
83790,3
83791,9
83792,2
83793,3
83794,4
83795,3
83796,7
83797,4
83798,4
83799,8
83800,0
83801,5
83802,4
83803,2
83804,2
83805,4
83806,5
83807,4
83808,1
83809,7
83810,3
83811,4
83812,3
83813,5
83814,4
83815,4
83816,0
83817,1
83818,4
83819,3
83820,5
83821,3
83822,1
83823,3
83824,2
83825,2
83826,2
83827,2
83828,2
83829,3
83830,1
83831,0
83832,2
83833,4
83834,4
83835,4
83836,2
83837,4
83838,2
83839,6
83840,6
83841,2
83842,4
83843,6
83844,4
83845,6
83846,1
83847,2
83848,1
83849,2
83850,2
83851,2
83852,1
83853,1
83854,1
83855,3
83856,0
83857,4
83858,1
83859,3
83860,2
83861,2
83862,1
83863,3
83864,5
83865,2
83866,1
83867,3
83868,4
83869,4
83870,3
83871,4
83872,6
83873,3
83874,2
83875,5
83876,3
83877,3
83878,3
83879,1
83880,0
83881,5
83882,3
83883,2
83884,5
83885,1
83886,1
83887,3
83888,1
83889,2
83890,7
83891,3
83892,5
83893,5
83894,3
83895,6
83896,4
83897,7
83898,8
83899,4
83900,1
83901,4
83902,3
83903,3
83904,2
83905,12
83906,9
83907,7
83908,5
83909,8
83910,5
83911,3
83912,4
83913,6
83914,5
83915,2
83916,2
83917,9
83918,5
83919,4
83920,8
83921,1
83922,7
83923,4
83924,7
83925,1
83926,4
83927,5
83928,5
83929,5
83930,6
83931,6
83932,6
83933,3
83934,4
83935,4
83936,10
83937,2
83938,4
83939,2
83940,5
83941,4
83942,4
83943,6
83944,6
83945,6
83946,7
83947,9
83948,8
83949,6
83950,2
83951,4
83952,1
83953,3
83954,6
83955,3
83956,1
83957,2
83958,4
83959,4
83960,1
83961,3
83962,2
83963,6
83964,2
83965,3
83966,3
83967,2
83968,1
83969,2
83970,1
83971,2
83972,3
83973,1
83974,3
83975,3
83976,2
83977,4
83978,4
83979,2
83980,2
83981,4
83982,3
83983,1
83984,3
83985,2
83986,5
83987,1
83988,3
83989,3
83990,4
83991,3
83992,3
83993,2
83994,0
83995,3
83996,0
83997,4
83998,2
83999,5
84000,3
84001,1
84002,2
84003,3
84004,1
84005,4
84006,1
84007,1
84008,1
84009,2
84010,3
84011,4
84012,6
84013,4
84014,4
84015,3
84016,4
84017,2
84018,3
84019,3
84020,1
84021,1
84022,2
84023,2
84024,1
84025,3
84026,2
84027,2
84028,2
84029,4
84030,2
84031,5
84032,8
84033,6
84034,6
84035,6
84036,3
84037,3
84038,2
84039,4
84040,2
84041,2
84042,1
84043,3
84044,4
84045,3
84046,2
84047,3
84048,7
84049,4
84050,3
84051,4
84052,4
84053,6
84054,5
84055,4
84056,4
84057,2
84058,0
84059,5
84060,2
84061,3
84062,2
84063,4
84064,2
84065,2
84066,3
84067,5
84068,2
84069,8
84070,3
84071,2
84072,4
84073,5
84074,4
84075,7
84076,2
84077,4
84078,4
84079,1
84080,3
84081,1
84082,4
84083,7
84084,3
84085,3
84086,7
84087,4
84088,5
84089,7
84090,1
84091,2
84092,1
84093,3
84094,4
84095,3
84096,3
84097,4
84098,2
84099,0
84100,3
84101,4
84102,2
84103,2
84104,4
84105,0
84106,2
84107,3
84108,2
84109,5
84110,2
84111,3
84112,5
84113,3
84114,2
84115,4
84116,7
84117,3
84118,5
84119,6
84120,4
84121,1
84122,1
84123,3
84124,3
84125,3
84126,2
84127,6
84128,5
84129,4
84130,2
84131,4
84132,7
84133,2
84134,3
84135,4
84136,6
84137,3
84138,4
84139,3
84140,1
84141,3
84142,3
84143,1
84144,4
84145,6
84146,6
84147,5
84148,1
84149,4
84150,2
84151,1
84152,4
84153,1
84154,6
84155,3
84156,3
84157,5
84158,4
84159,0
84160,2
84161,4
84162,5
84163,3
84164,2
84165,4
84166,1
84167,2
84168,4
84169,3
84170,5
84171,3
84172,0
84173,5
84174,4
84175,1
84176,1
84177,1
84178,4
84179,6
84180,3
84181,1
84182,3
84183,4
84184,3
84185,3
84186,3
84187,2
84188,2
84189,0
84190,1
84191,0
84192,1
84193,2
84194,1
84195,2
84196,1
84197,4
84198,4
84199,2
84200,2
84201,0
84202,0
84203,2
84204,3
84205,1
84206,4
84207,3
84208,2
84209,4
84210,4
84211,2
84212,4
84213,0
84214,1
84215,1
84216,2
84217,0
84218,5
84219,1
84220,1
84221,3
84222,1
84223,2
84224,4
84225,1
84226,1
84227,3
84228,2
84229,3
84230,3
84231,2
84232,0
84233,2
84234,1
84235,1
84236,0
84237,2
84238,2
84239,1
84240,1
84241,4
84242,1
84243,1
84244,0
84245,2
84246,4
84247,2
84248,3
84249,5
84250,4
84251,2
84252,1
84253,5
84254,3
84255,5
84256,9
84257,3
84258,8
84259,9
84260,14
84261,12
84262,5
84263,4
84264,1
84265,1
84266,2
84267,0
84268,7
84269,2
84270,1
84271,1
84272,3
84273,1
84274,2
84275,3
84276,3
84277,5
84278,1
84279,4
84280,4
84281,4
84282,6
84283,3
84284,4
84285,6
84286,6
84287,3
84288,4
84289,4
84290,2
84291,1
84292,1
84293,0
84294,1
84295,1
84296,0
84297,1
84298,4
84299,1
84300,0
84301,4
84302,3
84303,3
84304,2
84305,5
84306,5
84307,1
84308,3
84309,1
84310,2
84311,3
84312,5
84313,3
84314,5
84315,2
84316,1
84317,4
84318,3
84319,5
84320,4
84321,4
84322,5
84323,2
84324,4
84325,3
84326,2
84327,3
84328,3
84329,5
84330,2
84331,5
84332,5
84333,1
84334,3
84335,2
84336,4
84337,2
84338,4
84339,2
84340,1
84341,0
84342,2
84343,4
84344,4
84345,1
84346,2
84347,2
84348,3
84349,1
84350,1
84351,4
84352,1
84353,0
84354,2
84355,4
84356,1
84357,1
84358,2
84359,1
84360,1
84361,2
84362,2
84363,2
84364,1
84365,3
84366,2
84367,5
84368,2
84369,3
84370,4
84371,4
84372,3
84373,4
84374,4
84375,4
84376,5
84377,12
84378,5
84379,4
84380,10
84381,5
84382,6
84383,8
84384,4
84385,3
84386,4
84387,3
84388,3
84389,8
84390,4
84391,8
84392,3
84393,3
84394,6
84395,3
84396,8
84397,4
84398,4
84399,4
84400,3
84401,4
84402,1
84403,6
84404,5
84405,7
84406,5
84407,5
84408,8
84409,3
84410,6
84411,4
84412,7
84413,4
84414,10
84415,4
84416,5
84417,3
84418,5
84419,3
84420,7
84421,5
84422,8
84423,2
84424,4
84425,2
84426,1
84427,1
84428,5
84429,4
84430,4
84431,7
84432,4
84433,5
84434,5
84435,4
84436,4
84437,3
84438,5
84439,2
84440,3
84441,3
84442,2
84443,3
84444,4
84445,3
84446,5
84447,2
84448,2
84449,3
84450,5
84451,1
84452,3
84453,4
84454,8
84455,4
84456,6
84457,4
84458,3
84459,0
84460,7
84461,4
84462,3
84463,6
84464,3
84465,4
84466,2
84467,4
84468,4
84469,2
84470,4
84471,2
84472,1
84473,3
84474,5
84475,3
84476,2
84477,2
84478,2
84479,1
84480,4
84481,3
84482,1
84483,3
84484,5
84485,3
84486,2
84487,4
84488,1
84489,4
84490,6
84491,5
84492,3
84493,4
84494,4
84495,3
84496,3
84497,4
84498,3
84499,2
84500,6
84501,4
84502,2
84503,2
84504,4
84505,2
84506,2
84507,1
84508,1
84509,4
84510,3
84511,0
84512,3
84513,2
84514,2
84515,1
84516,3
84517,3
84518,2
84519,3
84520,8
84521,4
84522,8
84523,7
84524,3
84525,2
84526,1
84527,3
84528,4
84529,1
84530,6
84531,5
84532,2
84533,4
84534,3
84535,4
84536,5
84537,5
84538,4
84539,5
84540,6
84541,6
84542,6
84543,7
84544,5
84545,5
84546,7
84547,5
84548,5
84549,3
84550,2
84551,3
84552,2
84553,5
84554,7
84555,7
84556,8
84557,4
84558,2
84559,3
84560,3
84561,2
84562,2
84563,4
84564,1
84565,4
84566,3
84567,1
84568,4
84569,2
84570,0
84571,3
84572,2
84573,3
84574,2
84575,1
84576,1
84577,4
84578,1
84579,1
84580,4
84581,1
84582,4
84583,3
84584,2
84585,4
84586,4
84587,2
84588,6
84589,2
84590,4
84591,2
84592,2
84593,2
84594,2
84595,2
84596,5
84597,3
84598,1
84599,9
84600,2
84601,3
84602,2
84603,1
84604,4
84605,3
84606,3
84607,4
84608,4
84609,1
84610,2
84611,6
84612,6
84613,0
84614,4
84615,3
84616,3
84617,1
84618,4
84619,2
84620,3
84621,3
84622,3
84623,2
84624,3
84625,2
84626,5
84627,1
84628,3
84629,2
84630,0
84631,6
84632,2
84633,4
84634,2
84635,4
84636,2
84637,2
84638,3
84639,3
84640,2
84641,1
84642,4
84643,4
84644,5
84645,3
84646,4
84647,7
84648,2
84649,6
84650,4
84651,6
84652,4
84653,5
84654,1
84655,2
84656,1
84657,2
84658,1
84659,2
84660,3
84661,2
84662,1
84663,1
84664,3
84665,3
84666,2
84667,3
84668,4
84669,1
84670,3
84671,3
84672,3
84673,3
84674,3
84675,4
84676,3
84677,4
84678,2
84679,1
84680,3
84681,5
84682,3
84683,3
84684,4
84685,6
84686,5
84687,6
84688,2
84689,1
84690,3
84691,2
84692,2
84693,4
84694,5
84695,2
84696,4
84697,4
84698,3
84699,3
84700,4
84701,5
84702,5
84703,4
84704,6
84705,2
84706,4
84707,4
84708,4
84709,3
84710,4
84711,2
84712,3
84713,1
84714,2
84715,1
84716,2
84717,0
84718,5
84719,4
84720,2
84721,3
84722,4
84723,1
84724,5
84725,4
84726,4
84727,4
84728,4
84729,12
84730,2
84731,7
84732,7
84733,6
84734,3
84735,4
84736,1
84737,1
84738,3
84739,2
84740,2
84741,3
84742,1
84743,3
84744,2
84745,3
84746,4
84747,0
84748,1
84749,0
84750,1
84751,5
84752,2
84753,1
84754,2
84755,2
84756,2
84757,6
84758,5
84759,4
84760,4
84761,5
84762,1
84763,5
84764,2
84765,2
84766,6
84767,2
84768,4
84769,3
84770,3
84771,1
84772,3
84773,4
84774,4
84775,2
84776,4
84777,3
84778,3
84779,3
84780,3
84781,2
84782,4
84783,2
84784,5
84785,3
84786,2
84787,2
84788,6
84789,0
84790,3
84791,1
84792,3
84793,1
84794,2
84795,2
84796,1
84797,3
84798,4
84799,6
84800,3
84801,6
84802,5
84803,4
84804,9
84805,7
84806,1
84807,2
84808,2
84809,5
84810,4
84811,5
84812,2
84813,2
84814,2
84815,3
84816,0
84817,3
84818,4
84819,3
84820,2
84821,2
84822,1
84823,2
84824,0
84825,2
84826,1
84827,2
84828,5
84829,2
84830,0
84831,5
84832,2
84833,2
84834,2
84835,2
84836,2
84837,1
84838,1
84839,1
84840,1
84841,2
84842,1
84843,2
84844,2
84845,3
84846,4
84847,5
84848,4
84849,6
84850,2
84851,2
84852,2
84853,5
84854,3
84855,1
84856,3
84857,3
84858,1
84859,3
84860,1
84861,2
84862,3
84863,1
84864,1
84865,2
84866,3
84867,2
84868,1
84869,1
84870,2
84871,5
84872,7
84873,6
84874,8
84875,7
84876,6
84877,2
84878,3
84879,3
84880,3
84881,2
84882,3
84883,4
84884,3
84885,2
84886,3
84887,1
84888,4
84889,4
84890,2
84891,2
84892,7
84893,3
84894,5
84895,4
84896,6
84897,2
84898,6
84899,4
84900,4
84901,6
84902,6
84903,6
84904,2
84905,4
84906,5
84907,1
84908,3
84909,3
84910,7
84911,5
84912,4
84913,4
84914,8
84915,5
84916,6
84917,1
84918,7
84919,2
84920,1
84921,3
84922,4
84923,2
84924,4
84925,3
84926,2
84927,6
84928,4
84929,4
84930,2
84931,5
84932,3
84933,6
84934,4
84935,3
84936,4
84937,4
84938,4
84939,6
84940,6
84941,2
84942,6
84943,3
84944,3
84945,6
84946,4
84947,5
84948,2
84949,3
84950,4
84951,1
84952,3
84953,4
84954,2
84955,2
84956,3
84957,3
84958,6
84959,4
84960,4
84961,3
84962,2
84963,1
84964,2
84965,1
84966,2
84967,2
84968,5
84969,3
84970,2
84971,3
84972,3
84973,0
84974,1
84975,2
84976,0
84977,3
84978,2
84979,2
84980,4
84981,2
84982,3
84983,2
84984,2
84985,6
84986,3
84987,2
84988,3
84989,3
84990,3
84991,2
84992,4
84993,7
84994,5
84995,8
84996,2
84997,2
84998,3
84999,2
85000,4
85001,2
85002,2
85003,3
85004,3
85005,1
85006,2
85007,3
85008,2
85009,1
85010,3
85011,1
85012,2
85013,4
85014,1
85015,1
85016,3
85017,2
85018,2
85019,5
85020,5
85021,3
85022,5
85023,3
85024,2
85025,3
85026,3
85027,2
85028,2
85029,3
85030,3
85031,2
85032,5
85033,1
85034,2
85035,4
85036,4
85037,3
85038,7
85039,2
85040,2
85041,2
85042,3
85043,1
85044,5
85045,2
85046,11
85047,2
85048,4
85049,1
85050,3
85051,5
85052,3
85053,3
85054,3
85055,2
85056,2
85057,1
85058,4
85059,5
85060,3
85061,3
85062,2
85063,3
85064,3
85065,3
85066,2
85067,2
85068,2
85069,3
85070,1
85071,3
85072,1
85073,3
85074,0
85075,2
85076,4
85077,4
85078,2
85079,3
85080,3
85081,3
85082,0
85083,2
85084,2
85085,1
85086,4
85087,1
85088,3
85089,1
85090,3
85091,2
85092,0
85093,3
85094,4
85095,3
85096,2
85097,1
85098,2
85099,4
85100,3
85101,3
85102,2
85103,4
85104,3
85105,2
85106,7
85107,7
85108,2
85109,4
85110,6
85111,4
85112,6
85113,9
85114,5
85115,6
85116,8
85117,4
85118,7
85119,6
85120,5
85121,4
85122,11
85123,6
85124,7
85125,10
85126,3
85127,4
85128,8
85129,8
85130,5
85131,4
85132,5
85133,3
85134,4
85135,6
85136,3
85137,4
85138,4
85139,2
85140,6
85141,4
85142,1
85143,1
85144,3
85145,2
85146,5
85147,7
85148,5
85149,4
85150,2
85151,7
85152,5
85153,1
85154,6
85155,3
85156,2
85157,4
85158,1
85159,3
85160,1
85161,4
85162,5
85163,5
85164,3
85165,3
85166,3
85167,7
85168,3
85169,9
85170,4
85171,8
85172,6
85173,1
85174,4
85175,6
85176,7
85177,6
85178,5
85179,1
85180,9
85181,6
85182,8
85183,2
85184,1
85185,4
85186,3
85187,2
85188,2
85189,4
85190,2
85191,1
85192,4
85193,2
85194,2
85195,3
85196,5
85197,7
85198,7
85199,2
85200,4
85201,5
85202,4
85203,8
85204,5
85205,4
85206,6
85207,6
85208,10
85209,4
85210,4
85211,5
85212,3
85213,3
85214,1
85215,4
85216,4
85217,3
85218,7
85219,3
85220,7
85221,5
85222,2
85223,4
85224,2
85225,3
85226,4
85227,3
85228,9
85229,6
85230,6
85231,8
85232,5
85233,2
85234,5
85235,3
85236,4
85237,2
85238,1
85239,4
85240,0
85241,1
85242,4
85243,2
85244,0
85245,2
85246,2
85247,5
85248,1
85249,2
85250,3
85251,3
85252,4
85253,3
85254,1
85255,0
85256,0
85257,5
85258,4
85259,1
85260,4
85261,5
85262,0
85263,2
85264,3
85265,4
85266,3
85267,4
85268,1
85269,5
85270,1
85271,3
85272,1
85273,5
85274,4
85275,9
85276,4
85277,5
85278,5
85279,4
85280,5
85281,5
85282,2
85283,4
85284,3
85285,8
85286,7
85287,3
85288,8
85289,9
85290,7
85291,4
85292,3
85293,6
85294,5
85295,4
85296,3
85297,5
85298,6
85299,1
85300,4
85301,3
85302,3
85303,3
85304,4
85305,4
85306,7
85307,4
85308,2
85309,3
85310,2
85311,1
85312,2
85313,3
85314,2
85315,3
85316,5
85317,4
85318,4
85319,4
85320,1
85321,3
85322,3
85323,4
85324,3
85325,6
85326,1
85327,3
85328,3
85329,4
85330,2
85331,4
85332,2
85333,4
85334,3
85335,4
85336,6
85337,6
85338,5
85339,6
85340,5
85341,8
85342,7
85343,5
85344,2
85345,2
85346,3
85347,1
85348,2
85349,1
85350,3
85351,4
85352,5
85353,1
85354,3
85355,1
85356,3
85357,2
85358,4
85359,7
85360,0
85361,2
85362,1
85363,3
85364,1
85365,2
85366,5
85367,0
85368,2
85369,3
85370,4
85371,1
85372,5
85373,4
85374,6
85375,5
85376,3
85377,2
85378,3
85379,1
85380,4
85381,2
85382,3
85383,2
85384,5
85385,2
85386,4
85387,2
85388,5
85389,3
85390,5
85391,2
85392,2
85393,8
85394,4
85395,7
85396,2
85397,5
85398,4
85399,4
85400,4
85401,4
85402,3
85403,4
85404,4
85405,4
85406,4
85407,4
85408,5
85409,8
85410,7
85411,3
85412,5
85413,1
85414,7
85415,2
85416,2
85417,2
85418,5
85419,5
85420,5
85421,0
85422,4
85423,2
85424,6
85425,1
85426,2
85427,7
85428,6
85429,5
85430,2
85431,3
85432,3
85433,5
85434,5
85435,5
85436,3
85437,7
85438,1
85439,4
85440,4
85441,1
85442,3
85443,2
85444,4
85445,0
85446,4
85447,2
85448,9
85449,7
85450,3
85451,3
85452,3
85453,4
85454,0
85455,3
85456,4
85457,5
85458,3
85459,4
85460,7
85461,2
85462,4
85463,3
85464,3
85465,1
85466,11
85467,6
85468,7
85469,3
85470,6
85471,4
85472,7
85473,10
85474,5
85475,5
85476,4
85477,5
85478,7
85479,7
85480,4
85481,3
85482,4
85483,3
85484,7
85485,7
85486,3
85487,7
85488,4
85489,5
85490,5
85491,2
85492,4
85493,4
85494,7
85495,4
85496,1
85497,7
85498,7
85499,4
85500,7
85501,5
85502,7
85503,2
85504,4
85505,6
85506,4
85507,6
85508,8
85509,6
85510,8
85511,4
85512,8
85513,6
85514,7
85515,3
85516,3
85517,7
85518,6
85519,7
85520,5
85521,5
85522,1
85523,7
85524,8
85525,7
85526,4
85527,5
85528,5
85529,7
85530,4
85531,3
85532,5
85533,2
85534,4
85535,3
85536,3
85537,3
85538,5
85539,3
85540,0
85541,5
85542,4
85543,3
85544,2
85545,2
85546,2
85547,3
85548,3
85549,3
85550,3
85551,3
85552,2
85553,2
85554,1
85555,4
85556,3
85557,6
85558,2
85559,6
85560,6
85561,7
85562,3
85563,4
85564,1
85565,4
85566,3
85567,2
85568,4
85569,4
85570,2
85571,5
85572,4
85573,2
85574,0
85575,2
85576,3
85577,6
85578,7
85579,3
85580,2
85581,3
85582,5
85583,5
85584,3
85585,4
85586,5
85587,5
85588,3
85589,2
85590,7
85591,6
85592,3
85593,8
85594,2
85595,4
85596,5
85597,6
85598,11
85599,5
85600,3
85601,7
85602,4
85603,3
85604,6
85605,4
85606,8
85607,5
85608,5
85609,8
85610,7
85611,5
85612,3
85613,3
85614,4
85615,3
85616,1
85617,3
85618,6
85619,3
85620,5
85621,7
85622,8
85623,6
85624,10
85625,6
85626,11
85627,3
85628,4
85629,0
85630,8
85631,6
85632,2
85633,4
85634,5
85635,3
85636,3
85637,3
85638,3
85639,3
85640,4
85641,5
85642,7
85643,3
85644,2
85645,1
85646,1
85647,6
85648,6
85649,4
85650,5
85651,1
85652,9
85653,3
85654,3
85655,3
85656,2
85657,3
85658,4
85659,5
85660,4
85661,6
85662,6
85663,5
85664,7
85665,5
85666,1
85667,5
85668,3
85669,4
85670,4
85671,7
85672,2
85673,5
85674,3
85675,4
85676,3
85677,3
85678,8
85679,3
85680,1
85681,7
85682,6
85683,1
85684,2
85685,4
85686,2
85687,5
85688,3
85689,6
85690,4
85691,2
85692,3
85693,5
85694,5
85695,7
85696,2
85697,5
85698,3
85699,2
85700,5
85701,4
85702,5
85703,1
85704,2
85705,5
85706,3
85707,3
85708,0
85709,4
85710,3
85711,4
85712,5
85713,4
85714,5
85715,1
85716,4
85717,4
85718,2
85719,6
85720,7
85721,6
85722,10
85723,9
85724,5
85725,7
85726,3
85727,4
85728,9
85729,4
85730,8
85731,6
85732,6
85733,2
85734,7
85735,6
85736,8
85737,7
85738,5
85739,6
85740,5
85741,7
85742,4
85743,4
85744,3
85745,2
85746,8
85747,5
85748,4
85749,5
85750,4
85751,6
85752,4
85753,6
85754,8
85755,4
85756,5
85757,4
85758,5
85759,2
85760,6
85761,2
85762,4
85763,6
85764,5
85765,9
85766,9
85767,9
85768,6
85769,3
85770,4
85771,2
85772,4
85773,5
85774,3
85775,5
85776,2
85777,3
85778,4
85779,6
85780,9
85781,4
85782,2
85783,3
85784,5
85785,3
85786,5
85787,5
85788,2
85789,4
85790,5
85791,3
85792,7
85793,4
85794,4
85795,2
85796,4
85797,4
85798,3
85799,4
85800,5
85801,2
85802,3
85803,4
85804,9
85805,3
85806,4
85807,5
85808,3
85809,3
85810,4
85811,5
85812,2
85813,5
85814,2
85815,1
85816,2
85817,4
85818,2
85819,2
85820,2
85821,6
85822,6
85823,3
85824,2
85825,8
85826,8
85827,2
85828,3
85829,5
85830,7
85831,7
85832,5
85833,3
85834,5
85835,6
85836,7
85837,5
85838,3
85839,5
85840,5
85841,3
85842,4
85843,3
85844,4
85845,4
85846,5
85847,5
85848,4
85849,3
85850,3
85851,5
85852,3
85853,2
85854,1
85855,2
85856,6
85857,4
85858,2
85859,5
85860,5
85861,5
85862,3
85863,3
85864,3
85865,2
85866,3
85867,3
85868,3
85869,3
85870,1
85871,4
85872,3
85873,3
85874,4
85875,4
85876,2
85877,1
85878,3
85879,4
85880,2
85881,3
85882,3
85883,3
85884,1
85885,1
85886,2
85887,2
85888,1
85889,4
85890,2
85891,6
85892,2
85893,3
85894,1
85895,2
85896,3
85897,3
85898,7
85899,6
85900,4
85901,3
85902,3
85903,4
85904,1
85905,3
85906,6
85907,1
85908,1
85909,2
85910,0
85911,1
85912,2
85913,1
85914,1
85915,2
85916,2
85917,1
85918,2
85919,1
85920,2
85921,4
85922,2
85923,3
85924,1
85925,1
85926,4
85927,2
85928,1
85929,3
85930,5
85931,6
85932,5
85933,3
85934,2
85935,2
85936,11
85937,6
85938,6
85939,7
85940,5
85941,8
85942,3
85943,4
85944,3
85945,2
85946,5
85947,2
85948,3
85949,3
85950,1
85951,2
85952,0
85953,2
85954,3
85955,3
85956,1
85957,0
85958,2
85959,1
85960,1
85961,2
85962,1
85963,1
85964,3
85965,3
85966,5
85967,3
85968,3
85969,4
85970,2
85971,3
85972,0
85973,1
85974,3
85975,1
85976,3
85977,4
85978,2
85979,4
85980,5
85981,2
85982,1
85983,2
85984,6
85985,6
85986,3
85987,0
85988,1
85989,1
85990,2
85991,4
85992,1
85993,2
85994,2
85995,2
85996,3
85997,1
85998,2
85999,1
86000,1
86001,3
86002,6
86003,2
86004,3
86005,3
86006,4
86007,8
86008,3
86009,0
86010,8
86011,4
86012,7
86013,8
86014,8
86015,4
86016,2
86017,4
86018,3
86019,3
86020,4
86021,2
86022,1
86023,5
86024,3
86025,4
86026,5
86027,2
86028,1
86029,1
86030,2
86031,1
86032,5
86033,3
86034,4
86035,6
86036,3
86037,7
86038,3
86039,3
86040,0
86041,2
86042,2
86043,5
86044,1
86045,5
86046,1
86047,5
86048,2
86049,2
86050,4
86051,4
86052,8
86053,3
86054,6
86055,2
86056,2
86057,6
86058,2
86059,2
86060,0
86061,2
86062,3
86063,2
86064,2
86065,2
86066,2
86067,1
86068,3
86069,0
86070,3
86071,1
86072,5
86073,2
86074,3
86075,2
86076,5
86077,6
86078,1
86079,9
86080,2
86081,6
86082,6
86083,6
86084,4
86085,3
86086,0
86087,8
86088,2
86089,5
86090,5
86091,8
86092,7
86093,2
86094,5
86095,1
86096,2
86097,1
86098,6
86099,1
86100,3
86101,2
86102,3
86103,0
86104,3
86105,1
86106,4
86107,2
86108,2
86109,3
86110,3
86111,8
86112,5
86113,3
86114,2
86115,3
86116,1
86117,7
86118,2
86119,5
86120,5
86121,3
86122,4
86123,1
86124,3
86125,4
86126,9
86127,9
86128,11
86129,5
86130,7
86131,9
86132,7
86133,7
86134,7
86135,9
86136,9
86137,8
86138,9
86139,4
86140,7
86141,7
86142,6
86143,1
86144,5
86145,5
86146,1
86147,6
86148,2
86149,3
86150,3
86151,3
86152,3
86153,2
86154,3
86155,1
86156,3
86157,6
86158,8
86159,4
86160,9
86161,2
86162,2
86163,2
86164,3
86165,3
86166,3
86167,2
86168,2
86169,5
86170,6
86171,10
86172,5
86173,2
86174,2
86175,6
86176,2
86177,3
86178,4
86179,2
86180,3
86181,3
86182,5
86183,4
86184,7
86185,6
86186,2
86187,8
86188,1
86189,5
86190,3
86191,3
86192,5
86193,3
86194,1
86195,1
86196,4
86197,2
86198,3
86199,0
86200,3
86201,3
86202,4
86203,3
86204,3
86205,7
86206,6
86207,5
86208,3
86209,2
86210,1
86211,1
86212,3
86213,6
86214,7
86215,5
86216,1
86217,2
86218,2
86219,3
86220,2
86221,5
86222,3
86223,7
86224,6
86225,4
86226,2
86227,3
86228,2
86229,1
86230,3
86231,4
86232,6
86233,4
86234,5
86235,4
86236,3
86237,3
86238,0
86239,4
86240,2
86241,2
86242,5
86243,3
86244,3
86245,0
86246,4
86247,2
86248,1
86249,7
86250,4
86251,6
86252,5
86253,4
86254,3
86255,5
86256,1
86257,1
86258,4
86259,4
86260,2
86261,3
86262,4
86263,3
86264,2
86265,2
86266,0
86267,3
86268,6
86269,5
86270,4
86271,7
86272,2
86273,6
86274,3
86275,4
86276,3
86277,4
86278,7
86279,4
86280,6
86281,0
86282,1
86283,4
86284,1
86285,0
86286,2
86287,4
86288,6
86289,2
86290,3
86291,2
86292,2
86293,1
86294,2
86295,2
86296,0
86297,2
86298,3
86299,0
86300,3
86301,1
86302,3
86303,2
86304,2
86305,1
86306,2
86307,1
86308,2
86309,2
86310,3
86311,0
86312,2
86313,1
86314,3
86315,3
86316,4
86317,1
86318,3
86319,3
86320,2
86321,3
86322,0
86323,4
86324,0
86325,4
86326,2
86327,2
86328,4
86329,0
86330,9
86331,2
86332,2
86333,2
86334,5
86335,2
86336,4
86337,4
86338,7
86339,3
86340,2
86341,6
86342,1
86343,4
86344,3
86345,7
86346,5
86347,3
86348,6
86349,0
86350,6
86351,5
86352,2
86353,6
86354,4
86355,3
86356,6
86357,6
86358,7
86359,5
86360,5
86361,7
86362,3
86363,6
86364,2
86365,3
86366,6
86367,3
86368,1
86369,3
86370,3
86371,2
86372,4
86373,4
86374,4
86375,4
86376,2
86377,3
86378,4
86379,2
86380,3
86381,1
86382,6
86383,1
86384,4
86385,6
86386,7
86387,7
86388,6
86389,8
86390,14
86391,7
86392,6
86393,7
86394,7
86395,6
86396,2
86397,0
86398,0
86399,0
