timestamp,spec_replicas,status_replicas,ready_replicas
2026-09-09T06:12:17Z,4,4,4
2026-09-09T06:12:23Z,4,4,4
2026-09-09T06:12:32Z,4,4,4
2026-09-09T06:12:39Z,4,4,4
2026-09-09T06:12:48Z,4,4,4
2026-09-09T06:12:54Z,4,4,4
2026-09-09T06:13:03Z,4,4,4
2026-09-09T06:13:10Z,4,4,4
2026-09-09T06:13:19Z,4,4,4
2026-09-09T06:13:25Z,4,4,4
2026-09-09T06:13:34Z,4,4,4
2026-09-09T06:13:41Z,4,4,4
2026-09-09T06:13:50Z,4,4,4
2026-09-09T06:13:56Z,4,4,4
2026-09-09T06:14:05Z,4,4,4
2026-09-09T06:14:12Z,4,4,4
2026-09-09T06:14:21Z,4,4,4
2026-09-09T06:14:27Z,4,4,4
2026-09-09T06:14:36Z,4,4,4
2026-09-09T06:14:43Z,4,4,4
2026-09-09T06:14:52Z,4,4,4
2026-09-09T06:14:58Z,4,4,4
2026-09-09T06:15:07Z,4,4,4
2026-09-09T06:15:14Z,4,4,4
2026-09-09T06:15:23Z,4,4,4
2026-09-09T06:15:30Z,4,4,4
2026-09-09T06:15:38Z,4,4,4
2026-09-09T06:15:45Z,4,4,4
2026-09-09T06:15:54Z,4,4,4
2026-09-09T06:16:01Z,4,4,4
2026-09-09T06:16:09Z,4,4,4
2026-09-09T06:16:16Z,4,4,4
2026-09-09T06:16:25Z,4,4,4
2026-09-09T06:16:32Z,4,4,4
2026-09-09T06:16:40Z,4,4,4
2026-09-09T06:16:47Z,4,4,4
2026-09-09T06:16:56Z,4,4,4
2026-09-09T06:17:02Z,4,4,4
2026-09-09T06:17:11Z,4,4,4
2026-09-09T06:17:18Z,4,4,4
2026-09-09T06:17:26Z,4,4,4
2026-09-09T06:17:33Z,6,6,4
2026-09-09T06:17:42Z,6,6,5
2026-09-09T06:17:49Z,7,7,6
2026-09-09T06:17:57Z,7,7,7
2026-09-09T06:18:04Z,7,7,7
2026-09-09T06:18:13Z,7,7,7
2026-09-09T06:18:20Z,7,7,7
2026-09-09T06:18:28Z,7,7,7
2026-09-09T06:18:35Z,7,7,7
2026-09-09T06:18:44Z,7,7,7
2026-09-09T06:18:51Z,7,7,7
2026-09-09T06:18:59Z,7,7,7
2026-09-09T06:19:06Z,7,7,7
2026-09-09T06:19:15Z,7,7,7
2026-09-09T06:19:22Z,7,7,7
2026-09-09T06:19:30Z,8,8,7
2026-09-09T06:19:37Z,8,8,8
2026-09-09T06:19:46Z,8,8,8
2026-09-09T06:19:52Z,10,10,8
2026-09-09T06:20:01Z,10,10,10
2026-09-09T06:20:08Z,10,10,10
2026-09-09T06:20:16Z,10,10,10
2026-09-09T06:20:23Z,10,10,10
2026-09-09T06:20:32Z,12,12,10
2026-09-09T06:20:39Z,12,12,12
2026-09-09T06:20:47Z,12,12,12
2026-09-09T06:20:54Z,12,12,12
2026-09-09T06:21:03Z,12,12,12
2026-09-09T06:21:10Z,12,12,12
2026-09-09T06:21:18Z,12,12,12
2026-09-09T06:21:25Z,12,12,12
2026-09-09T06:21:34Z,12,12,12
2026-09-09T06:21:41Z,12,12,12
2026-09-09T06:21:49Z,12,12,12
2026-09-09T06:21:56Z,12,12,12
2026-09-09T06:22:05Z,11,11,11
2026-09-09T06:22:12Z,11,11,11
2026-09-09T06:22:20Z,10,10,10
2026-09-09T06:22:27Z,10,10,10
2026-09-09T06:22:36Z,10,10,10
2026-09-09T06:22:43Z,10,10,10
2026-09-09T06:22:51Z,10,10,10
2026-09-09T06:22:58Z,10,10,10
2026-09-09T06:23:06Z,8,8,8
2026-09-09T06:23:13Z,8,8,8
2026-09-09T06:23:22Z,7,7,7
2026-09-09T06:23:29Z,7,7,7
2026-09-09T06:23:37Z,7,7,7
2026-09-09T06:23:44Z,6,6,6
2026-09-09T06:23:53Z,6,6,6
2026-09-09T06:24:00Z,5,5,5
2026-09-09T06:24:08Z,5,5,5
2026-09-09T06:24:15Z,5,5,5
2026-09-09T06:24:24Z,5,5,5
2026-09-09T06:24:31Z,5,5,5
2026-09-09T06:24:39Z,5,5,5
2026-09-09T06:24:46Z,5,5,5
2026-09-09T06:24:55Z,5,5,5
2026-09-09T06:25:02Z,5,5,5
2026-09-09T06:25:10Z,5,5,5
2026-09-09T06:25:17Z,5,5,5
2026-09-09T06:25:25Z,5,5,5
2026-09-09T06:25:33Z,5,5,5
2026-09-09T06:25:41Z,5,5,5
2026-09-09T06:25:48Z,6,6,5
2026-09-09T06:25:56Z,6,6,6
2026-09-09T06:26:03Z,6,6,6
2026-09-09T06:26:12Z,6,6,6
2026-09-09T06:26:19Z,6,6,6
2026-09-09T06:26:27Z,6,6,6
2026-09-09T06:26:34Z,6,6,6
2026-09-09T06:26:43Z,6,6,6
2026-09-09T06:26:50Z,6,6,6
2026-09-09T06:26:58Z,6,6,6
2026-09-09T06:27:05Z,6,6,6
2026-09-09T06:27:14Z,6,6,6
2026-09-09T06:27:21Z,6,6,6
2026-09-09T06:27:29Z,6,6,6
2026-09-09T06:27:36Z,6,6,6
2026-09-09T06:27:45Z,6,6,6
2026-09-09T06:27:52Z,6,6,6
2026-09-09T06:28:00Z,6,6,6
2026-09-09T06:28:07Z,6,6,6
2026-09-09T06:28:15Z,6,6,6
2026-09-09T06:28:23Z,6,6,6
2026-09-09T06:28:31Z,6,6,6
2026-09-09T06:28:38Z,6,6,6
2026-09-09T06:28:46Z,6,6,6
2026-09-09T06:28:54Z,6,6,6
2026-09-09T06:29:02Z,6,6,6
2026-09-09T06:29:09Z,6,6,6
2026-09-09T06:29:17Z,6,6,6
2026-09-09T06:29:24Z,6,6,6
2026-09-09T06:29:33Z,6,6,6
2026-09-09T06:29:40Z,6,6,6
2026-09-09T06:29:48Z,6,6,6
2026-09-09T06:29:55Z,6,6,6
2026-09-09T06:30:04Z,6,6,6
2026-09-09T06:30:11Z,6,6,6
2026-09-09T06:30:26Z,4,4,4
2026-09-09T06:30:42Z,4,4,2
2026-09-09T06:30:57Z,4,4,4
2026-09-09T06:31:13Z,6,6,6
2026-09-09T06:31:28Z,6,6,6
2026-09-09T06:31:44Z,6,6,6
2026-09-09T06:31:59Z,6,6,6
2026-09-09T06:32:15Z,6,6,6
2026-09-09T06:32:30Z,6,6,6
2026-09-09T06:32:46Z,6,6,6
2026-09-09T06:33:01Z,6,6,6
2026-09-09T06:33:17Z,6,6,6
2026-09-09T06:33:32Z,6,6,6
2026-09-09T06:33:48Z,6,6,6
2026-09-09T06:34:03Z,6,6,6
2026-09-09T06:34:19Z,4,4,4
2026-09-09T06:34:34Z,4,4,4
2026-09-09T06:34:50Z,4,4,4
2026-09-09T06:35:05Z,4,4,4
2026-09-09T06:35:21Z,4,4,4
2026-09-09T06:35:37Z,4,4,4
2026-09-09T06:35:53Z,4,4,4
2026-09-09T06:36:08Z,4,4,4
2026-09-09T06:36:24Z,4,4,4
2026-09-09T06:36:39Z,4,4,4
2026-09-09T06:36:54Z,4,4,4
2026-09-09T06:37:10Z,4,4,4
2026-09-09T06:37:25Z,4,4,4
2026-09-09T06:37:41Z,4,4,4
2026-09-09T06:37:56Z,4,4,4
2026-09-09T06:38:12Z,5,5,5
2026-09-09T06:38:27Z,5,5,5
2026-09-09T06:38:43Z,5,5,5
2026-09-09T06:38:58Z,5,5,5
2026-09-09T06:39:13Z,5,5,5
2026-09-09T06:39:29Z,5,5,5
2026-09-09T06:39:44Z,5,5,5
2026-09-09T06:40:00Z,5,5,5
2026-09-09T06:40:15Z,5,5,5
2026-09-09T06:40:31Z,5,5,5
2026-09-09T06:40:46Z,5,5,5
2026-09-09T06:41:02Z,5,5,5
2026-09-09T06:41:17Z,5,5,5
2026-09-09T06:41:33Z,5,5,5
2026-09-09T06:41:48Z,5,5,5
2026-09-09T06:42:03Z,5,5,5
2026-09-09T06:42:19Z,7,7,6
2026-09-09T06:42:34Z,7,7,7
2026-09-09T06:42:50Z,7,7,7
2026-09-09T06:43:05Z,7,7,7
2026-09-09T06:43:21Z,7,7,7
2026-09-09T06:43:36Z,7,7,7
2026-09-09T06:43:52Z,7,7,7
2026-09-09T06:44:07Z,9,9,9
2026-09-09T06:44:22Z,9,9,9
2026-09-09T06:44:38Z,11,11,11
2026-09-09T06:44:53Z,11,11,11
2026-09-09T06:45:09Z,11,11,11
2026-09-09T06:45:24Z,11,11,11
2026-09-09T06:45:40Z,11,11,11
2026-09-09T06:45:55Z,11,11,11
2026-09-09T06:46:11Z,11,11,11
2026-09-09T06:46:26Z,11,11,11
2026-09-09T06:46:42Z,11,11,11
2026-09-09T06:46:57Z,11,11,11
2026-09-09T06:47:12Z,11,11,11
2026-09-09T06:47:28Z,11,11,11
2026-09-09T06:47:43Z,11,11,11
2026-09-09T06:47:59Z,11,11,11
2026-09-09T06:48:14Z,11,11,11
2026-09-09T06:48:30Z,11,11,11
2026-09-09T06:48:45Z,11,11,11
2026-09-09T06:49:01Z,11,11,11
2026-09-09T06:49:16Z,11,11,11
2026-09-09T06:49:31Z,11,11,11
2026-09-09T06:49:47Z,11,11,11
2026-09-09T06:50:02Z,11,11,11
2026-09-09T06:50:18Z,11,11,11
2026-09-09T06:50:33Z,11,11,11
2026-09-09T06:50:49Z,11,11,11
2026-09-09T06:51:04Z,10,10,10
2026-09-09T06:51:20Z,10,10,10
2026-09-09T06:51:35Z,9,9,9
2026-09-09T06:51:51Z,8,8,8
2026-09-09T06:52:06Z,8,8,8
2026-09-09T06:52:21Z,7,7,7
2026-09-09T06:52:37Z,6,6,6
2026-09-09T06:52:52Z,6,6,6
2026-09-09T06:53:08Z,6,6,6
2026-09-09T06:53:23Z,6,6,6
2026-09-09T06:53:39Z,6,6,6
2026-09-09T06:53:54Z,6,6,6
2026-09-09T06:54:10Z,6,6,6
2026-09-09T06:54:25Z,6,6,6
2026-09-09T06:54:41Z,6,6,6
2026-09-09T06:54:56Z,6,6,6
2026-09-09T06:55:11Z,6,6,6
2026-09-09T06:55:27Z,6,6,6
2026-09-09T06:55:42Z,6,6,6
2026-09-09T06:55:58Z,5,5,5
2026-09-09T06:56:13Z,5,5,5
2026-09-09T06:56:29Z,5,5,5
2026-09-09T06:56:44Z,5,5,5
2026-09-09T06:57:00Z,5,5,5
2026-09-09T06:57:15Z,5,5,5
2026-09-09T06:57:31Z,5,5,5
2026-09-09T06:57:46Z,5,5,5
2026-09-09T06:58:02Z,5,5,5
2026-09-09T06:58:17Z,5,5,5
2026-09-09T06:58:32Z,5,5,5
2026-09-09T06:58:48Z,4,4,4
2026-09-09T06:59:03Z,4,4,4
2026-09-09T06:59:19Z,4,4,4
2026-09-09T06:59:34Z,4,4,4
2026-09-09T06:59:50Z,4,4,4
2026-09-09T07:00:05Z,4,4,4
2026-09-09T07:00:21Z,4,4,4
2026-09-09T07:00:36Z,4,4,4
2026-09-09T07:00:52Z,4,4,4
2026-09-09T07:01:07Z,4,4,4
2026-09-09T07:01:22Z,4,4,4
2026-09-09T07:01:38Z,4,4,4
2026-09-09T07:01:53Z,4,4,4
2026-09-09T07:02:09Z,4,4,4
2026-09-09T07:02:24Z,4,4,4
2026-09-09T07:02:40Z,4,4,4
2026-09-09T07:02:55Z,4,4,4
2026-09-09T07:03:11Z,4,4,4
2026-09-09T07:03:26Z,4,4,4
2026-09-09T07:03:42Z,4,4,4
2026-09-09T07:03:57Z,4,4,4
2026-09-09T07:04:13Z,4,4,4
2026-09-09T07:04:28Z,4,4,4
2026-09-09T07:04:44Z,4,4,4
2026-09-09T07:04:59Z,4,4,4
2026-09-09T07:05:14Z,4,4,4
2026-09-09T07:05:30Z,4,4,4
2026-09-09T07:05:45Z,4,4,4
2026-09-09T07:06:01Z,4,4,4
2026-09-09T07:06:16Z,4,4,4
2026-09-09T07:06:32Z,4,4,4
2026-09-09T07:06:47Z,4,4,4
2026-09-09T07:07:03Z,4,4,4
2026-09-09T07:07:18Z,4,4,4
2026-09-09T07:07:34Z,4,4,4
2026-09-09T07:07:49Z,4,4,4
2026-09-09T07:08:04Z,4,4,4
2026-09-09T07:08:20Z,4,4,4
2026-09-09T07:08:35Z,4,4,4
2026-09-09T07:08:51Z,4,4,4
2026-09-09T07:09:06Z,4,4,4
2026-09-09T07:09:22Z,4,4,4
2026-09-09T07:09:37Z,4,4,4
2026-09-09T07:09:53Z,4,4,4
2026-09-09T07:10:08Z,4,4,4
2026-09-09T07:10:24Z,4,4,4
2026-09-09T07:10:39Z,4,4,4
2026-09-09T07:10:55Z,4,4,4
2026-09-09T07:11:10Z,4,4,4
2026-09-09T07:11:25Z,4,4,4
2026-09-09T07:11:41Z,4,4,4
2026-09-09T07:11:56Z,4,4,4
2026-09-09T07:12:12Z,4,4,4
2026-09-09T07:12:27Z,4,4,4
2026-09-09T07:12:43Z,4,4,4
2026-09-09T07:12:58Z,4,4,4
2026-09-09T07:13:14Z,4,4,4
2026-09-09T07:13:29Z,4,4,4
2026-09-09T07:13:45Z,4,4,4
2026-09-09T07:14:00Z,4,4,4
2026-09-09T07:14:16Z,4,4,4
2026-09-09T07:14:31Z,4,4,4
2026-09-09T07:14:46Z,4,4,4
2026-09-09T07:15:02Z,4,4,4
2026-09-09T07:15:17Z,4,4,4
2026-09-09T07:15:33Z,4,4,4
2026-09-09T07:15:48Z,4,4,4
2026-09-09T07:16:04Z,4,4,4
2026-09-09T07:16:19Z,4,4,4
2026-09-09T07:16:35Z,4,4,4
2026-09-09T07:16:50Z,4,4,4
2026-09-09T07:17:06Z,4,4,4
2026-09-09T07:17:21Z,4,4,4
2026-09-09T07:17:37Z,4,4,4
2026-09-09T07:17:52Z,4,4,4
2026-09-09T07:18:07Z,4,4,4
2026-09-09T07:18:23Z,4,4,4
2026-09-09T07:18:38Z,4,4,4
2026-09-09T07:18:54Z,4,4,4
2026-09-09T07:19:09Z,4,4,4
2026-09-09T07:19:25Z,4,4,4
2026-09-09T07:19:40Z,4,4,3
2026-09-09T07:19:56Z,4,4,4
2026-09-09T07:20:11Z,4,4,4
2026-09-09T07:20:27Z,4,4,4
2026-09-09T07:20:42Z,4,4,4
2026-09-09T07:20:58Z,4,4,4
2026-09-09T07:21:13Z,4,4,4
2026-09-09T07:21:29Z,4,4,4
2026-09-09T07:21:44Z,4,4,4
2026-09-09T07:21:59Z,4,4,4
2026-09-09T07:22:15Z,4,4,4
2026-09-09T07:22:30Z,4,4,4
2026-09-09T07:22:46Z,4,4,4
2026-09-09T07:23:01Z,4,4,4
2026-09-09T07:23:17Z,4,4,4
2026-09-09T07:23:32Z,4,4,4
2026-09-09T07:23:48Z,4,4,4
2026-09-09T07:24:03Z,4,4,4
2026-09-09T07:24:19Z,4,4,4
2026-09-09T07:24:34Z,4,4,4
2026-09-09T07:24:50Z,4,4,4
2026-09-09T07:25:05Z,4,4,4
2026-09-09T07:25:21Z,4,4,4
2026-09-09T07:25:36Z,4,4,4
2026-09-09T07:25:52Z,4,4,4
2026-09-09T07:26:07Z,4,4,4
2026-09-09T07:26:22Z,4,4,4
2026-09-09T07:26:38Z,4,4,4
2026-09-09T07:26:53Z,4,4,4
2026-09-09T07:27:09Z,4,4,4
2026-09-09T07:27:24Z,4,4,4
2026-09-09T07:27:40Z,4,4,4
2026-09-09T07:27:55Z,4,4,4
2026-09-09T07:28:11Z,4,4,4
2026-09-09T07:28:26Z,4,4,4
2026-09-09T07:28:42Z,4,4,4
2026-09-09T07:28:57Z,4,4,4
2026-09-09T07:29:12Z,4,4,4
2026-09-09T07:29:28Z,4,4,4
2026-09-09T07:29:43Z,4,4,4
2026-09-09T07:29:59Z,4,4,4
2026-09-09T07:30:14Z,4,4,4
2026-09-09T07:30:30Z,4,4,4
2026-09-09T07:30:45Z,4,4,4
2026-09-09T07:31:01Z,4,4,4
2026-09-09T07:31:16Z,5,5,4
2026-09-09T07:31:32Z,7,7,7
2026-09-09T07:31:47Z,7,7,7
2026-09-09T07:32:03Z,7,7,7
2026-09-09T07:32:18Z,7,7,7
2026-09-09T07:32:33Z,7,7,7
2026-09-09T07:32:49Z,7,7,7
2026-09-09T07:33:04Z,8,8,7
2026-09-09T07:33:20Z,9,9,8
2026-09-09T07:33:35Z,11,11,9
2026-09-09T07:33:51Z,11,11,11
2026-09-09T07:34:06Z,11,11,11
2026-09-09T07:34:22Z,11,11,11
2026-09-09T07:34:37Z,11,11,11
2026-09-09T07:34:53Z,11,11,11
2026-09-09T07:35:08Z,11,11,11
2026-09-09T07:35:23Z,11,11,11
2026-09-09T07:35:39Z,11,11,11
2026-09-09T07:35:54Z,10,10,10
2026-09-09T07:36:10Z,10,10,10
2026-09-09T07:36:25Z,10,10,10
2026-09-09T07:36:41Z,9,9,9
2026-09-09T07:36:56Z,7,7,7
2026-09-09T07:37:12Z,6,6,6
2026-09-09T07:37:27Z,6,6,6
2026-09-09T07:37:43Z,5,5,5
2026-09-09T07:37:58Z,5,5,5
2026-09-09T07:38:14Z,5,5,5
2026-09-09T07:38:29Z,5,5,5
2026-09-09T07:38:44Z,5,5,5
2026-09-09T07:39:00Z,5,5,5
2026-09-09T07:39:15Z,5,5,5
2026-09-09T07:39:31Z,5,5,5
2026-09-09T07:39:46Z,5,5,5
2026-09-09T07:40:02Z,5,5,5
2026-09-09T07:40:17Z,5,5,5
2026-09-09T07:40:33Z,5,5,5
2026-09-09T07:40:48Z,5,5,5
2026-09-09T07:41:04Z,5,5,5
2026-09-09T07:41:19Z,5,5,5
2026-09-09T07:41:34Z,5,5,5
2026-09-09T07:41:50Z,5,5,5
2026-09-09T07:42:05Z,5,5,5
2026-09-09T07:42:21Z,5,5,5
2026-09-09T07:42:36Z,5,5,5
2026-09-09T07:42:52Z,5,5,5
2026-09-09T07:43:07Z,5,5,5
2026-09-09T07:43:23Z,5,5,5
2026-09-09T07:43:38Z,4,4,4
2026-09-09T07:43:53Z,4,4,4
2026-09-09T07:44:09Z,4,4,0
2026-09-09T07:44:24Z,4,4,4
2026-09-09T07:44:40Z,4,4,4
2026-09-09T07:44:55Z,4,4,4
2026-09-09T07:45:11Z,4,4,4
2026-09-09T07:45:26Z,4,4,4
2026-09-09T07:45:42Z,4,4,4
2026-09-09T07:45:57Z,4,4,4
2026-09-09T07:46:13Z,4,4,4
2026-09-09T07:46:28Z,4,4,4
2026-09-09T07:46:44Z,4,4,4
2026-09-09T07:46:59Z,4,4,4
2026-09-09T07:47:15Z,4,4,4
2026-09-09T07:47:30Z,4,4,4
2026-09-09T07:47:46Z,4,4,4
2026-09-09T07:48:01Z,4,4,4
2026-09-09T07:48:17Z,4,4,4
2026-09-09T07:48:32Z,4,4,4
2026-09-09T07:48:47Z,4,4,4
2026-09-09T07:49:03Z,4,4,4
2026-09-09T07:49:18Z,4,4,4
2026-09-09T07:49:34Z,4,4,4
2026-09-09T07:49:49Z,4,4,4
2026-09-09T07:50:05Z,4,4,4
2026-09-09T07:50:20Z,4,4,4
2026-09-09T07:50:36Z,4,4,4
2026-09-09T07:50:51Z,4,4,4
2026-09-09T07:51:07Z,4,4,4
2026-09-09T07:51:22Z,4,4,4
2026-09-09T07:51:38Z,5,5,4
2026-09-09T07:51:53Z,5,5,5
2026-09-09T07:52:08Z,5,5,5
2026-09-09T07:52:24Z,5,5,5
2026-09-09T07:52:39Z,5,5,5
2026-09-09T07:52:55Z,5,5,5
2026-09-09T07:53:10Z,5,5,5
2026-09-09T07:53:26Z,5,5,5
2026-09-09T07:53:41Z,5,5,5
2026-09-09T07:53:57Z,5,5,5
2026-09-09T07:54:12Z,5,5,5
2026-09-09T07:54:28Z,5,5,5
2026-09-09T07:54:43Z,5,5,5
2026-09-09T07:54:58Z,5,5,5
2026-09-09T07:55:14Z,5,5,5
2026-09-09T07:55:29Z,5,5,5
2026-09-09T07:55:45Z,6,6,5
2026-09-09T07:56:00Z,8,8,8
2026-09-09T07:56:16Z,8,8,8
2026-09-09T07:56:31Z,8,8,8
2026-09-09T07:56:47Z,8,8,8
2026-09-09T07:57:02Z,8,8,8
2026-09-09T07:57:18Z,8,8,8
2026-09-09T07:57:33Z,8,8,8
2026-09-09T07:57:48Z,10,10,8
2026-09-09T07:58:04Z,10,10,10
2026-09-09T07:58:19Z,10,10,10
2026-09-09T07:58:35Z,10,10,10
2026-09-09T07:58:50Z,12,12,10
2026-09-09T07:59:06Z,12,12,12
2026-09-09T07:59:21Z,12,12,12
2026-09-09T07:59:37Z,12,12,12
2026-09-09T07:59:52Z,12,12,12
2026-09-09T08:00:08Z,12,12,12
2026-09-09T08:00:23Z,12,12,12
2026-09-09T08:00:38Z,12,12,12
2026-09-09T08:00:54Z,12,12,12
2026-09-09T08:01:09Z,12,12,12
2026-09-09T08:01:25Z,12,12,12
2026-09-09T08:01:40Z,12,12,12
2026-09-09T08:01:56Z,12,12,12
2026-09-09T08:02:11Z,12,12,12
2026-09-09T08:02:27Z,12,12,12
2026-09-09T08:02:42Z,12,12,12
2026-09-09T08:02:58Z,12,12,12
2026-09-09T08:03:13Z,12,12,12
2026-09-09T08:03:28Z,12,12,12
2026-09-09T08:03:44Z,12,12,12
2026-09-09T08:03:59Z,12,12,12
2026-09-09T08:04:15Z,12,12,12
2026-09-09T08:04:30Z,10,10,10
2026-09-09T08:04:46Z,10,10,10
2026-09-09T08:05:01Z,10,10,10
2026-09-09T08:05:17Z,9,9,9
2026-09-09T08:05:32Z,7,7,7
2026-09-09T08:05:48Z,7,7,7
2026-09-09T08:06:03Z,6,6,6
2026-09-09T08:06:18Z,6,6,6
2026-09-09T08:06:34Z,6,6,6
2026-09-09T08:06:49Z,6,6,6
2026-09-09T08:07:05Z,6,6,6
2026-09-09T08:07:20Z,6,6,6
2026-09-09T08:07:36Z,6,6,6
2026-09-09T08:07:51Z,6,6,6
2026-09-09T08:08:07Z,6,6,6
2026-09-09T08:08:22Z,6,6,6
2026-09-09T08:08:37Z,6,6,6
2026-09-09T08:08:53Z,6,6,6
2026-09-09T08:09:08Z,6,6,6
2026-09-09T08:09:24Z,6,6,6
2026-09-09T08:09:39Z,6,6,6
2026-09-09T08:09:55Z,6,6,6
2026-09-09T08:10:10Z,6,6,6
2026-09-09T08:10:26Z,6,6,6
2026-09-09T08:10:41Z,6,6,6
2026-09-09T08:10:57Z,5,5,5
2026-09-09T08:11:12Z,5,5,5
2026-09-09T08:11:28Z,5,5,5
2026-09-09T08:11:43Z,5,5,5
2026-09-09T08:11:59Z,5,5,5
2026-09-09T08:12:14Z,4,4,4
2026-09-09T08:12:30Z,4,4,4
2026-09-09T08:12:45Z,4,4,4
2026-09-09T08:13:01Z,4,4,4
2026-09-09T08:13:16Z,4,4,4
2026-09-09T08:13:31Z,4,4,4
2026-09-09T08:13:47Z,4,4,4
2026-09-09T08:14:02Z,4,4,4
2026-09-09T08:14:18Z,4,4,4
2026-09-09T08:14:33Z,4,4,4
2026-09-09T08:14:49Z,4,4,4
2026-09-09T08:15:04Z,4,4,4
2026-09-09T08:15:20Z,4,4,4
2026-09-09T08:15:35Z,4,4,4
2026-09-09T08:15:51Z,4,4,4
2026-09-09T08:16:06Z,4,4,4
2026-09-09T08:16:21Z,4,4,4
2026-09-09T08:16:37Z,4,4,4
2026-09-09T08:16:52Z,4,4,4
2026-09-09T08:17:08Z,4,4,4
2026-09-09T08:17:23Z,4,4,4
2026-09-09T08:17:39Z,4,4,4
2026-09-09T08:17:54Z,4,4,4
2026-09-09T08:18:10Z,4,4,4
2026-09-09T08:18:25Z,4,4,4
2026-09-09T08:18:41Z,4,4,4
2026-09-09T08:18:56Z,4,4,4
2026-09-09T08:19:11Z,4,4,4
2026-09-09T08:19:27Z,4,4,4
2026-09-09T08:19:42Z,4,4,4
2026-09-09T08:19:58Z,4,4,4
2026-09-09T08:20:13Z,4,4,4
2026-09-09T08:20:29Z,4,4,4
2026-09-09T08:20:44Z,4,4,4
2026-09-09T08:21:00Z,4,4,4
2026-09-09T08:21:15Z,4,4,4
2026-09-09T08:21:31Z,4,4,4
2026-09-09T08:21:46Z,4,4,4
2026-09-09T08:22:01Z,4,4,4
2026-09-09T08:22:17Z,4,4,4
2026-09-09T08:22:32Z,4,4,4
2026-09-09T08:22:48Z,4,4,4
2026-09-09T08:23:03Z,4,4,4
2026-09-09T08:23:19Z,4,4,4
2026-09-09T08:23:34Z,4,4,4
2026-09-09T08:23:50Z,4,4,4
2026-09-09T08:24:05Z,4,4,4
2026-09-09T08:24:21Z,4,4,4
2026-09-09T08:24:36Z,4,4,4
2026-09-09T08:24:52Z,4,4,4
2026-09-09T08:25:07Z,4,4,4
2026-09-09T08:25:23Z,4,4,4
2026-09-09T08:25:38Z,4,4,4
2026-09-09T08:25:54Z,4,4,4
2026-09-09T08:26:09Z,4,4,4
2026-09-09T08:26:24Z,4,4,4
2026-09-09T08:26:40Z,4,4,4
2026-09-09T08:26:55Z,4,4,4
2026-09-09T08:27:11Z,4,4,4
2026-09-09T08:27:26Z,4,4,4
2026-09-09T08:27:42Z,4,4,4
2026-09-09T08:27:57Z,4,4,4
2026-09-09T08:28:13Z,4,4,4
2026-09-09T08:28:28Z,4,4,4
2026-09-09T08:28:44Z,4,4,4
2026-09-09T08:28:59Z,4,4,4
2026-09-09T08:29:15Z,4,4,4
2026-09-09T08:29:30Z,4,4,4
2026-09-09T08:29:45Z,4,4,4
2026-09-09T08:30:01Z,4,4,4
2026-09-09T08:30:16Z,4,4,4
2026-09-09T08:30:32Z,4,4,4
2026-09-09T08:30:47Z,4,4,4
2026-09-09T08:31:03Z,4,4,4
2026-09-09T08:31:18Z,4,4,4
2026-09-09T08:31:34Z,4,4,4
2026-09-09T08:31:49Z,4,4,4
2026-09-09T08:32:04Z,4,4,4
2026-09-09T08:32:20Z,4,4,4
2026-09-09T08:32:35Z,4,4,4
2026-09-09T08:32:51Z,4,4,4
2026-09-09T08:33:06Z,4,4,0
2026-09-09T08:33:22Z,4,4,4
2026-09-09T08:33:37Z,4,4,4
2026-09-09T08:33:53Z,4,4,4
2026-09-09T08:34:08Z,4,4,4
2026-09-09T08:34:24Z,4,4,4
2026-09-09T08:34:39Z,4,4,4
2026-09-09T08:34:55Z,4,4,4
2026-09-09T08:35:10Z,4,4,4
2026-09-09T08:35:26Z,4,4,4
2026-09-09T08:35:42Z,4,4,4
2026-09-09T08:35:57Z,4,4,4
2026-09-09T08:36:13Z,4,4,4
2026-09-09T08:36:28Z,4,4,4
2026-09-09T08:36:43Z,4,4,4
2026-09-09T08:36:59Z,4,4,4
2026-09-09T08:37:14Z,4,4,4
2026-09-09T08:37:30Z,4,4,4
2026-09-09T08:37:45Z,4,4,4
2026-09-09T08:38:01Z,4,4,4
2026-09-09T08:38:16Z,4,4,4
2026-09-09T08:38:32Z,4,4,4
2026-09-09T08:38:47Z,4,4,4
2026-09-09T08:39:03Z,4,4,4
2026-09-09T08:39:18Z,4,4,4
2026-09-09T08:39:34Z,4,4,4
2026-09-09T08:39:49Z,4,4,4
2026-09-09T08:40:04Z,4,4,4
2026-09-09T08:40:20Z,4,4,4
2026-09-09T08:40:35Z,5,5,4
2026-09-09T08:40:51Z,5,5,5
2026-09-09T08:41:06Z,5,5,5
2026-09-09T08:41:22Z,5,5,5
2026-09-09T08:41:37Z,5,5,5
2026-09-09T08:41:53Z,5,5,5
2026-09-09T08:42:08Z,5,5,5
2026-09-09T08:42:24Z,5,5,5
2026-09-09T08:42:39Z,5,5,5
2026-09-09T08:42:54Z,4,4,4
2026-09-09T08:43:10Z,4,4,4
2026-09-09T08:43:25Z,4,4,4
2026-09-09T08:43:41Z,4,4,4
2026-09-09T08:43:56Z,4,4,4
2026-09-09T08:44:12Z,4,4,4
2026-09-09T08:44:27Z,4,4,4
2026-09-09T08:44:43Z,6,6,4
2026-09-09T08:44:58Z,6,6,6
2026-09-09T08:45:14Z,7,7,6
2026-09-09T08:45:29Z,7,7,7
2026-09-09T08:45:44Z,7,7,7
2026-09-09T08:46:00Z,7,7,7
2026-09-09T08:46:15Z,7,7,7
2026-09-09T08:46:31Z,9,9,7
2026-09-09T08:46:46Z,9,9,9
2026-09-09T08:47:02Z,11,11,9
2026-09-09T08:47:17Z,11,11,11
2026-09-09T08:47:32Z,11,11,11
2026-09-09T08:47:48Z,11,11,11
2026-09-09T08:48:03Z,11,11,11
2026-09-09T08:48:19Z,11,11,11
2026-09-09T08:48:34Z,11,11,11
2026-09-09T08:48:50Z,11,11,11
2026-09-09T08:49:05Z,11,11,11
2026-09-09T08:49:21Z,11,11,11
2026-09-09T08:49:36Z,10,10,10
2026-09-09T08:49:52Z,10,10,10
2026-09-09T08:50:07Z,10,10,10
2026-09-09T08:50:22Z,7,9,9
2026-09-09T08:50:38Z,6,6,6
2026-09-09T08:50:53Z,6,6,6
2026-09-09T08:51:09Z,5,5,5
2026-09-09T08:51:24Z,5,5,5
2026-09-09T08:51:40Z,5,5,5
2026-09-09T08:51:55Z,6,6,6
2026-09-09T08:52:11Z,6,6,6
2026-09-09T08:52:26Z,7,7,7
2026-09-09T08:52:42Z,7,7,7
2026-09-09T08:52:57Z,7,7,7
2026-09-09T08:53:12Z,7,7,7
2026-09-09T08:53:28Z,7,7,7
2026-09-09T08:53:43Z,7,7,7
2026-09-09T08:53:59Z,7,7,7
2026-09-09T08:54:14Z,6,6,6
2026-09-09T08:54:30Z,6,6,6
2026-09-09T08:54:45Z,6,6,6
2026-09-09T08:55:01Z,6,6,6
2026-09-09T08:55:16Z,6,6,6
2026-09-09T08:55:31Z,6,6,6
2026-09-09T08:55:47Z,6,6,6
2026-09-09T08:56:02Z,6,6,6
2026-09-09T08:56:18Z,6,6,6
2026-09-09T08:56:33Z,5,5,5
2026-09-09T08:56:49Z,5,5,5
2026-09-09T08:57:04Z,5,5,5
2026-09-09T08:57:20Z,4,4,4
2026-09-09T08:57:35Z,4,4,0
2026-09-09T08:57:50Z,4,4,4
2026-09-09T08:58:06Z,4,4,4
2026-09-09T08:58:21Z,4,4,4
2026-09-09T08:58:37Z,4,4,4
2026-09-09T08:58:52Z,4,4,4
2026-09-09T08:59:08Z,4,4,4
2026-09-09T08:59:23Z,4,4,4
2026-09-09T08:59:39Z,4,4,4
2026-09-09T08:59:54Z,4,4,4
2026-09-09T09:00:10Z,4,4,4
2026-09-09T09:00:25Z,4,4,4
2026-09-09T09:00:41Z,4,4,4
2026-09-09T09:00:56Z,4,4,4
2026-09-09T09:01:12Z,4,4,4
2026-09-09T09:01:27Z,4,4,4
2026-09-09T09:01:43Z,4,4,4
2026-09-09T09:01:58Z,4,4,4
2026-09-09T09:02:14Z,4,4,4
2026-09-09T09:02:29Z,4,4,4
2026-09-09T09:02:45Z,4,4,4
2026-09-09T09:03:00Z,4,4,4
2026-09-09T09:03:15Z,4,4,4
2026-09-09T09:03:31Z,4,4,4
2026-09-09T09:03:46Z,4,4,4
2026-09-09T09:04:02Z,4,4,4
2026-09-09T09:04:17Z,4,4,4
2026-09-09T09:04:33Z,4,4,4
2026-09-09T09:04:48Z,4,4,4
2026-09-09T09:05:04Z,4,4,4
2026-09-09T09:05:19Z,4,4,4
2026-09-09T09:05:35Z,4,4,4
2026-09-09T09:05:50Z,4,4,4
2026-09-09T09:06:05Z,4,4,4
2026-09-09T09:06:21Z,4,4,4
2026-09-09T09:06:36Z,4,4,4
2026-09-09T09:06:52Z,4,4,4
2026-09-09T09:07:07Z,4,4,4
2026-09-09T09:07:23Z,4,4,4
2026-09-09T09:07:38Z,4,4,4
2026-09-09T09:07:54Z,4,4,4
2026-09-09T09:08:09Z,4,4,4
2026-09-09T09:08:24Z,4,4,4
2026-09-09T09:08:40Z,4,4,4
2026-09-09T09:08:55Z,4,4,4
2026-09-09T09:09:11Z,5,5,4
2026-09-09T09:09:26Z,6,6,6
2026-09-09T09:09:42Z,6,6,6
2026-09-09T09:09:57Z,6,6,6
2026-09-09T09:10:13Z,6,6,6
2026-09-09T09:10:28Z,6,6,6
2026-09-09T09:10:44Z,7,7,6
2026-09-09T09:10:59Z,8,8,7
2026-09-09T09:11:15Z,8,8,8
2026-09-09T09:11:30Z,10,10,10
2026-09-09T09:11:45Z,10,10,10
2026-09-09T09:12:01Z,10,10,10
2026-09-09T09:12:16Z,10,10,10
2026-09-09T09:12:32Z,12,12,12
2026-09-09T09:12:47Z,12,12,12
2026-09-09T09:13:03Z,12,12,12
2026-09-09T09:13:18Z,12,12,12
2026-09-09T09:13:34Z,12,12,12
2026-09-09T09:13:49Z,12,12,12
2026-09-09T09:14:05Z,12,12,12
2026-09-09T09:14:20Z,12,12,12
2026-09-09T09:14:36Z,12,12,12
2026-09-09T09:14:51Z,12,12,12
2026-09-09T09:15:06Z,12,12,12
2026-09-09T09:15:22Z,12,12,12
2026-09-09T09:15:37Z,12,12,12
2026-09-09T09:15:53Z,12,12,12
2026-09-09T09:16:08Z,12,12,12
2026-09-09T09:16:24Z,12,12,12
2026-09-09T09:16:39Z,12,12,12
2026-09-09T09:16:55Z,12,12,12
2026-09-09T09:17:10Z,12,12,12
2026-09-09T09:17:26Z,12,12,12
2026-09-09T09:17:41Z,12,12,12
2026-09-09T09:17:56Z,10,10,10
2026-09-09T09:18:12Z,9,9,9
2026-09-09T09:18:27Z,9,9,9
2026-09-09T09:18:43Z,8,8,8
2026-09-09T09:18:58Z,7,7,7
2026-09-09T09:19:14Z,6,6,6
2026-09-09T09:19:29Z,6,6,6
2026-09-09T09:19:45Z,6,6,6
2026-09-09T09:20:00Z,6,6,6
2026-09-09T09:20:16Z,6,6,6
2026-09-09T09:20:31Z,6,6,6
2026-09-09T09:20:47Z,6,6,6
2026-09-09T09:21:02Z,6,6,6
2026-09-09T09:21:18Z,6,6,6
2026-09-09T09:21:33Z,6,6,6
2026-09-09T09:21:48Z,6,6,6
2026-09-09T09:22:04Z,6,6,6
2026-09-09T09:22:19Z,6,6,6
2026-09-09T09:22:35Z,6,6,6
2026-09-09T09:22:50Z,5,5,5
2026-09-09T09:23:06Z,5,5,5
2026-09-09T09:23:21Z,5,5,5
2026-09-09T09:23:37Z,5,5,5
2026-09-09T09:23:52Z,5,5,5
2026-09-09T09:24:08Z,5,5,5
2026-09-09T09:24:23Z,5,5,5
2026-09-09T09:24:38Z,5,5,5
2026-09-09T09:24:54Z,5,5,5
2026-09-09T09:25:09Z,5,5,5
2026-09-09T09:25:25Z,5,5,5
2026-09-09T09:25:40Z,4,4,4
2026-09-09T09:25:56Z,4,4,4
2026-09-09T09:26:11Z,4,4,4
2026-09-09T09:26:27Z,4,4,4
2026-09-09T09:26:42Z,4,4,4
2026-09-09T09:26:58Z,4,4,4
2026-09-09T09:27:13Z,4,4,4
2026-09-09T09:27:29Z,4,4,4
2026-09-09T09:27:44Z,4,4,4
2026-09-09T09:28:00Z,4,4,4
2026-09-09T09:28:15Z,4,4,4
2026-09-09T09:28:30Z,4,4,4
2026-09-09T09:28:46Z,4,4,4
2026-09-09T09:29:01Z,4,4,4
2026-09-09T09:29:17Z,4,4,4
2026-09-09T09:29:32Z,4,4,4
2026-09-09T09:29:48Z,4,4,4
2026-09-09T09:30:03Z,4,4,4
2026-09-09T09:30:19Z,4,4,4
2026-09-09T09:30:34Z,4,4,4
2026-09-09T09:30:50Z,4,4,4
2026-09-09T09:31:05Z,4,4,4
2026-09-09T09:31:21Z,4,4,4
2026-09-09T09:31:36Z,4,4,4
2026-09-09T09:31:52Z,4,4,4
2026-09-09T09:32:07Z,4,4,4
2026-09-09T09:32:22Z,4,4,4
2026-09-09T09:32:38Z,4,4,4
2026-09-09T09:32:53Z,4,4,4
2026-09-09T09:33:09Z,4,4,4
2026-09-09T09:33:24Z,4,4,4
2026-09-09T09:33:40Z,4,4,4
2026-09-09T09:33:55Z,4,4,4
2026-09-09T09:34:11Z,4,4,4
2026-09-09T09:34:26Z,4,4,4
2026-09-09T09:34:42Z,4,4,4
2026-09-09T09:34:57Z,4,4,4
2026-09-09T09:35:12Z,4,4,4
2026-09-09T09:35:29Z,4,4,4
2026-09-09T09:35:44Z,4,4,4
2026-09-09T09:36:00Z,4,4,4
2026-09-09T09:36:15Z,4,4,4
2026-09-09T09:36:30Z,4,4,4
2026-09-09T09:36:46Z,4,4,4
2026-09-09T09:37:01Z,4,4,4
2026-09-09T09:37:17Z,4,4,4
2026-09-09T09:37:32Z,4,4,4
2026-09-09T09:37:48Z,4,4,4
2026-09-09T09:38:03Z,4,4,4
2026-09-09T09:38:19Z,4,4,4
2026-09-09T09:38:34Z,4,4,4
2026-09-09T09:38:50Z,4,4,4
2026-09-09T09:39:05Z,4,4,4
2026-09-09T09:39:20Z,4,4,4
2026-09-09T09:39:36Z,4,4,4
2026-09-09T09:39:51Z,4,4,4
2026-09-09T09:40:07Z,4,4,4
2026-09-09T09:40:22Z,4,4,4
2026-09-09T09:40:38Z,4,4,4
2026-09-09T09:40:53Z,4,4,4
2026-09-09T09:41:09Z,4,4,4
2026-09-09T09:41:24Z,4,4,4
2026-09-09T09:41:40Z,4,4,4
2026-09-09T09:41:55Z,4,4,4
2026-09-09T09:42:11Z,4,4,4
2026-09-09T09:42:26Z,4,4,4
2026-09-09T09:42:41Z,4,4,4
2026-09-09T09:42:57Z,4,4,4
2026-09-09T09:43:12Z,4,4,4
2026-09-09T09:43:28Z,4,4,4
2026-09-09T09:43:43Z,4,4,4
2026-09-09T09:43:59Z,4,4,4
2026-09-09T09:44:14Z,4,4,4
2026-09-09T09:44:30Z,4,4,4
2026-09-09T09:44:45Z,4,4,4
2026-09-09T09:45:01Z,4,4,4
2026-09-09T09:45:16Z,4,4,4
2026-09-09T09:45:31Z,4,4,4
2026-09-09T09:45:47Z,4,4,4
2026-09-09T09:46:02Z,4,4,4
2026-09-09T09:46:18Z,4,4,4
2026-09-09T09:46:33Z,0,0,0
2026-09-09T09:46:49Z,4,4,4
2026-09-09T09:47:04Z,4,4,4
2026-09-09T09:47:20Z,4,4,4
2026-09-09T09:47:35Z,4,4,4
2026-09-09T09:47:51Z,4,4,4
2026-09-09T09:48:06Z,4,4,4
2026-09-09T09:48:22Z,4,4,4
2026-09-09T09:48:37Z,4,4,4
2026-09-09T09:48:53Z,4,4,4
2026-09-09T09:49:08Z,4,4,4
2026-09-09T09:49:24Z,4,4,4
2026-09-09T09:49:39Z,4,4,4
2026-09-09T09:49:54Z,4,4,4
2026-09-09T09:50:10Z,4,4,4
2026-09-09T09:50:25Z,4,4,4
2026-09-09T09:50:41Z,4,4,4
2026-09-09T09:50:56Z,4,4,4
2026-09-09T09:51:12Z,4,4,4
2026-09-09T09:51:27Z,4,4,4
2026-09-09T09:51:43Z,4,4,4
2026-09-09T09:51:58Z,4,4,4
2026-09-09T09:52:14Z,4,4,4
2026-09-09T09:52:29Z,4,4,4
2026-09-09T09:52:44Z,4,4,4
2026-09-09T09:53:00Z,4,4,4
2026-09-09T09:53:15Z,4,4,4
2026-09-09T09:53:31Z,4,4,4
2026-09-09T09:53:46Z,4,4,4
2026-09-09T09:54:02Z,5,5,5
2026-09-09T09:54:17Z,5,5,5
2026-09-09T09:54:33Z,5,5,5
2026-09-09T09:54:48Z,5,5,5
2026-09-09T09:55:04Z,5,5,5
2026-09-09T09:55:19Z,5,5,5
2026-09-09T09:55:35Z,5,5,5
2026-09-09T09:55:50Z,5,5,5
2026-09-09T09:56:05Z,5,5,5
2026-09-09T09:56:21Z,5,5,5
2026-09-09T09:56:36Z,4,4,4
2026-09-09T09:56:52Z,4,4,4
2026-09-09T09:57:07Z,4,4,4
2026-09-09T09:57:23Z,4,4,4
2026-09-09T09:57:38Z,4,4,4
2026-09-09T09:57:54Z,4,4,4
2026-09-09T09:58:09Z,5,5,5
2026-09-09T09:58:25Z,7,7,5
2026-09-09T09:58:40Z,7,7,7
2026-09-09T09:58:56Z,7,7,7
2026-09-09T09:59:11Z,7,7,7
2026-09-09T09:59:27Z,7,7,7
2026-09-09T09:59:42Z,7,7,7
2026-09-09T09:59:57Z,7,7,7
2026-09-09T10:00:13Z,8,8,8
2026-09-09T10:00:28Z,11,11,8
2026-09-09T10:00:44Z,11,11,11
2026-09-09T10:00:59Z,11,11,11
2026-09-09T10:01:15Z,11,11,11
2026-09-09T10:01:30Z,11,11,11
2026-09-09T10:01:46Z,11,11,11
2026-09-09T10:02:01Z,11,11,11
2026-09-09T10:02:17Z,11,11,11
2026-09-09T10:02:32Z,11,11,11
2026-09-09T10:02:48Z,10,10,10
2026-09-09T10:03:03Z,10,10,10
2026-09-09T10:03:19Z,10,10,10
2026-09-09T10:03:34Z,9,9,9
2026-09-09T10:03:49Z,7,7,7
2026-09-09T10:04:05Z,7,7,7
2026-09-09T10:04:20Z,6,6,6
2026-09-09T10:04:36Z,6,6,6
2026-09-09T10:04:51Z,5,5,5
2026-09-09T10:05:07Z,5,5,5
2026-09-09T10:05:22Z,5,5,5
2026-09-09T10:05:38Z,5,5,5
2026-09-09T10:05:53Z,6,6,5
2026-09-09T10:06:09Z,6,6,6
2026-09-09T10:06:24Z,6,6,6
2026-09-09T10:06:40Z,6,6,6
2026-09-09T10:06:55Z,6,6,6
2026-09-09T10:07:11Z,6,6,6
2026-09-09T10:07:26Z,6,6,6
2026-09-09T10:07:41Z,5,5,5
2026-09-09T10:07:57Z,5,5,5
2026-09-09T10:08:12Z,5,5,5
2026-09-09T10:08:28Z,5,5,5
2026-09-09T10:08:43Z,5,5,5
2026-09-09T10:08:59Z,5,5,5
2026-09-09T10:09:14Z,5,5,5
2026-09-09T10:09:30Z,5,5,5
2026-09-09T10:09:45Z,5,5,5
2026-09-09T10:10:01Z,5,5,5
2026-09-09T10:10:16Z,5,5,5
2026-09-09T10:10:32Z,5,5,5
2026-09-09T10:10:47Z,4,4,4
2026-09-09T10:11:02Z,4,4,4
2026-09-09T10:11:18Z,4,4,4
2026-09-09T10:11:33Z,4,4,4
2026-09-09T10:11:49Z,4,4,4
2026-09-09T10:12:04Z,4,4,4
2026-09-09T10:12:20Z,4,4,4
2026-09-09T10:12:35Z,4,4,4
2026-09-09T10:12:51Z,4,4,4
2026-09-09T10:13:06Z,4,4,4
2026-09-09T10:13:22Z,4,4,4
2026-09-09T10:13:37Z,4,4,4
2026-09-09T10:13:54Z,4,4,4
2026-09-09T10:14:09Z,4,4,4
2026-09-09T10:14:25Z,4,4,4
2026-09-09T10:14:40Z,4,4,4
2026-09-09T10:14:56Z,4,4,4
2026-09-09T10:15:11Z,4,4,4
2026-09-09T10:15:27Z,4,4,4
2026-09-09T10:15:42Z,4,4,4
2026-09-09T10:15:57Z,4,4,4
2026-09-09T10:16:13Z,4,4,4
2026-09-09T10:16:28Z,4,4,4
2026-09-09T10:16:44Z,4,4,4
2026-09-09T10:16:59Z,4,4,4
2026-09-09T10:17:15Z,4,4,4
2026-09-09T10:17:30Z,4,4,4
2026-09-09T10:17:46Z,4,4,4
2026-09-09T10:18:01Z,4,4,4
2026-09-09T10:18:17Z,4,4,4
2026-09-09T10:18:32Z,4,4,4
2026-09-09T10:18:47Z,4,4,4
2026-09-09T10:19:03Z,4,4,4
2026-09-09T10:19:18Z,4,4,4
2026-09-09T10:19:34Z,4,4,4
2026-09-09T10:19:49Z,4,4,4
2026-09-09T10:20:05Z,4,4,4
2026-09-09T10:20:20Z,4,4,4
2026-09-09T10:20:36Z,4,4,4
2026-09-09T10:20:51Z,4,4,4
2026-09-09T10:21:07Z,4,4,4
2026-09-09T10:21:22Z,4,4,4
2026-09-09T10:21:38Z,4,4,4
2026-09-09T10:21:53Z,4,4,4
2026-09-09T10:22:08Z,4,4,4
2026-09-09T10:22:24Z,4,4,4
2026-09-09T10:22:39Z,5,5,5
2026-09-09T10:22:55Z,6,6,6
2026-09-09T10:23:10Z,6,6,6
2026-09-09T10:23:26Z,6,6,6
2026-09-09T10:23:41Z,6,6,6
2026-09-09T10:23:57Z,6,6,6
2026-09-09T10:24:12Z,8,8,6
2026-09-09T10:24:28Z,8,8,8
2026-09-09T10:24:43Z,9,9,8
2026-09-09T10:24:59Z,9,9,9
2026-09-09T10:25:14Z,11,11,9
2026-09-09T10:25:29Z,11,11,11
2026-09-09T10:25:45Z,11,11,11
2026-09-09T10:26:00Z,11,11,11
2026-09-09T10:26:16Z,11,11,11
2026-09-09T10:26:31Z,11,11,11
2026-09-09T10:26:47Z,11,11,11
2026-09-09T10:27:02Z,11,11,11
2026-09-09T10:27:18Z,11,11,11
2026-09-09T10:27:33Z,11,11,11
2026-09-09T10:27:49Z,11,11,11
2026-09-09T10:28:04Z,11,11,11
2026-09-09T10:28:20Z,11,11,11
2026-09-09T10:28:35Z,11,11,11
2026-09-09T10:28:50Z,11,11,11
2026-09-09T10:29:06Z,11,11,11
2026-09-09T10:29:21Z,11,11,11
2026-09-09T10:29:37Z,11,11,11
2026-09-09T10:29:52Z,11,11,11
2026-09-09T10:30:08Z,11,11,11
2026-09-09T10:30:23Z,11,11,11
2026-09-09T10:30:39Z,11,11,11
2026-09-09T10:30:54Z,11,11,11
2026-09-09T10:31:10Z,11,11,11
2026-09-09T10:31:25Z,11,11,11
2026-09-09T10:31:41Z,11,11,11
2026-09-09T10:31:56Z,10,10,10
2026-09-09T10:32:11Z,8,8,8
2026-09-09T10:32:27Z,8,8,8
2026-09-09T10:32:42Z,7,7,7
2026-09-09T10:32:58Z,6,6,6
2026-09-09T10:33:13Z,6,6,6
2026-09-09T10:33:29Z,6,6,6
2026-09-09T10:33:44Z,6,6,6
2026-09-09T10:34:00Z,6,6,6
2026-09-09T10:34:15Z,6,6,6
2026-09-09T10:34:31Z,6,6,6
2026-09-09T10:34:46Z,6,6,6
2026-09-09T10:35:02Z,6,6,6
2026-09-09T10:35:18Z,6,6,6
2026-09-09T10:35:33Z,6,6,6
2026-09-09T10:35:49Z,6,6,6
2026-09-09T10:36:04Z,6,6,6
2026-09-09T10:36:20Z,6,6,6
2026-09-09T10:36:35Z,6,6,6
2026-09-09T10:36:51Z,6,6,6
2026-09-09T10:37:06Z,6,6,6
2026-09-09T10:37:22Z,6,6,6
2026-09-09T10:37:37Z,6,6,6
2026-09-09T10:37:52Z,6,6,6
2026-09-09T10:38:08Z,5,5,5
2026-09-09T10:38:23Z,5,5,5
2026-09-09T10:38:39Z,5,5,5
2026-09-09T10:38:54Z,5,5,5
2026-09-09T10:39:10Z,5,5,5
2026-09-09T10:39:25Z,4,4,4
2026-09-09T10:39:41Z,4,4,4
2026-09-09T10:39:56Z,4,4,4
2026-09-09T10:40:12Z,4,4,4
2026-09-09T10:40:27Z,4,4,4
2026-09-09T10:40:43Z,4,4,4
2026-09-09T10:40:58Z,4,4,4
2026-09-09T10:41:14Z,4,4,4
2026-09-09T10:41:29Z,4,4,4
2026-09-09T10:41:45Z,4,4,4
2026-09-09T10:42:00Z,4,4,4
2026-09-09T10:42:15Z,4,4,4
2026-09-09T10:42:31Z,4,4,4
2026-09-09T10:42:46Z,4,4,4
2026-09-09T10:43:02Z,4,4,4
2026-09-09T10:43:17Z,4,4,4
2026-09-09T10:43:33Z,4,4,4
2026-09-09T10:43:48Z,4,4,4
2026-09-09T10:44:04Z,4,4,4
2026-09-09T10:44:19Z,4,4,4
2026-09-09T10:44:35Z,4,4,4
2026-09-09T10:44:50Z,4,4,4
2026-09-09T10:45:05Z,4,4,4
2026-09-09T10:45:21Z,4,4,4
2026-09-09T10:45:36Z,4,4,4
2026-09-09T10:45:52Z,4,4,4
2026-09-09T10:46:07Z,4,4,4
2026-09-09T10:46:23Z,4,4,4
2026-09-09T10:46:38Z,4,4,4
2026-09-09T10:46:54Z,4,4,4
2026-09-09T10:47:09Z,4,4,4
2026-09-09T10:47:25Z,4,4,4
2026-09-09T10:47:40Z,4,4,4
2026-09-09T10:47:56Z,4,4,4
2026-09-09T10:48:11Z,4,4,4
2026-09-09T10:48:27Z,4,4,4
2026-09-09T10:48:42Z,4,4,4
2026-09-09T10:48:57Z,4,4,4
2026-09-09T10:49:13Z,4,4,4
2026-09-09T10:49:28Z,4,4,4
2026-09-09T10:49:44Z,4,4,4
2026-09-09T10:49:59Z,4,4,4
2026-09-09T10:50:15Z,4,4,4
2026-09-09T10:50:30Z,4,4,4
2026-09-09T10:50:46Z,4,4,4
2026-09-09T10:51:01Z,4,4,4
2026-09-09T10:51:17Z,4,4,4
2026-09-09T10:51:32Z,4,4,4
2026-09-09T10:51:48Z,4,4,4
2026-09-09T10:52:03Z,4,4,4
2026-09-09T10:52:18Z,4,4,4
2026-09-09T10:52:34Z,4,4,4
2026-09-09T10:52:49Z,4,4,4
2026-09-09T10:53:05Z,4,4,4
2026-09-09T10:53:20Z,4,4,4
2026-09-09T10:53:36Z,4,4,4
2026-09-09T10:53:51Z,4,4,4
2026-09-09T10:54:07Z,4,4,4
2026-09-09T10:54:22Z,4,4,4
2026-09-09T10:54:38Z,4,4,4
2026-09-09T10:54:53Z,4,4,4
2026-09-09T10:55:08Z,4,4,4
2026-09-09T10:55:24Z,4,4,4
2026-09-09T10:55:39Z,4,4,4
2026-09-09T10:55:55Z,4,4,4
2026-09-09T10:56:10Z,4,4,4
2026-09-09T10:56:26Z,4,4,4
2026-09-09T10:56:41Z,4,4,4
2026-09-09T10:56:57Z,4,4,4
2026-09-09T10:57:12Z,4,4,4
2026-09-09T10:57:28Z,4,4,4
2026-09-09T10:57:43Z,4,4,4
2026-09-09T10:57:59Z,4,4,4
2026-09-09T10:58:14Z,4,4,4
2026-09-09T10:58:30Z,4,4,4
2026-09-09T10:58:45Z,4,4,4
2026-09-09T10:59:00Z,4,4,4
2026-09-09T10:59:16Z,4,4,4
2026-09-09T10:59:31Z,4,4,4
2026-09-09T10:59:47Z,4,4,4
2026-09-09T11:00:02Z,0,0,0
2026-09-09T11:00:18Z,4,4,4
2026-09-09T11:00:33Z,4,4,4
2026-09-09T11:00:49Z,4,4,4
2026-09-09T11:01:04Z,4,4,4
2026-09-09T11:01:20Z,4,4,4
2026-09-09T11:01:35Z,4,4,4
2026-09-09T11:01:51Z,4,4,4
2026-09-09T11:02:06Z,4,4,4
2026-09-09T11:02:22Z,4,4,4
2026-09-09T11:02:37Z,4,4,4
2026-09-09T11:02:52Z,4,4,4
2026-09-09T11:03:08Z,4,4,4
2026-09-09T11:03:23Z,4,4,4
2026-09-09T11:03:39Z,4,4,4
2026-09-09T11:03:54Z,4,4,4
2026-09-09T11:04:10Z,4,4,4
2026-09-09T11:04:25Z,4,4,4
2026-09-09T11:04:41Z,4,4,4
2026-09-09T11:04:56Z,4,4,4
2026-09-09T11:05:12Z,4,4,4
2026-09-09T11:05:27Z,4,4,4
2026-09-09T11:05:43Z,4,4,4
2026-09-09T11:05:58Z,4,4,4
2026-09-09T11:06:14Z,4,4,4
2026-09-09T11:06:29Z,4,4,4
2026-09-09T11:06:44Z,4,4,4
2026-09-09T11:07:00Z,4,4,4
2026-09-09T11:07:15Z,4,4,4
2026-09-09T11:07:31Z,5,5,4
2026-09-09T11:07:46Z,5,5,5
2026-09-09T11:08:02Z,5,5,5
2026-09-09T11:08:17Z,5,5,5
2026-09-09T11:08:33Z,5,5,5
2026-09-09T11:08:48Z,5,5,5
2026-09-09T11:09:04Z,5,5,5
2026-09-09T11:09:19Z,5,5,5
2026-09-09T11:09:34Z,5,5,5
2026-09-09T11:09:50Z,5,5,5
2026-09-09T11:10:05Z,4,4,4
2026-09-09T11:10:21Z,4,4,4
2026-09-09T11:10:36Z,4,4,4
2026-09-09T11:10:52Z,4,4,4
2026-09-09T11:11:07Z,4,4,4
2026-09-09T11:11:23Z,4,4,4
2026-09-09T11:11:38Z,5,5,4
2026-09-09T11:11:54Z,6,6,6
2026-09-09T11:12:09Z,6,6,6
2026-09-09T11:12:24Z,6,6,6
2026-09-09T11:12:40Z,6,6,6
2026-09-09T11:12:55Z,6,6,6
2026-09-09T11:13:11Z,6,6,6
2026-09-09T11:13:26Z,8,8,8
2026-09-09T11:13:42Z,8,8,8
2026-09-09T11:13:57Z,10,10,8
2026-09-09T11:14:13Z,10,10,10
2026-09-09T11:14:28Z,10,10,10
2026-09-09T11:14:44Z,10,10,10
2026-09-09T11:14:59Z,10,10,10
2026-09-09T11:15:14Z,10,10,10
2026-09-09T11:15:30Z,10,10,10
2026-09-09T11:15:45Z,10,10,10
2026-09-09T11:16:01Z,10,10,10
2026-09-09T11:16:16Z,10,10,10
2026-09-09T11:16:32Z,10,10,10
2026-09-09T11:16:47Z,9,9,9
2026-09-09T11:17:03Z,9,9,9
2026-09-09T11:17:18Z,7,7,7
2026-09-09T11:17:34Z,7,7,7
2026-09-09T11:17:49Z,6,6,6
2026-09-09T11:18:04Z,5,5,5
2026-09-09T11:18:20Z,5,5,5
2026-09-09T11:18:35Z,5,5,5
2026-09-09T11:18:51Z,5,5,5
2026-09-09T11:19:06Z,5,5,5
2026-09-09T11:19:22Z,5,5,5
2026-09-09T11:19:37Z,5,5,5
2026-09-09T11:19:53Z,5,5,5
2026-09-09T11:20:08Z,5,5,5
2026-09-09T11:20:23Z,5,5,5
2026-09-09T11:20:39Z,5,5,5
2026-09-09T11:20:54Z,5,5,5
2026-09-09T11:21:10Z,5,5,5
2026-09-09T11:21:25Z,5,5,5
2026-09-09T11:21:41Z,5,5,5
2026-09-09T11:21:56Z,5,5,5
2026-09-09T11:22:12Z,5,5,5
2026-09-09T11:22:27Z,5,5,5
2026-09-09T11:22:43Z,5,5,5
2026-09-09T11:22:58Z,5,5,5
2026-09-09T11:23:13Z,5,5,5
2026-09-09T11:23:29Z,5,5,5
2026-09-09T11:23:44Z,5,5,5
2026-09-09T11:24:00Z,5,5,5
2026-09-09T11:24:15Z,4,4,4
2026-09-09T11:24:31Z,4,4,4
2026-09-09T11:24:46Z,4,4,3
2026-09-09T11:25:02Z,4,4,4
2026-09-09T11:25:17Z,4,4,4
2026-09-09T11:25:33Z,4,4,4
2026-09-09T11:25:48Z,4,4,4
2026-09-09T11:26:04Z,4,4,4
2026-09-09T11:26:19Z,4,4,4
2026-09-09T11:26:34Z,4,4,4
2026-09-09T11:26:50Z,4,4,4
2026-09-09T11:27:06Z,4,4,4
2026-09-09T11:27:21Z,4,4,4
2026-09-09T11:27:37Z,4,4,4
2026-09-09T11:27:52Z,4,4,4
2026-09-09T11:28:07Z,4,4,4
2026-09-09T11:28:23Z,4,4,4
2026-09-09T11:28:38Z,4,4,4
2026-09-09T11:28:54Z,4,4,4
2026-09-09T11:29:09Z,4,4,4
2026-09-09T11:29:25Z,4,4,4
2026-09-09T11:29:40Z,4,4,4
2026-09-09T11:29:56Z,4,4,4
2026-09-09T11:30:11Z,4,4,4
2026-09-09T11:30:27Z,4,4,4
2026-09-09T11:30:42Z,4,4,4
2026-09-09T11:30:57Z,4,4,4
2026-09-09T11:31:13Z,4,4,4
2026-09-09T11:31:28Z,4,4,4
2026-09-09T11:31:44Z,4,4,4
2026-09-09T11:31:59Z,4,4,4
2026-09-09T11:32:15Z,4,4,4
2026-09-09T11:32:30Z,4,4,4
2026-09-09T11:32:46Z,4,4,4
2026-09-09T11:33:01Z,4,4,4
2026-09-09T11:33:17Z,4,4,4
2026-09-09T11:33:32Z,4,4,4
2026-09-09T11:33:47Z,4,4,4
2026-09-09T11:34:03Z,4,4,4
2026-09-09T11:34:18Z,4,4,4
2026-09-09T11:34:34Z,4,4,4
2026-09-09T11:34:49Z,4,4,4
2026-09-09T11:35:05Z,4,4,4
2026-09-09T11:35:20Z,4,4,4
2026-09-09T11:35:36Z,4,4,4
2026-09-09T11:35:51Z,4,4,4
2026-09-09T11:36:06Z,4,4,4
2026-09-09T11:36:22Z,5,5,4
2026-09-09T11:36:37Z,6,6,6
2026-09-09T11:36:53Z,7,7,6
2026-09-09T11:37:08Z,7,7,7
2026-09-09T11:37:24Z,7,7,7
2026-09-09T11:37:39Z,7,7,7
2026-09-09T11:37:55Z,7,7,7
2026-09-09T11:38:10Z,7,7,7
2026-09-09T11:38:25Z,9,9,9
2026-09-09T11:38:41Z,9,9,9
2026-09-09T11:38:56Z,11,11,11
2026-09-09T11:39:12Z,11,11,11
2026-09-09T11:39:27Z,11,11,11
2026-09-09T11:39:43Z,11,11,11
2026-09-09T11:39:58Z,11,11,11
2026-09-09T11:40:14Z,11,11,11
2026-09-09T11:40:29Z,11,11,11
2026-09-09T11:40:45Z,11,11,11
2026-09-09T11:41:00Z,11,11,11
2026-09-09T11:41:15Z,11,11,11
2026-09-09T11:41:31Z,11,11,11
2026-09-09T11:41:46Z,11,11,11
2026-09-09T11:42:02Z,11,11,11
2026-09-09T11:42:17Z,11,11,11
2026-09-09T11:42:33Z,11,11,11
2026-09-09T11:42:48Z,11,11,11
2026-09-09T11:43:04Z,11,11,11
2026-09-09T11:43:19Z,11,11,11
2026-09-09T11:43:34Z,11,11,11
2026-09-09T11:43:50Z,11,11,11
2026-09-09T11:44:05Z,11,11,11
2026-09-09T11:44:21Z,11,11,11
2026-09-09T11:44:36Z,11,11,11
2026-09-09T11:44:52Z,10,10,10
2026-09-09T11:45:07Z,10,10,10
2026-09-09T11:45:23Z,10,10,10
2026-09-09T11:45:38Z,9,9,9
2026-09-09T11:45:54Z,9,9,9
2026-09-09T11:46:09Z,7,7,7
2026-09-09T11:46:24Z,6,6,6
2026-09-09T11:46:40Z,6,6,6
2026-09-09T11:46:55Z,6,6,6
2026-09-09T11:47:11Z,6,6,6
2026-09-09T11:47:26Z,6,6,6
2026-09-09T11:47:42Z,6,6,6
2026-09-09T11:47:57Z,6,6,6
2026-09-09T11:48:13Z,6,6,6
2026-09-09T11:48:28Z,6,6,6
2026-09-09T11:48:44Z,6,6,6
2026-09-09T11:48:59Z,6,6,6
2026-09-09T11:49:15Z,6,6,6
2026-09-09T11:49:30Z,6,6,6
2026-09-09T11:49:46Z,6,6,6
2026-09-09T11:50:01Z,5,5,5
2026-09-09T11:50:16Z,5,5,5
2026-09-09T11:50:32Z,5,5,5
2026-09-09T11:50:47Z,5,5,5
2026-09-09T11:51:03Z,5,5,5
2026-09-09T11:51:18Z,5,5,5
2026-09-09T11:51:34Z,5,5,5
2026-09-09T11:51:49Z,5,5,5
2026-09-09T11:52:05Z,5,5,5
2026-09-09T11:52:20Z,5,5,5
2026-09-09T11:52:36Z,4,4,4
2026-09-09T11:52:51Z,4,4,4
2026-09-09T11:53:07Z,4,4,4
2026-09-09T11:53:22Z,4,4,4
2026-09-09T11:53:37Z,4,4,4
2026-09-09T11:53:53Z,4,4,4
2026-09-09T11:54:08Z,4,4,4
2026-09-09T11:54:24Z,4,4,4
2026-09-09T11:54:39Z,4,4,4
2026-09-09T11:54:55Z,4,4,4
2026-09-09T11:55:10Z,4,4,4
2026-09-09T11:55:26Z,4,4,4
2026-09-09T11:55:41Z,4,4,4
2026-09-09T11:55:57Z,4,4,4
2026-09-09T11:56:12Z,4,4,4
2026-09-09T11:56:27Z,4,4,4
2026-09-09T11:56:43Z,4,4,4
2026-09-09T11:56:58Z,4,4,4
2026-09-09T11:57:14Z,4,4,4
2026-09-09T11:57:29Z,4,4,4
2026-09-09T11:57:45Z,4,4,4
2026-09-09T11:58:00Z,4,4,4
2026-09-09T11:58:16Z,4,4,4
2026-09-09T11:58:31Z,4,4,4
2026-09-09T11:58:47Z,4,4,4
2026-09-09T11:59:02Z,4,4,4
2026-09-09T11:59:17Z,4,4,4
2026-09-09T11:59:33Z,4,4,4
2026-09-09T11:59:48Z,4,4,4
2026-09-09T12:00:04Z,4,4,4
2026-09-09T12:00:19Z,4,4,4
2026-09-09T12:00:35Z,4,4,4
2026-09-09T12:00:50Z,4,4,4
2026-09-09T12:01:06Z,4,4,4
2026-09-09T12:01:21Z,4,4,4
2026-09-09T12:01:37Z,4,4,4
2026-09-09T12:01:52Z,4,4,4
2026-09-09T12:02:08Z,4,4,4
2026-09-09T12:02:23Z,4,4,4
2026-09-09T12:02:38Z,4,4,4
2026-09-09T12:02:54Z,4,4,4
2026-09-09T12:03:09Z,4,4,4
2026-09-09T12:03:25Z,4,4,4
2026-09-09T12:03:40Z,4,4,4
2026-09-09T12:03:56Z,4,4,4
2026-09-09T12:04:11Z,4,4,4
2026-09-09T12:04:27Z,4,4,4
2026-09-09T12:04:47Z,4,4,4
2026-09-09T12:05:02Z,4,4,4
2026-09-09T12:05:18Z,4,4,4
2026-09-09T12:05:33Z,4,4,4
2026-09-09T12:05:49Z,4,4,4
2026-09-09T12:06:04Z,4,4,4
2026-09-09T12:06:20Z,4,4,4
2026-09-09T12:06:35Z,4,4,4
2026-09-09T12:06:51Z,4,4,4
2026-09-09T12:07:06Z,4,4,4
2026-09-09T12:07:22Z,4,4,4
2026-09-09T12:07:37Z,4,4,4
2026-09-09T12:07:53Z,4,4,4
2026-09-09T12:08:08Z,4,4,4
2026-09-09T12:08:23Z,4,4,4
2026-09-09T12:08:39Z,4,4,4
2026-09-09T12:08:54Z,4,4,4
2026-09-09T12:09:10Z,4,4,4
2026-09-09T12:09:25Z,4,4,4
2026-09-09T12:09:41Z,4,4,4
2026-09-09T12:09:56Z,4,4,4
2026-09-09T12:10:12Z,4,4,4
2026-09-09T12:10:27Z,4,4,4
2026-09-09T12:10:43Z,4,4,4
2026-09-09T12:10:58Z,4,4,4
2026-09-09T12:11:14Z,4,4,4
2026-09-09T12:11:29Z,4,4,4
2026-09-09T12:11:45Z,4,4,4
2026-09-09T12:12:00Z,4,4,4
2026-09-09T12:12:16Z,4,4,4
2026-09-09T12:12:31Z,4,4,4
2026-09-09T12:12:47Z,4,4,4
2026-09-09T12:13:02Z,4,4,4
2026-09-09T12:13:17Z,4,4,4
2026-09-09T12:13:33Z,4,4,4
2026-09-09T12:13:48Z,4,4,1
2026-09-09T12:14:04Z,4,4,4
2026-09-09T12:14:19Z,4,4,4
2026-09-09T12:14:35Z,4,4,4
2026-09-09T12:14:50Z,4,4,4
2026-09-09T12:15:06Z,4,4,4
2026-09-09T12:15:21Z,4,4,4
2026-09-09T12:15:37Z,4,4,4
2026-09-09T12:15:52Z,4,4,4
2026-09-09T12:16:08Z,4,4,4
2026-09-09T12:16:23Z,4,4,4
2026-09-09T12:16:39Z,4,4,4
2026-09-09T12:16:54Z,4,4,4
2026-09-09T12:17:10Z,4,4,4
2026-09-09T12:17:25Z,4,4,4
2026-09-09T12:17:41Z,4,4,4
2026-09-09T12:17:57Z,4,4,4
2026-09-09T12:18:12Z,4,4,4
2026-09-09T12:18:28Z,4,4,4
2026-09-09T12:18:43Z,4,4,4
2026-09-09T12:18:59Z,4,4,4
2026-09-09T12:19:14Z,4,4,4
2026-09-09T12:19:30Z,4,4,4
2026-09-09T12:19:46Z,4,4,4
2026-09-09T12:20:01Z,4,4,4
2026-09-09T12:20:17Z,4,4,4
2026-09-09T12:20:32Z,4,4,4
2026-09-09T12:20:48Z,4,4,4
2026-09-09T12:21:03Z,4,4,4
2026-09-09T12:21:19Z,4,4,4
2026-09-09T12:21:35Z,4,4,4
2026-09-09T12:21:50Z,4,4,4
2026-09-09T12:22:06Z,4,4,4
2026-09-09T12:22:21Z,4,4,4
2026-09-09T12:22:37Z,4,4,4
2026-09-09T12:22:52Z,4,4,4
2026-09-09T12:23:07Z,4,4,4
2026-09-09T12:23:23Z,4,4,4
2026-09-09T12:23:38Z,4,4,4
2026-09-09T12:23:54Z,4,4,4
2026-09-09T12:24:09Z,4,4,4
2026-09-09T12:24:25Z,4,4,4
2026-09-09T12:24:40Z,4,4,4
2026-09-09T12:24:56Z,4,4,4
2026-09-09T12:25:11Z,4,4,4
2026-09-09T12:25:27Z,6,5,5
2026-09-09T12:25:42Z,6,6,6
2026-09-09T12:25:58Z,6,6,6
2026-09-09T12:26:13Z,6,6,6
2026-09-09T12:26:28Z,6,6,6
2026-09-09T12:26:44Z,6,6,6
2026-09-09T12:26:59Z,8,8,6
2026-09-09T12:27:15Z,8,8,8
2026-09-09T12:27:30Z,9,9,8
2026-09-09T12:27:46Z,9,9,9
2026-09-09T12:28:01Z,11,11,9
2026-09-09T12:28:17Z,11,11,11
2026-09-09T12:28:32Z,11,11,11
2026-09-09T12:28:47Z,11,11,11
2026-09-09T12:29:03Z,11,11,11
2026-09-09T12:29:18Z,11,11,11
2026-09-09T12:29:34Z,11,11,11
2026-09-09T12:29:49Z,10,10,10
2026-09-09T12:30:05Z,10,10,10
2026-09-09T12:30:20Z,10,10,10
2026-09-09T12:30:36Z,8,10,10
2026-09-09T12:30:51Z,7,7,7
2026-09-09T12:31:07Z,6,6,6
2026-09-09T12:31:22Z,6,6,6
2026-09-09T12:31:38Z,5,5,5
2026-09-09T12:31:53Z,5,5,5
2026-09-09T12:32:08Z,5,5,5
2026-09-09T12:32:24Z,5,5,5
2026-09-09T12:32:39Z,5,5,5
2026-09-09T12:32:55Z,5,5,5
2026-09-09T12:33:10Z,5,5,5
2026-09-09T12:33:26Z,5,5,5
2026-09-09T12:33:41Z,5,5,5
2026-09-09T12:33:57Z,5,5,5
2026-09-09T12:34:12Z,5,5,5
2026-09-09T12:34:28Z,5,5,5
2026-09-09T12:34:43Z,5,5,5
2026-09-09T12:34:58Z,5,5,5
2026-09-09T12:35:14Z,5,5,5
2026-09-09T12:35:29Z,5,5,5
2026-09-09T12:35:45Z,5,5,5
2026-09-09T12:36:00Z,5,5,5
2026-09-09T12:36:16Z,5,5,5
2026-09-09T12:36:31Z,5,5,5
2026-09-09T12:36:47Z,5,5,5
2026-09-09T12:37:02Z,5,5,5
2026-09-09T12:37:17Z,5,5,5
2026-09-09T12:37:33Z,5,5,5
2026-09-09T12:37:48Z,4,4,4
2026-09-09T12:38:04Z,4,4,4
2026-09-09T12:38:19Z,4,4,2
2026-09-09T12:38:35Z,5,5,4
2026-09-09T12:38:50Z,5,5,5
2026-09-09T12:39:06Z,5,5,5
2026-09-09T12:39:21Z,5,5,5
2026-09-09T12:39:37Z,5,5,5
2026-09-09T12:39:52Z,5,5,5
2026-09-09T12:40:08Z,5,5,5
2026-09-09T12:40:23Z,5,5,5
2026-09-09T12:40:39Z,5,5,5
2026-09-09T12:40:54Z,5,5,5
2026-09-09T12:41:10Z,5,5,5
2026-09-09T12:41:25Z,4,4,4
2026-09-09T12:41:41Z,4,4,4
2026-09-09T12:41:56Z,4,4,4
2026-09-09T12:42:12Z,4,4,4
2026-09-09T12:42:27Z,4,4,4
2026-09-09T12:42:42Z,4,4,4
2026-09-09T12:42:58Z,4,4,4
2026-09-09T12:43:13Z,4,4,4
2026-09-09T12:43:29Z,4,4,4
2026-09-09T12:43:44Z,4,4,4
2026-09-09T12:44:00Z,4,4,4
2026-09-09T12:44:15Z,4,4,4
2026-09-09T12:44:31Z,4,4,4
2026-09-09T12:44:46Z,4,4,4
2026-09-09T12:45:02Z,4,4,4
2026-09-09T12:45:17Z,4,4,4
2026-09-09T12:45:32Z,4,4,4
2026-09-09T12:45:48Z,4,4,4
2026-09-09T12:46:03Z,4,4,4
2026-09-09T12:46:19Z,4,4,4
2026-09-09T12:46:34Z,4,4,4
2026-09-09T12:46:50Z,4,4,4
2026-09-09T12:47:05Z,4,4,4
2026-09-09T12:47:21Z,4,4,4
2026-09-09T12:47:36Z,4,4,4
2026-09-09T12:47:51Z,4,4,4
2026-09-09T12:48:07Z,4,4,4
2026-09-09T12:48:22Z,4,4,4
2026-09-09T12:48:38Z,4,4,4
2026-09-09T12:48:53Z,4,4,4
2026-09-09T12:49:09Z,4,4,4
2026-09-09T12:49:24Z,4,4,4
2026-09-09T12:49:40Z,4,4,4
2026-09-09T12:49:55Z,4,4,4
2026-09-09T12:50:11Z,6,6,6
2026-09-09T12:50:26Z,6,6,6
2026-09-09T12:50:42Z,6,6,6
2026-09-09T12:50:57Z,6,6,6
2026-09-09T12:51:12Z,6,6,6
2026-09-09T12:51:28Z,6,6,6
2026-09-09T12:51:43Z,7,7,7
2026-09-09T12:51:59Z,9,9,7
2026-09-09T12:52:14Z,9,9,9
2026-09-09T12:52:30Z,11,11,9
2026-09-09T12:52:45Z,11,11,11
2026-09-09T12:53:01Z,11,11,11
2026-09-09T12:53:16Z,11,11,11
2026-09-09T12:53:32Z,11,11,11
2026-09-09T12:53:47Z,11,11,11
2026-09-09T12:54:02Z,11,11,11
2026-09-09T12:54:18Z,11,11,11
2026-09-09T12:54:33Z,11,11,11
2026-09-09T12:54:49Z,11,11,11
2026-09-09T12:55:04Z,11,11,11
2026-09-09T12:55:20Z,11,11,11
2026-09-09T12:55:35Z,11,11,11
2026-09-09T12:55:51Z,11,11,11
2026-09-09T12:56:06Z,11,11,11
2026-09-09T12:56:22Z,11,11,11
2026-09-09T12:56:37Z,11,11,11
2026-09-09T12:56:52Z,11,11,11
2026-09-09T12:57:08Z,11,11,11
2026-09-09T12:57:23Z,11,11,11
2026-09-09T12:57:39Z,11,11,11
2026-09-09T12:57:54Z,11,11,11
2026-09-09T12:58:10Z,11,11,11
2026-09-09T12:58:25Z,10,10,10
2026-09-09T12:58:41Z,10,10,10
2026-09-09T12:58:56Z,10,10,10
2026-09-09T12:59:12Z,9,9,9
2026-09-09T12:59:27Z,8,8,8
2026-09-09T12:59:43Z,8,8,8
2026-09-09T12:59:58Z,7,7,7
2026-09-09T13:00:13Z,6,6,6
2026-09-09T13:00:29Z,6,6,6
2026-09-09T13:00:44Z,6,6,6
2026-09-09T13:01:00Z,6,6,6
2026-09-09T13:01:15Z,6,6,6
2026-09-09T13:01:31Z,6,6,6
2026-09-09T13:01:46Z,6,6,6
2026-09-09T13:02:02Z,6,6,6
2026-09-09T13:02:17Z,6,6,6
2026-09-09T13:02:32Z,6,6,6
2026-09-09T13:02:48Z,6,6,6
2026-09-09T13:03:03Z,6,6,6
2026-09-09T13:03:19Z,5,5,5
2026-09-09T13:03:34Z,5,5,5
2026-09-09T13:03:50Z,5,5,5
2026-09-09T13:04:05Z,5,5,5
2026-09-09T13:04:21Z,5,5,5
2026-09-09T13:04:36Z,5,5,5
2026-09-09T13:04:52Z,5,5,5
2026-09-09T13:05:07Z,5,5,5
2026-09-09T13:05:23Z,5,5,5
2026-09-09T13:05:38Z,5,5,5
2026-09-09T13:05:54Z,5,5,5
2026-09-09T13:06:09Z,4,4,4
2026-09-09T13:06:25Z,4,4,4
2026-09-09T13:06:40Z,4,4,4
2026-09-09T13:06:56Z,4,4,4
2026-09-09T13:07:11Z,4,4,4
2026-09-09T13:07:26Z,4,4,4
2026-09-09T13:07:42Z,4,4,4
2026-09-09T13:07:57Z,4,4,4
2026-09-09T13:08:13Z,4,4,4
2026-09-09T13:08:28Z,4,4,4
2026-09-09T13:08:44Z,4,4,4
2026-09-09T13:08:59Z,4,4,4
2026-09-09T13:09:15Z,4,4,4
2026-09-09T13:09:30Z,4,4,4
2026-09-09T13:09:46Z,4,4,4
2026-09-09T13:10:01Z,4,4,4
2026-09-09T13:10:17Z,4,4,4
2026-09-09T13:10:32Z,4,4,4
2026-09-09T13:10:48Z,4,4,4
2026-09-09T13:11:03Z,4,4,4
2026-09-09T13:11:19Z,4,4,4
2026-09-09T13:11:34Z,4,4,4
2026-09-09T13:11:49Z,4,4,4
2026-09-09T13:12:05Z,4,4,4
2026-09-09T13:12:20Z,4,4,4
2026-09-09T13:12:36Z,4,4,4
2026-09-09T13:12:51Z,4,4,4
2026-09-09T13:13:07Z,4,4,4
2026-09-09T13:13:22Z,4,4,4
2026-09-09T13:13:38Z,4,4,4
2026-09-09T13:13:53Z,4,4,4
2026-09-09T13:14:09Z,4,4,4
2026-09-09T13:14:24Z,4,4,4
2026-09-09T13:14:40Z,4,4,4
2026-09-09T13:14:56Z,4,4,4
2026-09-09T13:15:11Z,4,4,4
2026-09-09T13:15:27Z,4,4,4
2026-09-09T13:15:42Z,4,4,4
2026-09-09T13:15:58Z,4,4,4
2026-09-09T13:16:13Z,4,4,4
2026-09-09T13:16:29Z,4,4,4
2026-09-09T13:16:44Z,4,4,4
2026-09-09T13:17:00Z,4,4,4
2026-09-09T13:17:15Z,4,4,4
2026-09-09T13:17:31Z,4,4,4
2026-09-09T13:17:46Z,4,4,4
2026-09-09T13:18:02Z,4,4,4
2026-09-09T13:18:17Z,4,4,4
2026-09-09T13:18:33Z,4,4,4
2026-09-09T13:18:48Z,4,4,4
2026-09-09T13:19:04Z,4,4,4
2026-09-09T13:19:19Z,4,4,4
2026-09-09T13:19:35Z,4,4,4
2026-09-09T13:19:50Z,4,4,4
2026-09-09T13:20:05Z,4,4,4
2026-09-09T13:20:21Z,4,4,4
2026-09-09T13:20:36Z,4,4,4
2026-09-09T13:20:52Z,4,4,4
2026-09-09T13:21:07Z,4,4,4
2026-09-09T13:21:23Z,4,4,4
2026-09-09T13:21:38Z,4,4,4
2026-09-09T13:21:54Z,4,4,4
2026-09-09T13:22:09Z,4,4,4
2026-09-09T13:22:25Z,4,4,4
2026-09-09T13:22:40Z,4,4,4
2026-09-09T13:22:56Z,4,4,4
2026-09-09T13:23:11Z,4,4,4
2026-09-09T13:23:27Z,4,4,4
2026-09-09T13:23:42Z,4,4,4
2026-09-09T13:23:58Z,4,4,4
2026-09-09T13:24:13Z,4,4,4
2026-09-09T13:24:28Z,4,4,4
2026-09-09T13:24:44Z,4,4,4
2026-09-09T13:24:59Z,4,4,4
2026-09-09T13:25:15Z,4,4,4
2026-09-09T13:25:30Z,4,4,4
2026-09-09T13:25:46Z,4,4,4
2026-09-09T13:26:01Z,4,4,4
2026-09-09T13:26:17Z,4,4,4
2026-09-09T13:26:32Z,4,4,4
2026-09-09T13:26:48Z,4,4,4
2026-09-09T13:27:03Z,4,4,4
2026-09-09T13:27:19Z,4,4,4
2026-09-09T13:27:34Z,4,4,4
2026-09-09T13:27:49Z,4,4,4
2026-09-09T13:28:05Z,4,4,4
2026-09-09T13:28:20Z,4,4,4
2026-09-09T13:28:36Z,4,4,4
2026-09-09T13:28:51Z,4,4,4
2026-09-09T13:29:07Z,4,4,4
2026-09-09T13:29:22Z,4,4,4
2026-09-09T13:29:38Z,4,4,4
2026-09-09T13:29:53Z,4,4,4
2026-09-09T13:30:09Z,4,4,4
2026-09-09T13:30:24Z,4,4,4
2026-09-09T13:30:40Z,4,4,4
2026-09-09T13:30:55Z,4,4,4
2026-09-09T13:31:11Z,4,4,4
2026-09-09T13:31:26Z,4,4,4
2026-09-09T13:31:42Z,4,4,4
2026-09-09T13:31:57Z,4,4,4
2026-09-09T13:32:13Z,4,4,4
2026-09-09T13:32:28Z,4,4,4
2026-09-09T13:32:44Z,4,4,4
2026-09-09T13:32:59Z,4,4,4
2026-09-09T13:33:15Z,4,4,4
2026-09-09T13:33:30Z,4,4,4
2026-09-09T13:33:46Z,4,4,4
2026-09-09T13:34:01Z,4,4,4
2026-09-09T13:34:16Z,4,4,4
2026-09-09T13:34:32Z,4,4,4
2026-09-09T13:34:47Z,4,4,4
2026-09-09T13:35:04Z,4,4,4
2026-09-09T13:35:19Z,4,4,4
2026-09-09T13:35:35Z,4,4,4
2026-09-09T13:35:50Z,4,4,4
2026-09-09T13:36:06Z,4,4,4
2026-09-09T13:36:21Z,4,4,4
2026-09-09T13:36:37Z,4,4,4
2026-09-09T13:36:53Z,4,4,4
2026-09-09T13:37:08Z,4,4,4
2026-09-09T13:37:24Z,4,4,4
2026-09-09T13:37:39Z,4,4,4
2026-09-09T13:37:55Z,4,4,4
2026-09-09T13:38:10Z,4,4,4
2026-09-09T13:38:26Z,4,4,4
2026-09-09T13:38:41Z,4,4,4
2026-09-09T13:38:57Z,4,4,4
2026-09-09T13:39:12Z,4,4,4
2026-09-09T13:39:27Z,4,4,4
2026-09-09T13:39:43Z,4,4,4
2026-09-09T13:39:58Z,4,4,4
2026-09-09T13:40:14Z,4,4,4
2026-09-09T13:40:29Z,4,4,4
2026-09-09T13:40:45Z,4,4,4
2026-09-09T13:41:00Z,4,4,4
2026-09-09T13:41:16Z,4,4,4
2026-09-09T13:41:31Z,4,4,4
2026-09-09T13:41:47Z,4,4,4
2026-09-09T13:42:02Z,4,4,4
2026-09-09T13:42:18Z,4,4,4
2026-09-09T13:42:33Z,4,4,4
2026-09-09T13:42:49Z,4,4,4
2026-09-09T13:43:04Z,4,4,4
2026-09-09T13:43:20Z,4,4,4
2026-09-09T13:43:35Z,4,4,4
2026-09-09T13:43:51Z,4,4,4
2026-09-09T13:44:06Z,4,4,4
2026-09-09T13:44:22Z,4,4,4
2026-09-09T13:44:37Z,4,4,4
2026-09-09T13:44:53Z,4,4,4
2026-09-09T13:45:08Z,4,4,4
2026-09-09T13:45:24Z,4,4,4
2026-09-09T13:45:39Z,4,4,4
2026-09-09T13:45:55Z,4,4,4
2026-09-09T13:46:10Z,4,4,4
2026-09-09T13:46:26Z,4,4,4
2026-09-09T13:46:41Z,4,4,4
2026-09-09T13:46:57Z,4,4,4
2026-09-09T13:47:12Z,4,4,4
2026-09-09T13:47:28Z,4,4,4
2026-09-09T13:47:43Z,4,4,4
2026-09-09T13:47:59Z,4,4,4
2026-09-09T13:48:14Z,4,4,4
2026-09-09T13:48:30Z,4,4,4
2026-09-09T13:48:45Z,4,4,4
2026-09-09T13:49:01Z,4,4,4
2026-09-09T13:49:16Z,4,4,4
2026-09-09T13:49:32Z,4,4,4
2026-09-09T13:49:47Z,4,4,4
2026-09-09T13:50:03Z,4,4,4
2026-09-09T13:50:18Z,4,4,4
2026-09-09T13:50:33Z,4,4,4
2026-09-09T13:50:49Z,4,4,4
2026-09-09T13:51:04Z,4,4,4
2026-09-09T13:51:20Z,4,4,4
2026-09-09T13:51:35Z,4,4,4
2026-09-09T13:51:51Z,4,4,4
2026-09-09T13:52:06Z,4,4,4
2026-09-09T13:52:22Z,4,4,4
2026-09-09T13:52:37Z,4,4,4
2026-09-09T13:52:53Z,4,4,4
2026-09-09T13:53:08Z,4,4,4
2026-09-09T13:53:24Z,4,4,4
2026-09-09T13:53:39Z,4,4,4
2026-09-09T13:53:55Z,4,4,4
2026-09-09T13:54:10Z,4,4,4
2026-09-09T13:54:26Z,4,4,4
2026-09-09T13:54:41Z,4,4,4
2026-09-09T13:54:57Z,4,4,4
2026-09-09T13:55:12Z,4,4,4
2026-09-09T13:55:28Z,4,4,4
2026-09-09T13:55:43Z,4,4,4
2026-09-09T13:55:59Z,4,4,4
2026-09-09T13:56:14Z,4,4,4
2026-09-09T13:56:30Z,4,4,4
2026-09-09T13:56:45Z,4,4,4
2026-09-09T13:57:01Z,4,4,4
2026-09-09T13:57:16Z,4,4,4
2026-09-09T13:57:32Z,4,4,4
2026-09-09T13:57:47Z,4,4,4
2026-09-09T13:58:03Z,4,4,4
2026-09-09T13:58:18Z,4,4,4
2026-09-09T13:58:34Z,4,4,4
2026-09-09T13:58:49Z,4,4,4
2026-09-09T13:59:05Z,4,4,4
2026-09-09T13:59:20Z,4,4,4
2026-09-09T13:59:36Z,4,4,4
2026-09-09T13:59:51Z,4,4,4
2026-09-09T14:00:07Z,4,4,4
2026-09-09T14:00:22Z,4,4,4
2026-09-09T14:00:37Z,4,4,4
2026-09-09T14:00:53Z,4,4,4
2026-09-09T14:01:08Z,4,4,4
2026-09-09T14:01:24Z,4,4,4
2026-09-09T14:01:39Z,4,4,4
2026-09-09T14:01:55Z,4,4,4
2026-09-09T14:02:11Z,4,4,4
2026-09-09T14:02:26Z,4,4,4
2026-09-09T14:02:42Z,4,4,4
2026-09-09T14:02:57Z,4,4,4
2026-09-09T14:03:12Z,4,4,4
2026-09-09T14:03:28Z,4,4,4
2026-09-09T14:03:43Z,4,4,4
2026-09-09T14:03:59Z,4,4,4
2026-09-09T14:04:14Z,4,4,4
2026-09-09T14:04:30Z,4,4,4
2026-09-09T14:04:45Z,4,4,4
2026-09-09T14:05:01Z,4,4,4
2026-09-09T14:05:16Z,4,4,4
2026-09-09T14:05:32Z,4,4,4
2026-09-09T14:05:47Z,4,4,4
2026-09-09T14:06:03Z,4,4,4
2026-09-09T14:06:18Z,4,4,4
2026-09-09T14:06:34Z,4,4,4
2026-09-09T14:06:49Z,4,4,4
2026-09-09T14:07:05Z,4,4,4
2026-09-09T14:07:20Z,4,4,4
2026-09-09T14:07:36Z,4,4,4
2026-09-09T14:07:51Z,4,4,4
2026-09-09T14:08:07Z,4,4,4
2026-09-09T14:08:22Z,4,4,4
2026-09-09T14:08:38Z,4,4,4
2026-09-09T14:08:53Z,4,4,4
2026-09-09T14:09:09Z,4,4,4
2026-09-09T14:09:24Z,4,4,4
2026-09-09T14:09:40Z,4,4,4
2026-09-09T14:09:55Z,4,4,4
2026-09-09T14:10:11Z,4,4,4
2026-09-09T14:10:26Z,4,4,4
2026-09-09T14:10:42Z,4,4,4
2026-09-09T14:10:57Z,4,4,4
2026-09-09T14:11:13Z,4,4,4
2026-09-09T14:11:28Z,4,4,4
2026-09-09T14:11:44Z,4,4,4
2026-09-09T14:11:59Z,4,4,4
2026-09-09T14:12:15Z,4,4,4
2026-09-09T14:12:30Z,4,4,4
2026-09-09T14:12:46Z,4,4,4
2026-09-09T14:13:01Z,4,4,4
2026-09-09T14:13:17Z,4,4,4
2026-09-09T14:13:32Z,4,4,4
2026-09-09T14:13:48Z,4,4,4
2026-09-09T14:14:03Z,4,4,4
2026-09-09T14:14:19Z,4,4,4
2026-09-09T14:14:34Z,4,4,4
2026-09-09T14:14:50Z,4,4,4
2026-09-09T14:15:05Z,4,4,4
2026-09-09T14:15:20Z,4,4,4
2026-09-09T14:15:36Z,4,4,4
2026-09-09T14:15:51Z,4,4,4
2026-09-09T14:16:07Z,4,4,4
2026-09-09T14:16:22Z,4,4,4
2026-09-09T14:16:38Z,4,4,4
2026-09-09T14:16:53Z,4,4,4
2026-09-09T14:17:09Z,4,4,4
2026-09-09T14:17:24Z,4,4,4
2026-09-09T14:17:40Z,4,4,4
2026-09-09T14:17:55Z,4,4,4
2026-09-09T14:18:11Z,4,4,4
2026-09-09T14:18:26Z,4,4,4
2026-09-09T14:18:42Z,4,4,4
2026-09-09T14:18:57Z,4,4,4
2026-09-09T14:19:13Z,4,4,4
2026-09-09T14:19:28Z,4,4,4
2026-09-09T14:19:44Z,4,4,4
2026-09-09T14:19:59Z,4,4,4
2026-09-09T14:20:15Z,4,4,4
2026-09-09T14:20:30Z,4,4,4
2026-09-09T14:20:46Z,4,4,4
2026-09-09T14:21:01Z,4,4,4
2026-09-09T14:21:16Z,4,4,4
2026-09-09T14:21:32Z,4,4,4
2026-09-09T14:21:47Z,4,4,4
2026-09-09T14:22:03Z,4,4,4
2026-09-09T14:22:18Z,4,4,4
2026-09-09T14:22:34Z,4,4,4
2026-09-09T14:22:49Z,4,4,4
2026-09-09T14:23:05Z,4,4,4
2026-09-09T14:23:20Z,4,4,4
2026-09-09T14:23:36Z,4,4,4
2026-09-09T14:23:51Z,4,4,4
2026-09-09T14:24:07Z,4,4,4
2026-09-09T14:24:22Z,4,4,4
2026-09-09T14:24:38Z,4,4,4
2026-09-09T14:24:53Z,4,4,4
2026-09-09T14:25:09Z,4,4,4
2026-09-09T14:25:24Z,4,4,4
2026-09-09T14:25:40Z,4,4,4
2026-09-09T14:25:55Z,4,4,4
2026-09-09T14:26:11Z,4,4,4
2026-09-09T14:26:26Z,4,4,4
2026-09-09T14:26:42Z,4,4,4
2026-09-09T14:26:57Z,4,4,4
2026-09-09T14:27:13Z,4,4,4
2026-09-09T14:27:28Z,4,4,4
2026-09-09T14:27:44Z,4,4,4
2026-09-09T14:27:59Z,4,4,4
2026-09-09T14:28:15Z,4,4,4
2026-09-09T14:28:30Z,4,4,4
2026-09-09T14:28:46Z,4,4,4
2026-09-09T14:29:01Z,4,4,4
2026-09-09T14:29:17Z,4,4,4
2026-09-09T14:29:32Z,4,4,4
2026-09-09T14:29:48Z,4,4,4
2026-09-09T14:30:03Z,4,4,4
2026-09-09T14:30:19Z,4,4,4
2026-09-09T14:30:34Z,4,4,4
2026-09-09T14:30:51Z,4,4,4
2026-09-09T14:31:07Z,4,4,4
2026-09-09T14:31:22Z,4,4,4
2026-09-09T14:31:38Z,4,4,4
2026-09-09T14:31:53Z,4,4,4
2026-09-09T14:32:09Z,4,4,4
2026-09-09T14:32:24Z,4,4,4
2026-09-09T14:32:39Z,4,4,4
2026-09-09T14:32:55Z,4,4,4
2026-09-09T14:33:11Z,4,4,4
2026-09-09T14:33:26Z,4,4,4
2026-09-09T14:33:42Z,4,4,4
2026-09-09T14:33:57Z,4,4,4
2026-09-09T14:34:13Z,4,4,4
2026-09-09T14:34:28Z,4,4,4
2026-09-09T14:34:44Z,4,4,4
2026-09-09T14:35:00Z,4,4,4
2026-09-09T14:35:16Z,4,4,4
2026-09-09T14:35:31Z,4,4,4
2026-09-09T14:35:47Z,4,4,4
2026-09-09T14:36:02Z,4,4,4
2026-09-09T14:36:18Z,4,4,4
2026-09-09T14:36:33Z,4,4,4
2026-09-09T14:36:49Z,4,4,4
2026-09-09T14:37:04Z,4,4,4
2026-09-09T14:37:20Z,4,4,4
2026-09-09T14:37:35Z,4,4,4
2026-09-09T14:37:51Z,4,4,4
2026-09-09T14:38:06Z,4,4,4
2026-09-09T14:38:21Z,4,4,4
2026-09-09T14:38:37Z,4,4,4
2026-09-09T14:38:52Z,4,4,4
2026-09-09T14:39:08Z,4,4,4
2026-09-09T14:39:23Z,4,4,4
2026-09-09T14:39:39Z,4,4,4
2026-09-09T14:39:54Z,4,4,4
2026-09-09T14:40:10Z,4,4,4
2026-09-09T14:40:25Z,4,4,4
2026-09-09T14:40:41Z,4,4,4
2026-09-09T14:40:56Z,4,4,4
2026-09-09T14:41:12Z,4,4,4
2026-09-09T14:41:27Z,4,4,4
2026-09-09T14:41:43Z,4,4,4
2026-09-09T14:41:58Z,4,4,4
2026-09-09T14:42:14Z,4,4,4
2026-09-09T14:42:29Z,4,4,4
2026-09-09T14:42:45Z,4,4,4
2026-09-09T14:43:00Z,4,4,4
2026-09-09T14:43:16Z,4,4,4
2026-09-09T14:43:31Z,4,4,4
2026-09-09T14:43:47Z,4,4,4
2026-09-09T14:44:02Z,4,4,4
2026-09-09T14:44:18Z,4,4,4
2026-09-09T14:44:33Z,4,4,4
2026-09-09T14:44:48Z,4,4,4
2026-09-09T14:45:04Z,4,4,4
2026-09-09T14:45:20Z,4,4,4
2026-09-09T14:45:35Z,4,4,4
2026-09-09T14:45:50Z,4,4,4
2026-09-09T14:46:06Z,4,4,4
2026-09-09T14:46:21Z,4,4,4
2026-09-09T14:46:37Z,4,4,4
2026-09-09T14:46:52Z,4,4,4
2026-09-09T14:47:08Z,4,4,4
2026-09-09T14:47:23Z,4,4,4
2026-09-09T14:47:39Z,4,4,4
2026-09-09T14:47:54Z,4,4,4
2026-09-09T14:48:10Z,4,4,4
2026-09-09T14:48:25Z,4,4,4
2026-09-09T14:48:41Z,4,4,4
2026-09-09T14:48:56Z,4,4,4
2026-09-09T14:49:12Z,4,4,4
2026-09-09T14:49:27Z,4,4,4
2026-09-09T14:49:43Z,4,4,4
2026-09-09T14:49:58Z,4,4,4
2026-09-09T14:50:14Z,4,4,4
2026-09-09T14:50:29Z,4,4,4
2026-09-09T14:50:45Z,4,4,4
2026-09-09T14:51:00Z,4,4,4
2026-09-09T14:51:16Z,4,4,4
2026-09-09T14:51:31Z,4,4,4
2026-09-09T14:51:47Z,4,4,4
2026-09-09T14:52:02Z,4,4,4
2026-09-09T14:52:17Z,4,4,4
2026-09-09T14:52:33Z,4,4,4
2026-09-09T14:52:48Z,4,4,4
2026-09-09T14:53:04Z,4,4,4
2026-09-09T14:53:19Z,4,4,4
2026-09-09T14:53:35Z,4,4,4
2026-09-09T14:53:51Z,4,4,4
2026-09-09T14:54:06Z,4,4,4
2026-09-09T14:54:22Z,4,4,4
2026-09-09T14:54:37Z,4,4,4
2026-09-09T14:54:53Z,4,4,4
2026-09-09T14:55:08Z,4,4,4
2026-09-09T14:55:24Z,4,4,4
2026-09-09T14:55:39Z,4,4,4
2026-09-09T14:55:55Z,4,4,4
2026-09-09T14:56:10Z,4,4,4
2026-09-09T14:56:26Z,4,4,4
2026-09-09T14:56:41Z,4,4,4
2026-09-09T14:56:57Z,4,4,4
2026-09-09T14:57:12Z,4,4,4
2026-09-09T14:57:28Z,4,4,4
2026-09-09T14:57:43Z,4,4,4
2026-09-09T14:57:59Z,4,4,4
2026-09-09T14:58:14Z,4,4,4
2026-09-09T14:58:30Z,4,4,4
2026-09-09T14:58:45Z,4,4,4
2026-09-09T14:59:01Z,4,4,4
2026-09-09T14:59:16Z,4,4,4
2026-09-09T14:59:31Z,4,4,4
2026-09-09T14:59:47Z,4,4,4
2026-09-09T15:00:02Z,4,4,4
2026-09-09T15:00:18Z,4,4,4
2026-09-09T15:00:33Z,4,4,4
2026-09-09T15:00:49Z,4,4,4
2026-09-09T15:01:04Z,4,4,4
2026-09-09T15:01:20Z,4,4,4
2026-09-09T15:01:35Z,4,4,4
2026-09-09T15:01:51Z,4,4,4
2026-09-09T15:02:06Z,4,4,4
2026-09-09T15:02:22Z,4,4,4
2026-09-09T15:02:37Z,4,4,4
2026-09-09T15:02:53Z,4,4,4
2026-09-09T15:03:08Z,4,4,4
2026-09-09T15:03:24Z,4,4,4
2026-09-09T15:03:39Z,4,4,4
2026-09-09T15:03:55Z,4,4,4
2026-09-09T15:04:10Z,4,4,4
2026-09-09T15:04:26Z,4,4,4
2026-09-09T15:04:41Z,4,4,4
2026-09-09T15:04:57Z,4,4,4
2026-09-09T15:05:12Z,4,4,4
2026-09-09T15:05:28Z,4,4,4
2026-09-09T15:05:43Z,4,4,4
2026-09-09T15:05:59Z,4,4,4
2026-09-09T15:06:14Z,4,4,4
2026-09-09T15:06:30Z,4,4,4
2026-09-09T15:06:45Z,4,4,4
2026-09-09T15:07:01Z,4,4,4
2026-09-09T15:07:16Z,4,4,4
2026-09-09T15:07:32Z,4,4,4
2026-09-09T15:07:47Z,4,4,4
2026-09-09T15:08:03Z,4,4,4
2026-09-09T15:08:18Z,4,4,4
2026-09-09T15:08:34Z,4,4,4
2026-09-09T15:08:49Z,4,4,4
2026-09-09T15:09:05Z,4,4,4
2026-09-09T15:09:20Z,4,4,4
2026-09-09T15:09:36Z,4,4,4
2026-09-09T15:09:51Z,4,4,4
2026-09-09T15:10:07Z,4,4,4
2026-09-09T15:10:22Z,4,4,4
2026-09-09T15:10:38Z,4,4,4
2026-09-09T15:10:53Z,4,4,4
2026-09-09T15:11:09Z,4,4,4
2026-09-09T15:11:24Z,4,4,4
2026-09-09T15:11:40Z,4,4,4
2026-09-09T15:11:55Z,4,4,4
2026-09-09T15:12:11Z,4,4,4
2026-09-09T15:12:26Z,4,4,4
2026-09-09T15:12:42Z,4,4,4
2026-09-09T15:12:57Z,4,4,4
2026-09-09T15:13:13Z,4,4,4
2026-09-09T15:13:28Z,4,4,4
2026-09-09T15:13:44Z,4,4,4
2026-09-09T15:13:59Z,4,4,4
2026-09-09T15:14:15Z,4,4,4
2026-09-09T15:14:30Z,4,4,4
2026-09-09T15:14:46Z,4,4,4
2026-09-09T15:15:01Z,4,4,4
2026-09-09T15:15:17Z,4,4,4
2026-09-09T15:15:32Z,4,4,4
2026-09-09T15:15:48Z,4,4,4
2026-09-09T15:16:03Z,4,4,4
2026-09-09T15:16:19Z,4,4,4
2026-09-09T15:16:34Z,4,4,4
2026-09-09T15:16:50Z,4,4,4
2026-09-09T15:17:05Z,4,4,4
2026-09-09T15:17:21Z,4,4,4
2026-09-09T15:17:36Z,4,4,4
2026-09-09T15:17:51Z,4,4,4
2026-09-09T15:18:07Z,4,4,4
2026-09-09T15:18:22Z,4,4,4
2026-09-09T15:18:38Z,4,4,4
2026-09-09T15:18:54Z,4,4,4
2026-09-09T15:19:09Z,4,4,4
2026-09-09T15:19:24Z,4,4,4
2026-09-09T15:19:40Z,4,4,4
2026-09-09T15:19:56Z,4,4,4
2026-09-09T15:20:11Z,4,4,4
2026-09-09T15:20:27Z,4,4,4
2026-09-09T15:20:42Z,4,4,4
2026-09-09T15:20:58Z,4,4,4
2026-09-09T15:21:13Z,4,4,4
2026-09-09T15:21:29Z,4,4,4
2026-09-09T15:21:44Z,4,4,4
2026-09-09T15:21:59Z,4,4,4
2026-09-09T15:22:15Z,4,4,4
2026-09-09T15:22:30Z,4,4,4
2026-09-09T15:22:46Z,4,4,4
2026-09-09T15:23:01Z,4,4,4
2026-09-09T15:23:17Z,4,4,4
2026-09-09T15:23:32Z,4,4,4
2026-09-09T15:23:48Z,4,4,4
2026-09-09T15:24:03Z,4,4,4
2026-09-09T15:24:19Z,4,4,4
2026-09-09T15:24:34Z,4,4,4
2026-09-09T15:24:50Z,4,4,4
2026-09-09T15:25:05Z,4,4,4
2026-09-09T15:25:21Z,4,4,4
2026-09-09T15:25:36Z,4,4,4
2026-09-09T15:25:52Z,4,4,4
2026-09-09T15:26:07Z,4,4,4
2026-09-09T15:26:23Z,4,4,4
2026-09-09T15:26:38Z,4,4,4
2026-09-09T15:26:54Z,4,4,4
2026-09-09T15:27:09Z,4,4,4
2026-09-09T15:27:25Z,4,4,4
2026-09-09T15:27:40Z,4,4,4
2026-09-09T15:27:56Z,4,4,4
2026-09-09T15:28:11Z,4,4,4
2026-09-09T15:28:26Z,4,4,4
2026-09-09T15:28:42Z,4,4,4
2026-09-09T15:28:57Z,4,4,4
2026-09-09T15:29:13Z,4,4,4
2026-09-09T15:29:28Z,4,4,4
2026-09-09T15:29:44Z,4,4,4
2026-09-09T15:29:59Z,4,4,4
2026-09-09T15:30:15Z,4,4,4
2026-09-09T15:30:30Z,4,4,4
2026-09-09T15:30:46Z,4,4,4
2026-09-09T15:31:01Z,4,4,4
2026-09-09T15:31:17Z,4,4,4
2026-09-09T15:31:32Z,4,4,4
2026-09-09T15:31:48Z,4,4,4
2026-09-09T15:32:03Z,4,4,4
2026-09-09T15:32:19Z,4,4,4
2026-09-09T15:32:34Z,4,4,4
2026-09-09T15:32:50Z,4,4,4
2026-09-09T15:33:05Z,4,4,4
2026-09-09T15:33:20Z,4,4,4
2026-09-09T15:33:36Z,4,4,4
2026-09-09T15:33:51Z,4,4,4
2026-09-09T15:34:07Z,4,4,4
2026-09-09T15:34:22Z,4,4,4
2026-09-09T15:34:38Z,4,4,4
2026-09-09T15:34:54Z,4,4,4
2026-09-09T15:35:09Z,4,4,4
2026-09-09T15:35:25Z,4,4,4
2026-09-09T15:35:40Z,4,4,4
2026-09-09T15:35:56Z,4,4,4
2026-09-09T15:36:11Z,4,4,4
2026-09-09T15:36:27Z,4,4,4
2026-09-09T15:36:42Z,4,4,4
2026-09-09T15:36:58Z,4,4,4
2026-09-09T15:37:13Z,4,4,4
2026-09-09T15:37:29Z,4,4,4
2026-09-09T15:37:44Z,4,4,4
2026-09-09T15:38:00Z,4,4,4
2026-09-09T15:38:15Z,4,4,4
2026-09-09T15:38:31Z,4,4,4
2026-09-09T15:38:46Z,4,4,4
2026-09-09T15:39:02Z,4,4,4
2026-09-09T15:39:17Z,4,4,4
2026-09-09T15:39:33Z,4,4,4
2026-09-09T15:39:48Z,4,4,4
2026-09-09T15:40:04Z,4,4,4
2026-09-09T15:40:19Z,4,4,4
2026-09-09T15:40:34Z,4,4,4
2026-09-09T15:40:50Z,4,4,4
2026-09-09T15:41:06Z,4,4,4
2026-09-09T15:41:21Z,4,4,4
2026-09-09T15:41:37Z,4,4,4
2026-09-09T15:41:52Z,4,4,4
2026-09-09T15:42:08Z,4,4,4
2026-09-09T15:42:23Z,4,4,4
2026-09-09T15:42:39Z,4,4,4
2026-09-09T15:42:54Z,4,4,4
2026-09-09T15:43:09Z,4,4,4
2026-09-09T15:43:25Z,4,4,4
2026-09-09T15:43:40Z,4,4,4
2026-09-09T15:43:56Z,4,4,4
2026-09-09T15:44:11Z,4,4,4
2026-09-09T15:44:27Z,4,4,4
2026-09-09T15:44:42Z,4,4,4
2026-09-09T15:44:58Z,4,4,4
2026-09-09T15:45:13Z,4,4,4
2026-09-09T15:45:29Z,4,4,4
2026-09-09T15:45:44Z,4,4,4
2026-09-09T15:46:00Z,4,4,4
2026-09-09T15:46:15Z,4,4,4
2026-09-09T15:46:31Z,4,4,4
2026-09-09T15:46:46Z,4,4,4
2026-09-09T15:47:02Z,4,4,4
2026-09-09T15:47:17Z,4,4,4
2026-09-09T15:47:33Z,4,4,4
2026-09-09T15:47:48Z,4,4,4
2026-09-09T15:48:04Z,4,4,4
2026-09-09T15:48:19Z,4,4,4
2026-09-09T15:48:35Z,4,4,4
2026-09-09T15:48:50Z,4,4,4
2026-09-09T15:49:06Z,4,4,4
2026-09-09T15:49:21Z,4,4,4
2026-09-09T15:49:37Z,4,4,4
2026-09-09T15:49:52Z,4,4,4
2026-09-09T15:50:08Z,4,4,4
2026-09-09T15:50:23Z,4,4,4
2026-09-09T15:50:39Z,4,4,4
2026-09-09T15:50:54Z,4,4,4
2026-09-09T15:51:10Z,4,4,4
2026-09-09T15:51:25Z,4,4,4
2026-09-09T15:51:41Z,4,4,4
2026-09-09T15:51:56Z,4,4,4
2026-09-09T15:52:12Z,4,4,4
2026-09-09T15:52:27Z,4,4,4
2026-09-09T15:52:43Z,4,4,4
2026-09-09T15:52:58Z,4,4,4
2026-09-09T15:53:14Z,4,4,4
2026-09-09T15:53:29Z,4,4,4
2026-09-09T15:53:45Z,4,4,4
2026-09-09T15:54:00Z,4,4,4
2026-09-09T15:54:16Z,4,4,4
2026-09-09T15:54:31Z,4,4,4
2026-09-09T15:54:46Z,4,4,4
2026-09-09T15:55:02Z,4,4,4
2026-09-09T15:55:17Z,4,4,4
2026-09-09T15:55:33Z,4,4,4
2026-09-09T15:55:48Z,4,4,4
2026-09-09T15:56:04Z,4,4,4
2026-09-09T15:56:19Z,4,4,4
2026-09-09T15:56:35Z,4,4,4
2026-09-09T15:56:50Z,4,4,4
2026-09-09T15:57:06Z,4,4,4
2026-09-09T15:57:21Z,4,4,4
2026-09-09T15:57:37Z,4,4,4
2026-09-09T15:57:52Z,4,4,4
2026-09-09T15:58:08Z,4,4,4
2026-09-09T15:58:23Z,4,4,4
2026-09-09T15:58:39Z,4,4,4
2026-09-09T15:58:54Z,4,4,4
2026-09-09T15:59:10Z,4,4,4
2026-09-09T15:59:25Z,4,4,4
2026-09-09T15:59:41Z,4,4,4
2026-09-09T15:59:56Z,4,4,4
2026-09-09T16:00:12Z,4,4,4
2026-09-09T16:00:27Z,4,4,4
2026-09-09T16:00:43Z,4,4,4
2026-09-09T16:00:58Z,4,4,4
2026-09-09T16:01:14Z,4,4,4
2026-09-09T16:01:29Z,4,4,4
2026-09-09T16:01:45Z,4,4,4
2026-09-09T16:02:00Z,4,4,4
2026-09-09T16:02:16Z,4,4,4
2026-09-09T16:02:31Z,4,4,4
2026-09-09T16:02:47Z,4,4,4
2026-09-09T16:03:02Z,4,4,4
2026-09-09T16:03:18Z,4,4,4
2026-09-09T16:03:33Z,4,4,4
2026-09-09T16:03:49Z,4,4,4
2026-09-09T16:04:04Z,4,4,4
2026-09-09T16:04:20Z,4,4,4
2026-09-09T16:04:35Z,4,4,4
2026-09-09T16:04:51Z,4,4,4
2026-09-09T16:05:06Z,4,4,4
2026-09-09T16:05:22Z,4,4,4
2026-09-09T16:05:37Z,4,4,4
2026-09-09T16:05:53Z,4,4,4
2026-09-09T16:06:08Z,4,4,4
2026-09-09T16:06:24Z,4,4,4
2026-09-09T16:06:39Z,4,4,4
2026-09-09T16:06:55Z,4,4,4
2026-09-09T16:07:10Z,4,4,4
2026-09-09T16:07:26Z,4,4,4
2026-09-09T16:07:41Z,4,4,4
2026-09-09T16:07:57Z,4,4,4
2026-09-09T16:08:12Z,4,4,4
2026-09-09T16:08:28Z,4,4,4
2026-09-09T16:08:43Z,4,4,4
2026-09-09T16:08:58Z,4,4,4
2026-09-09T16:09:14Z,4,4,4
2026-09-09T16:09:29Z,4,4,4
2026-09-09T16:09:45Z,4,4,4
2026-09-09T16:10:00Z,4,4,4
2026-09-09T16:10:16Z,4,4,4
2026-09-09T16:10:31Z,4,4,4
2026-09-09T16:10:47Z,4,4,4
2026-09-09T16:11:02Z,4,4,4
2026-09-09T16:11:18Z,4,4,4
2026-09-09T16:11:33Z,4,4,4
2026-09-09T16:11:49Z,4,4,4
2026-09-09T16:12:04Z,4,4,4
2026-09-09T16:12:20Z,4,4,4
2026-09-09T16:12:35Z,4,4,4
2026-09-09T16:12:51Z,4,4,4
2026-09-09T16:13:06Z,4,4,4
2026-09-09T16:13:22Z,4,4,4
2026-09-09T16:13:37Z,4,4,4
2026-09-09T16:13:53Z,4,4,4
2026-09-09T16:14:08Z,4,4,4
2026-09-09T16:14:24Z,4,4,4
2026-09-09T16:14:39Z,4,4,4
2026-09-09T16:14:55Z,4,4,4
2026-09-09T16:15:10Z,4,4,4
2026-09-09T16:15:25Z,4,4,4
2026-09-09T16:15:41Z,4,4,4
2026-09-09T16:15:56Z,4,4,4
2026-09-09T16:16:12Z,4,4,4
2026-09-09T16:16:29Z,4,4,4
2026-09-09T16:16:45Z,4,4,4
2026-09-09T16:17:00Z,4,4,4
2026-09-09T16:17:16Z,4,4,4
2026-09-09T16:17:31Z,4,4,4
2026-09-09T16:17:47Z,4,4,4
2026-09-09T16:18:02Z,4,4,4
2026-09-09T16:18:18Z,4,4,4
2026-09-09T16:18:33Z,4,4,4
2026-09-09T16:18:49Z,4,4,4
2026-09-09T16:19:04Z,4,4,4
2026-09-09T16:19:20Z,4,4,4
2026-09-09T16:19:35Z,4,4,4
2026-09-09T16:19:51Z,4,4,4
2026-09-09T16:20:06Z,4,4,4
2026-09-09T16:20:22Z,4,4,4
2026-09-09T16:20:37Z,4,4,4
2026-09-09T16:20:53Z,4,4,4
2026-09-09T16:21:08Z,4,4,4
2026-09-09T16:21:24Z,4,4,4
2026-09-09T16:21:39Z,4,4,4
2026-09-09T16:21:55Z,4,4,4
2026-09-09T16:22:10Z,4,4,4
2026-09-09T16:22:26Z,4,4,4
2026-09-09T16:22:41Z,4,4,4
2026-09-09T16:22:57Z,4,4,4
2026-09-09T16:23:12Z,4,4,4
2026-09-09T16:23:27Z,4,4,4
2026-09-09T16:23:43Z,4,4,4
2026-09-09T16:23:58Z,4,4,4
2026-09-09T16:24:14Z,4,4,4
2026-09-09T16:24:29Z,4,4,4
2026-09-09T16:24:45Z,4,4,4
2026-09-09T16:25:00Z,4,4,4
2026-09-09T16:25:16Z,4,4,4
2026-09-09T16:25:31Z,4,4,4
2026-09-09T16:25:47Z,4,4,4
2026-09-09T16:26:02Z,4,4,4
2026-09-09T16:26:18Z,4,4,4
2026-09-09T16:26:33Z,4,4,4
2026-09-09T16:26:49Z,4,4,4
2026-09-09T16:27:04Z,4,4,4
2026-09-09T16:27:20Z,4,4,4
2026-09-09T16:27:35Z,4,4,4
2026-09-09T16:27:51Z,4,4,4
2026-09-09T16:28:06Z,4,4,4
2026-09-09T16:28:22Z,4,4,4
2026-09-09T16:28:37Z,4,4,4
2026-09-09T16:28:53Z,4,4,4
2026-09-09T16:29:08Z,4,4,4
2026-09-09T16:29:24Z,4,4,4
2026-09-09T16:29:39Z,4,4,4
2026-09-09T16:29:55Z,4,4,4
2026-09-09T16:30:10Z,4,4,4
2026-09-09T16:30:26Z,4,4,4
2026-09-09T16:30:41Z,4,4,4
2026-09-09T16:30:57Z,4,4,4
2026-09-09T16:31:12Z,4,4,4
2026-09-09T16:31:28Z,4,4,4
2026-09-09T16:31:43Z,4,4,4
2026-09-09T16:31:59Z,4,4,4
2026-09-09T16:32:14Z,4,4,4
2026-09-09T16:32:30Z,4,4,4
2026-09-09T16:32:45Z,4,4,4
2026-09-09T16:33:01Z,4,4,4
2026-09-09T16:33:16Z,4,4,4
2026-09-09T16:33:32Z,4,4,4
2026-09-09T16:33:47Z,4,4,4
2026-09-09T16:34:03Z,4,4,4
2026-09-09T16:34:18Z,4,4,4
2026-09-09T16:34:34Z,4,4,4
2026-09-09T16:34:50Z,4,4,4
2026-09-09T16:35:06Z,4,4,4
2026-09-09T16:35:21Z,4,4,4
2026-09-09T16:35:37Z,4,4,4
2026-09-09T16:35:52Z,4,4,4
2026-09-09T16:36:08Z,4,4,4
2026-09-09T16:36:23Z,4,4,4
2026-09-09T16:36:38Z,4,4,4
2026-09-09T16:36:54Z,4,4,4
2026-09-09T16:37:10Z,4,4,4
2026-09-09T16:37:25Z,4,4,4
2026-09-09T16:37:41Z,4,4,4
2026-09-09T16:37:56Z,4,4,4
2026-09-09T16:38:12Z,4,4,4
2026-09-09T16:38:27Z,4,4,4
2026-09-09T16:38:42Z,4,4,4
2026-09-09T16:38:58Z,4,4,4
2026-09-09T16:39:14Z,4,4,4
2026-09-09T16:39:29Z,4,4,4
2026-09-09T16:39:44Z,4,4,4
2026-09-09T16:40:00Z,4,4,4
2026-09-09T16:40:15Z,4,4,4
2026-09-09T16:40:31Z,4,4,4
2026-09-09T16:40:46Z,4,4,4
2026-09-09T16:41:02Z,4,4,4
2026-09-09T16:41:17Z,4,4,4
2026-09-09T16:41:33Z,4,4,4
2026-09-09T16:41:48Z,4,4,4
2026-09-09T16:42:04Z,4,4,4
2026-09-09T16:42:19Z,4,4,4
2026-09-09T16:42:35Z,4,4,4
2026-09-09T16:42:50Z,4,4,4
2026-09-09T16:43:06Z,4,4,4
2026-09-09T16:43:21Z,4,4,4
2026-09-09T16:43:37Z,4,4,4
2026-09-09T16:43:52Z,4,4,4
2026-09-09T16:44:08Z,4,4,4
2026-09-09T16:44:23Z,4,4,4
2026-09-09T16:44:38Z,4,4,4
2026-09-09T16:44:54Z,4,4,4
2026-09-09T16:45:09Z,4,4,4
2026-09-09T16:45:25Z,4,4,4
2026-09-09T16:45:40Z,4,4,4
2026-09-09T16:45:56Z,4,4,4
2026-09-09T16:46:11Z,4,4,4
2026-09-09T16:46:27Z,4,4,4
2026-09-09T16:46:42Z,4,4,4
2026-09-09T16:46:58Z,4,4,4
2026-09-09T16:47:13Z,4,4,4
2026-09-09T16:47:29Z,4,4,4
2026-09-09T16:47:44Z,4,4,4
2026-09-09T16:48:00Z,4,4,4
2026-09-09T16:48:15Z,4,4,4
2026-09-09T16:48:31Z,4,4,4
2026-09-09T16:48:46Z,4,4,4
2026-09-09T16:49:02Z,4,4,4
2026-09-09T16:49:17Z,4,4,4
2026-09-09T16:49:33Z,4,4,4
2026-09-09T16:49:48Z,4,4,4
2026-09-09T16:50:04Z,4,4,4
2026-09-09T16:50:19Z,4,4,4
2026-09-09T16:50:35Z,4,4,4
2026-09-09T16:50:50Z,4,4,4
2026-09-09T16:51:06Z,4,4,4
2026-09-09T16:51:21Z,4,4,4
2026-09-09T16:51:37Z,4,4,4
2026-09-09T16:51:52Z,4,4,4
2026-09-09T16:52:08Z,4,4,4
2026-09-09T16:52:23Z,4,4,4
2026-09-09T16:52:39Z,4,4,4
2026-09-09T16:52:54Z,4,4,4
2026-09-09T16:53:10Z,4,4,4
2026-09-09T16:53:25Z,4,4,4
2026-09-09T16:53:41Z,4,4,4
2026-09-09T16:53:56Z,4,4,4
2026-09-09T16:54:12Z,4,4,4
2026-09-09T16:54:27Z,4,4,4
2026-09-09T16:54:43Z,4,4,4
2026-09-09T16:54:58Z,4,4,4
2026-09-09T16:55:14Z,4,4,4
2026-09-09T16:55:29Z,4,4,4
2026-09-09T16:55:45Z,4,4,4
2026-09-09T16:56:00Z,4,4,4
2026-09-09T16:56:16Z,4,4,4
2026-09-09T16:56:31Z,4,4,4
2026-09-09T16:56:47Z,4,4,4
2026-09-09T16:57:02Z,4,4,4
2026-09-09T16:57:18Z,4,4,4
2026-09-09T16:57:33Z,4,4,4
2026-09-09T16:57:49Z,4,4,4
2026-09-09T16:58:04Z,4,4,4
2026-09-09T16:58:20Z,4,4,4
2026-09-09T16:58:35Z,4,4,4
2026-09-09T16:58:50Z,4,4,4
2026-09-09T16:59:06Z,4,4,4
2026-09-09T16:59:21Z,4,4,4
2026-09-09T16:59:37Z,4,4,4
2026-09-09T16:59:52Z,4,4,4
2026-09-09T17:00:08Z,4,4,4
2026-09-09T17:00:23Z,4,4,4
2026-09-09T17:00:39Z,4,4,4
2026-09-09T17:00:54Z,4,4,4
2026-09-09T17:01:10Z,4,4,4
2026-09-09T17:01:25Z,4,4,4
2026-09-09T17:01:41Z,4,4,4
2026-09-09T17:01:56Z,4,4,4
2026-09-09T17:02:12Z,4,4,4
2026-09-09T17:02:27Z,4,4,4
2026-09-09T17:02:43Z,4,4,4
2026-09-09T17:02:58Z,4,4,4
2026-09-09T17:03:14Z,4,4,4
2026-09-09T17:03:29Z,4,4,4
2026-09-09T17:03:45Z,4,4,4
2026-09-09T17:04:00Z,4,4,4
2026-09-09T17:04:16Z,4,4,4
2026-09-09T17:04:31Z,4,4,4
2026-09-09T17:04:47Z,4,4,4
2026-09-09T17:05:02Z,4,4,4
2026-09-09T17:05:18Z,4,4,4
2026-09-09T17:05:33Z,4,4,4
2026-09-09T17:05:49Z,4,4,4
2026-09-09T17:06:04Z,4,4,4
2026-09-09T17:06:20Z,4,4,4
2026-09-09T17:06:35Z,4,4,4
2026-09-09T17:06:51Z,4,4,4
2026-09-09T17:07:06Z,4,4,4
2026-09-09T17:07:22Z,4,4,4
2026-09-09T17:07:37Z,4,4,4
2026-09-09T17:07:53Z,4,4,4
2026-09-09T17:08:08Z,4,4,4
2026-09-09T17:08:24Z,4,4,4
2026-09-09T17:08:39Z,4,4,4
2026-09-09T17:08:55Z,4,4,4
2026-09-09T17:09:10Z,4,4,4
2026-09-09T17:09:26Z,4,4,4
2026-09-09T17:09:41Z,4,4,4
2026-09-09T17:09:57Z,4,4,4
2026-09-09T17:10:12Z,4,4,4
2026-09-09T17:10:28Z,4,4,4
2026-09-09T17:10:43Z,4,4,4
2026-09-09T17:10:58Z,4,4,4
2026-09-09T17:11:14Z,4,4,4
2026-09-09T17:11:29Z,4,4,4
2026-09-09T17:11:45Z,4,4,4
2026-09-09T17:12:00Z,4,4,4
2026-09-09T17:12:16Z,4,4,4
2026-09-09T17:12:32Z,4,4,4
2026-09-09T17:12:47Z,4,4,4
2026-09-09T17:13:03Z,4,4,4
2026-09-09T17:13:18Z,4,4,4
2026-09-09T17:13:34Z,4,4,4
2026-09-09T17:13:49Z,4,4,4
2026-09-09T17:14:05Z,4,4,4
2026-09-09T17:14:20Z,4,4,4
2026-09-09T17:14:36Z,4,4,4
2026-09-09T17:14:51Z,4,4,4
2026-09-09T17:15:07Z,4,4,4
2026-09-09T17:15:22Z,4,4,4
2026-09-09T17:15:38Z,4,4,4
2026-09-09T17:15:53Z,4,4,4
2026-09-09T17:16:09Z,4,4,4
2026-09-09T17:16:24Z,4,4,4
2026-09-09T17:16:40Z,4,4,4
2026-09-09T17:16:55Z,4,4,4
2026-09-09T17:17:11Z,4,4,4
2026-09-09T17:17:26Z,4,4,4
2026-09-09T17:17:42Z,4,4,4
2026-09-09T17:17:57Z,4,4,4
2026-09-09T17:18:13Z,4,4,4
2026-09-09T17:18:28Z,4,4,4
2026-09-09T17:18:43Z,4,4,4
2026-09-09T17:18:59Z,4,4,4
2026-09-09T17:19:14Z,4,4,4
2026-09-09T17:19:30Z,4,4,4
2026-09-09T17:19:45Z,4,4,4
2026-09-09T17:20:01Z,4,4,4
2026-09-09T17:20:16Z,4,4,4
2026-09-09T17:20:32Z,4,4,4
2026-09-09T17:20:47Z,4,4,4
2026-09-09T17:21:03Z,4,4,4
2026-09-09T17:21:18Z,4,4,4
2026-09-09T17:21:34Z,4,4,4
2026-09-09T17:21:49Z,4,4,4
2026-09-09T17:22:05Z,4,4,4
2026-09-09T17:22:20Z,4,4,4
2026-09-09T17:22:36Z,4,4,4
2026-09-09T17:22:51Z,4,4,4
2026-09-09T17:23:07Z,4,4,4
2026-09-09T17:23:22Z,4,4,4
2026-09-09T17:23:38Z,4,4,4
2026-09-09T17:23:53Z,4,4,4
2026-09-09T17:24:09Z,4,4,4
2026-09-09T17:24:24Z,4,4,4
2026-09-09T17:24:40Z,4,4,4
2026-09-09T17:24:55Z,4,4,4
2026-09-09T17:25:11Z,4,4,4
2026-09-09T17:25:26Z,4,4,4
2026-09-09T17:25:42Z,4,4,4
2026-09-09T17:25:57Z,4,4,4
2026-09-09T17:26:13Z,4,4,4
2026-09-09T17:26:28Z,4,4,4
2026-09-09T17:26:44Z,4,4,4
2026-09-09T17:26:59Z,4,4,4
2026-09-09T17:27:15Z,4,4,4
2026-09-09T17:27:30Z,4,4,4
2026-09-09T17:27:46Z,4,4,4
2026-09-09T17:28:01Z,4,4,4
2026-09-09T17:28:17Z,4,4,4
2026-09-09T17:28:32Z,4,4,4
2026-09-09T17:28:48Z,4,4,4
2026-09-09T17:29:03Z,4,4,4
2026-09-09T17:29:18Z,4,4,4
2026-09-09T17:29:34Z,4,4,4
2026-09-09T17:29:49Z,4,4,4
2026-09-09T17:30:05Z,4,4,4
2026-09-09T17:30:20Z,4,4,4
2026-09-09T17:30:36Z,4,4,4
2026-09-09T17:30:51Z,4,4,4
2026-09-09T17:31:07Z,4,4,4
2026-09-09T17:31:22Z,4,4,4
2026-09-09T17:31:38Z,4,4,4
2026-09-09T17:31:53Z,4,4,4
2026-09-09T17:32:09Z,4,4,4
2026-09-09T17:32:24Z,4,4,4
2026-09-09T17:32:40Z,4,4,4
2026-09-09T17:32:56Z,4,4,4
2026-09-09T17:33:11Z,4,4,4
2026-09-09T17:33:27Z,4,4,4
2026-09-09T17:33:42Z,4,4,4
2026-09-09T17:33:58Z,4,4,4
2026-09-09T17:34:13Z,4,4,4
2026-09-09T17:34:29Z,4,4,4
2026-09-09T17:34:45Z,4,4,4
2026-09-09T17:35:00Z,4,4,4
2026-09-09T17:35:16Z,4,4,4
2026-09-09T17:35:31Z,4,4,4
2026-09-09T17:35:47Z,4,4,4
2026-09-09T17:36:02Z,4,4,4
2026-09-09T17:36:18Z,4,4,4
2026-09-09T17:36:33Z,4,4,4
2026-09-09T17:36:49Z,4,4,4
2026-09-09T17:37:04Z,4,4,4
2026-09-09T17:37:20Z,4,4,4
2026-09-09T17:37:35Z,4,4,4
2026-09-09T17:37:51Z,4,4,4
2026-09-09T17:38:06Z,4,4,4
2026-09-09T17:38:22Z,4,4,4
2026-09-09T17:38:37Z,4,4,4
2026-09-09T17:38:53Z,4,4,4
2026-09-09T17:39:08Z,4,4,4
2026-09-09T17:39:24Z,4,4,4
2026-09-09T17:39:39Z,4,4,4
2026-09-09T17:39:55Z,4,4,4
2026-09-09T17:40:10Z,4,4,4
2026-09-09T17:40:26Z,4,4,4
2026-09-09T17:40:41Z,4,4,4
2026-09-09T17:40:57Z,4,4,4
2026-09-09T17:41:12Z,4,4,4
2026-09-09T17:41:28Z,4,4,4
2026-09-09T17:41:43Z,4,4,4
2026-09-09T17:41:59Z,4,4,4
2026-09-09T17:42:14Z,4,4,4
2026-09-09T17:42:30Z,4,4,4
2026-09-09T17:42:45Z,4,4,4
2026-09-09T17:43:01Z,4,4,4
2026-09-09T17:43:16Z,4,4,4
2026-09-09T17:43:32Z,4,4,4
2026-09-09T17:43:47Z,4,4,4
2026-09-09T17:44:03Z,4,4,4
2026-09-09T17:44:18Z,4,4,4
2026-09-09T17:44:34Z,4,4,4
2026-09-09T17:44:49Z,4,4,4
2026-09-09T17:45:05Z,4,4,4
2026-09-09T17:45:20Z,4,4,4
2026-09-09T17:45:36Z,4,4,4
2026-09-09T17:45:51Z,4,4,4
2026-09-09T17:46:06Z,4,4,4
2026-09-09T17:46:22Z,4,4,4
2026-09-09T17:46:37Z,4,4,4
2026-09-09T17:46:53Z,4,4,4
2026-09-09T17:47:08Z,4,4,4
2026-09-09T17:47:24Z,4,4,4
2026-09-09T17:47:39Z,4,4,4
2026-09-09T17:47:55Z,4,4,4
2026-09-09T17:48:10Z,4,4,4
2026-09-09T17:48:26Z,4,4,4
2026-09-09T17:48:41Z,4,4,4
2026-09-09T17:48:57Z,4,4,4
2026-09-09T17:49:12Z,4,4,4
2026-09-09T17:49:28Z,4,4,4
2026-09-09T17:49:43Z,4,4,4
2026-09-09T17:50:04Z,4,4,4
2026-09-09T17:50:19Z,4,4,4
2026-09-09T17:50:35Z,4,4,4
2026-09-09T17:50:50Z,4,4,4
2026-09-09T17:51:06Z,4,4,4
2026-09-09T17:51:21Z,4,4,4
2026-09-09T17:51:37Z,4,4,4
2026-09-09T17:51:52Z,4,4,4
2026-09-09T17:52:08Z,4,4,4
2026-09-09T17:52:23Z,4,4,4
2026-09-09T17:52:39Z,4,4,4
2026-09-09T17:52:54Z,4,4,4
2026-09-09T17:53:10Z,4,4,4
2026-09-09T17:53:25Z,4,4,4
2026-09-09T17:53:41Z,4,4,4
2026-09-09T17:53:56Z,4,4,4
2026-09-09T17:54:12Z,4,4,4
2026-09-09T17:54:27Z,4,4,4
2026-09-09T17:54:43Z,4,4,4
2026-09-09T17:54:58Z,4,4,4
2026-09-09T17:55:14Z,4,4,4
2026-09-09T17:55:29Z,4,4,4
2026-09-09T17:55:45Z,4,4,4
2026-09-09T17:56:00Z,4,4,4
2026-09-09T17:56:16Z,4,4,4
2026-09-09T17:56:31Z,4,4,4
2026-09-09T17:56:47Z,4,4,4
2026-09-09T17:57:02Z,4,4,4
2026-09-09T17:57:18Z,4,4,4
2026-09-09T17:57:33Z,4,4,4
2026-09-09T17:57:49Z,4,4,4
2026-09-09T17:58:04Z,4,4,4
2026-09-09T17:58:20Z,4,4,4
2026-09-09T17:58:35Z,4,4,4
2026-09-09T17:58:51Z,4,4,4
2026-09-09T17:59:06Z,4,4,4
2026-09-09T17:59:22Z,4,4,4
2026-09-09T17:59:37Z,4,4,4
2026-09-09T17:59:53Z,4,4,4
2026-09-09T18:00:08Z,4,4,4
2026-09-09T18:00:24Z,4,4,4
2026-09-09T18:00:39Z,4,4,4
2026-09-09T18:00:55Z,4,4,4
2026-09-09T18:01:10Z,4,4,4
2026-09-09T18:01:26Z,4,4,4
2026-09-09T18:01:41Z,4,4,4
2026-09-09T18:01:57Z,4,4,4
2026-09-09T18:02:12Z,4,4,4
2026-09-09T18:02:28Z,4,4,4
2026-09-09T18:02:43Z,4,4,4
2026-09-09T18:02:59Z,4,4,4
2026-09-09T18:03:14Z,4,4,4
2026-09-09T18:03:30Z,4,4,4
2026-09-09T18:03:46Z,4,4,4
2026-09-09T18:04:01Z,4,4,4
2026-09-09T18:04:17Z,4,4,4
2026-09-09T18:04:32Z,4,4,4
2026-09-09T18:04:48Z,4,4,4
2026-09-09T18:05:03Z,4,4,4
2026-09-09T18:05:19Z,4,4,4
2026-09-09T18:05:34Z,4,4,4
2026-09-09T18:05:50Z,4,4,4
2026-09-09T18:06:05Z,4,4,4
2026-09-09T18:06:21Z,4,4,4
2026-09-09T18:06:37Z,4,4,4
2026-09-09T18:06:52Z,4,4,4
2026-09-09T18:07:08Z,4,4,4
2026-09-09T18:07:23Z,4,4,4
2026-09-09T18:07:39Z,4,4,4
2026-09-09T18:07:54Z,4,4,4
2026-09-09T18:08:10Z,4,4,4
2026-09-09T18:08:25Z,4,4,4
2026-09-09T18:08:41Z,4,4,4
2026-09-09T18:08:56Z,4,4,4
2026-09-09T18:09:12Z,4,4,4
2026-09-09T18:09:27Z,4,4,4
2026-09-09T18:09:43Z,4,4,4
2026-09-09T18:09:58Z,4,4,4
2026-09-09T18:10:14Z,4,4,4
2026-09-09T18:10:29Z,4,4,4
2026-09-09T18:10:45Z,4,4,4
2026-09-09T18:11:00Z,4,4,4
2026-09-09T18:11:16Z,4,4,4
2026-09-09T18:11:31Z,4,4,4
2026-09-09T18:11:47Z,4,4,4
2026-09-09T18:12:02Z,4,4,4
2026-09-09T18:12:18Z,4,4,4
2026-09-09T18:12:34Z,4,4,4
2026-09-09T18:12:49Z,4,4,4
2026-09-09T18:13:05Z,4,4,4
2026-09-09T18:13:20Z,4,4,4
2026-09-09T18:13:36Z,4,4,4
2026-09-09T18:13:51Z,4,4,4
2026-09-09T18:14:07Z,4,4,4
2026-09-09T18:14:22Z,4,4,4
2026-09-09T18:14:37Z,4,4,4
2026-09-09T18:14:53Z,4,4,4
2026-09-09T18:15:08Z,4,4,4
2026-09-09T18:15:24Z,4,4,4
2026-09-09T18:15:39Z,4,4,4
2026-09-09T18:15:55Z,4,4,4
2026-09-09T18:16:10Z,4,4,4
2026-09-09T18:16:26Z,4,4,4
2026-09-09T18:16:41Z,4,4,4
2026-09-09T18:16:57Z,4,4,4
2026-09-09T18:17:12Z,4,4,4
2026-09-09T18:17:28Z,4,4,4
2026-09-09T18:17:43Z,4,4,4
2026-09-09T18:17:59Z,4,4,4
2026-09-09T18:18:14Z,4,4,4
2026-09-09T18:18:30Z,4,4,4
2026-09-09T18:18:45Z,4,4,4
2026-09-09T18:19:01Z,4,4,4
2026-09-09T18:19:16Z,4,4,4
2026-09-09T18:19:32Z,4,4,4
2026-09-09T18:19:47Z,4,4,4
2026-09-09T18:20:03Z,4,4,4
2026-09-09T18:20:18Z,4,4,4
2026-09-09T18:20:34Z,4,4,4
2026-09-09T18:20:49Z,4,4,4
2026-09-09T18:21:05Z,4,4,4
2026-09-09T18:21:20Z,4,4,4
2026-09-09T18:21:36Z,4,4,4
2026-09-09T18:21:51Z,4,4,4
2026-09-09T18:22:07Z,4,4,4
2026-09-09T18:22:22Z,4,4,4
2026-09-09T18:22:38Z,4,4,4
2026-09-09T18:22:53Z,4,4,4
2026-09-09T18:23:09Z,4,4,4
2026-09-09T18:23:24Z,4,4,4
2026-09-09T18:23:40Z,4,4,4
2026-09-09T18:23:55Z,4,4,4
2026-09-09T18:24:11Z,4,4,4
2026-09-09T18:24:26Z,4,4,4
2026-09-09T18:24:42Z,4,4,4
2026-09-09T18:24:57Z,4,4,4
2026-09-09T18:25:13Z,4,4,4
2026-09-09T18:25:28Z,4,4,4
2026-09-09T18:25:43Z,4,4,4
2026-09-09T18:25:59Z,4,4,4
2026-09-09T18:26:15Z,4,4,4
2026-09-09T18:26:30Z,4,4,4
2026-09-09T18:26:46Z,4,4,4
2026-09-09T18:27:01Z,4,4,4
2026-09-09T18:27:17Z,4,4,4
2026-09-09T18:27:32Z,4,4,4
2026-09-09T18:27:48Z,4,4,4
2026-09-09T18:28:03Z,4,4,4
2026-09-09T18:28:19Z,4,4,4
2026-09-09T18:28:34Z,4,4,4
2026-09-09T18:28:50Z,4,4,4
2026-09-09T18:29:05Z,4,4,4
2026-09-09T18:29:21Z,4,4,4
2026-09-09T18:29:36Z,4,4,4
2026-09-09T18:29:52Z,4,4,4
2026-09-09T18:30:07Z,4,4,4
2026-09-09T18:30:23Z,4,4,4
2026-09-09T18:30:38Z,4,4,4
2026-09-09T18:30:54Z,4,4,4
2026-09-09T18:31:09Z,4,4,4
2026-09-09T18:31:25Z,4,4,4
2026-09-09T18:31:40Z,4,4,4
2026-09-09T18:31:56Z,4,4,4
2026-09-09T18:32:11Z,4,4,4
2026-09-09T18:32:27Z,4,4,4
2026-09-09T18:32:42Z,4,4,4
2026-09-09T18:32:58Z,4,4,4
2026-09-09T18:33:13Z,4,4,4
2026-09-09T18:33:29Z,4,4,4
2026-09-09T18:33:44Z,4,4,4
2026-09-09T18:34:00Z,4,4,4
2026-09-09T18:34:15Z,4,4,4
2026-09-09T18:34:31Z,4,4,4
2026-09-09T18:34:47Z,4,4,4
2026-09-09T18:35:02Z,4,4,4
2026-09-09T18:35:18Z,4,4,4
2026-09-09T18:35:33Z,4,4,4
2026-09-09T18:35:49Z,4,4,4
2026-09-09T18:36:04Z,4,4,4
2026-09-09T18:36:20Z,4,4,4
2026-09-09T18:36:35Z,4,4,4
2026-09-09T18:36:51Z,4,4,4
2026-09-09T18:37:06Z,4,4,4
2026-09-09T18:37:22Z,4,4,4
2026-09-09T18:37:37Z,4,4,4
2026-09-09T18:37:53Z,4,4,4
2026-09-09T18:38:08Z,4,4,4
2026-09-09T18:38:24Z,4,4,4
2026-09-09T18:38:39Z,4,4,4
2026-09-09T18:38:55Z,4,4,4
2026-09-09T18:39:11Z,4,4,4
2026-09-09T18:39:26Z,4,4,4
2026-09-09T18:39:41Z,4,4,4
2026-09-09T18:39:57Z,4,4,4
2026-09-09T18:40:13Z,4,4,4
2026-09-09T18:40:28Z,4,4,4
2026-09-09T18:40:44Z,4,4,4
2026-09-09T18:40:59Z,4,4,4
2026-09-09T18:41:15Z,4,4,4
2026-09-09T18:41:30Z,4,4,4
2026-09-09T18:41:45Z,4,4,4
2026-09-09T18:42:01Z,4,4,4
2026-09-09T18:42:16Z,4,4,4
2026-09-09T18:42:32Z,4,4,4
2026-09-09T18:42:47Z,4,4,4
2026-09-09T18:43:03Z,4,4,4
2026-09-09T18:43:18Z,4,4,4
2026-09-09T18:43:34Z,4,4,4
2026-09-09T18:43:49Z,4,4,4
2026-09-09T18:44:05Z,4,4,4
2026-09-09T18:44:20Z,4,4,4
2026-09-09T18:44:36Z,4,4,4
2026-09-09T18:44:51Z,4,4,4
2026-09-09T18:45:07Z,4,4,4
2026-09-09T18:45:22Z,4,4,4
2026-09-09T18:45:38Z,4,4,4
2026-09-09T18:45:53Z,4,4,4
2026-09-09T18:46:09Z,4,4,4
2026-09-09T18:46:24Z,4,4,4
2026-09-09T18:46:40Z,4,4,4
2026-09-09T18:46:55Z,4,4,4
2026-09-09T18:47:11Z,4,4,4
2026-09-09T18:47:26Z,4,4,4
2026-09-09T18:47:42Z,4,4,4
2026-09-09T18:47:57Z,4,4,4
2026-09-09T18:48:13Z,4,4,4
2026-09-09T18:48:28Z,4,4,4
2026-09-09T18:48:44Z,4,4,4
2026-09-09T18:48:59Z,4,4,4
2026-09-09T18:49:14Z,4,4,4
2026-09-09T18:49:30Z,4,4,4
2026-09-09T18:49:45Z,4,4,4
2026-09-09T18:50:01Z,4,4,4
2026-09-09T18:50:16Z,4,4,4
2026-09-09T18:50:32Z,4,4,4
2026-09-09T18:50:47Z,4,4,4
2026-09-09T18:51:03Z,4,4,4
2026-09-09T18:51:18Z,4,4,4
2026-09-09T18:51:34Z,4,4,4
2026-09-09T18:51:49Z,4,4,4
2026-09-09T18:52:05Z,4,4,4
2026-09-09T18:52:20Z,4,4,4
2026-09-09T18:52:36Z,4,4,4
2026-09-09T18:52:51Z,4,4,4
2026-09-09T18:53:07Z,4,4,4
2026-09-09T18:53:22Z,4,4,4
2026-09-09T18:53:38Z,4,4,4
2026-09-09T18:53:53Z,4,4,4
2026-09-09T18:54:09Z,4,4,4
2026-09-09T18:54:24Z,4,4,4
2026-09-09T18:54:40Z,4,4,4
2026-09-09T18:54:55Z,4,4,4
2026-09-09T18:55:11Z,4,4,4
2026-09-09T18:55:26Z,4,4,4
2026-09-09T18:55:42Z,4,4,4
2026-09-09T18:55:57Z,4,4,4
2026-09-09T18:56:13Z,4,4,4
2026-09-09T18:56:28Z,4,4,4
2026-09-09T18:56:44Z,4,4,4
2026-09-09T18:56:59Z,4,4,4
2026-09-09T18:57:15Z,4,4,4
2026-09-09T18:57:30Z,4,4,4
2026-09-09T18:57:46Z,4,4,4
2026-09-09T18:58:01Z,4,4,4
2026-09-09T18:58:17Z,4,4,4
2026-09-09T18:58:32Z,4,4,4
2026-09-09T18:58:48Z,4,4,4
2026-09-09T18:59:03Z,4,4,4
2026-09-09T18:59:18Z,4,4,4
2026-09-09T18:59:34Z,4,4,4
2026-09-09T18:59:49Z,4,4,4
2026-09-09T19:00:05Z,4,4,4
2026-09-09T19:00:20Z,4,4,4
2026-09-09T19:00:36Z,4,4,4
2026-09-09T19:00:51Z,4,4,4
2026-09-09T19:01:07Z,4,4,4
2026-09-09T19:01:22Z,4,4,4
2026-09-09T19:01:38Z,4,4,4
2026-09-09T19:01:53Z,4,4,4
2026-09-09T19:02:09Z,4,4,4
2026-09-09T19:02:24Z,4,4,4
2026-09-09T19:02:40Z,4,4,4
2026-09-09T19:02:55Z,4,4,4
2026-09-09T19:03:11Z,4,4,4
2026-09-09T19:03:26Z,4,4,4
2026-09-09T19:03:42Z,4,4,4
2026-09-09T19:03:57Z,4,4,4
2026-09-09T19:04:13Z,4,4,4
2026-09-09T19:04:28Z,4,4,4
2026-09-09T19:04:44Z,4,4,4
2026-09-09T19:04:59Z,4,4,4
2026-09-09T19:05:15Z,4,4,4
2026-09-09T19:05:30Z,4,4,4
2026-09-09T19:05:46Z,4,4,4
2026-09-09T19:06:01Z,4,4,4
2026-09-09T19:06:17Z,4,4,4
2026-09-09T19:06:32Z,4,4,4
2026-09-09T19:06:48Z,4,4,4
2026-09-09T19:07:03Z,4,4,4
2026-09-09T19:07:19Z,4,4,4
2026-09-09T19:07:34Z,4,4,4
2026-09-09T19:07:50Z,4,4,4
2026-09-09T19:08:06Z,4,4,4
2026-09-09T19:08:21Z,4,4,4
2026-09-09T19:08:37Z,4,4,4
2026-09-09T19:08:52Z,4,4,4
2026-09-09T19:09:08Z,4,4,4
2026-09-09T19:09:23Z,4,4,4
2026-09-09T19:09:39Z,4,4,4
2026-09-09T19:09:54Z,4,4,4
2026-09-09T19:10:10Z,4,4,4
2026-09-09T19:10:25Z,4,4,4
2026-09-09T19:10:41Z,4,4,4
2026-09-09T19:10:56Z,4,4,4
2026-09-09T19:11:12Z,4,4,4
2026-09-09T19:11:27Z,4,4,4
2026-09-09T19:11:43Z,4,4,4
2026-09-09T19:11:58Z,4,4,4
2026-09-09T19:12:14Z,4,4,4
2026-09-09T19:12:30Z,4,4,4
2026-09-09T19:12:45Z,4,4,4
2026-09-09T19:13:01Z,4,4,4
2026-09-09T19:13:16Z,4,4,4
2026-09-09T19:13:32Z,4,4,4
2026-09-09T19:13:47Z,4,4,4
2026-09-09T19:14:03Z,4,4,4
2026-09-09T19:14:18Z,4,4,4
2026-09-09T19:14:34Z,4,4,4
2026-09-09T19:14:49Z,4,4,4
2026-09-09T19:15:05Z,4,4,4
2026-09-09T19:15:21Z,4,4,4
2026-09-09T19:15:36Z,4,4,4
2026-09-09T19:15:52Z,4,4,4
2026-09-09T19:16:07Z,4,4,4
2026-09-09T19:16:23Z,4,4,4
2026-09-09T19:16:38Z,4,4,4
2026-09-09T19:16:54Z,4,4,4
2026-09-09T19:17:09Z,4,4,4
2026-09-09T19:17:25Z,4,4,4
2026-09-09T19:17:41Z,4,4,4
2026-09-09T19:17:56Z,4,4,4
2026-09-09T19:18:12Z,4,4,4
2026-09-09T19:18:27Z,4,4,4
2026-09-09T19:18:43Z,4,4,4
2026-09-09T19:18:58Z,4,4,4
2026-09-09T19:19:14Z,4,4,4
2026-09-09T19:19:29Z,4,4,4
2026-09-09T19:19:45Z,4,4,4
2026-09-09T19:20:00Z,4,4,4
2026-09-09T19:20:16Z,4,4,4
2026-09-09T19:20:31Z,4,4,4
2026-09-09T19:20:47Z,4,4,4
2026-09-09T19:21:02Z,4,4,4
2026-09-09T19:21:18Z,4,4,4
2026-09-09T19:21:33Z,4,4,4
2026-09-09T19:21:49Z,4,4,4
2026-09-09T19:22:04Z,4,4,4
2026-09-09T19:22:20Z,4,4,4
2026-09-09T19:22:36Z,4,4,4
2026-09-09T19:22:51Z,4,4,4
2026-09-09T19:23:07Z,4,4,4
2026-09-09T19:23:22Z,4,4,4
2026-09-09T19:23:38Z,4,4,4
2026-09-09T19:23:53Z,4,4,4
2026-09-09T19:24:09Z,4,4,4
2026-09-09T19:24:24Z,4,4,4
2026-09-09T19:24:40Z,4,4,4
2026-09-09T19:24:56Z,4,4,4
2026-09-09T19:25:11Z,4,4,4
2026-09-09T19:25:27Z,4,4,4
2026-09-09T19:25:42Z,4,4,4
2026-09-09T19:25:58Z,4,4,4
2026-09-09T19:26:13Z,4,4,4
2026-09-09T19:26:29Z,4,4,4
2026-09-09T19:26:44Z,4,4,4
2026-09-09T19:27:00Z,4,4,4
2026-09-09T19:27:15Z,4,4,4
2026-09-09T19:27:31Z,4,4,4
2026-09-09T19:27:46Z,4,4,4
2026-09-09T19:28:02Z,4,4,4
2026-09-09T19:28:17Z,4,4,4
2026-09-09T19:28:33Z,4,4,4
2026-09-09T19:28:49Z,4,4,4
2026-09-09T19:29:04Z,4,4,4
2026-09-09T19:29:20Z,4,4,4
2026-09-09T19:29:35Z,4,4,4
2026-09-09T19:29:51Z,4,4,4
2026-09-09T19:30:06Z,4,4,4
2026-09-09T19:30:22Z,4,4,4
2026-09-09T19:30:37Z,4,4,4
2026-09-09T19:30:53Z,4,4,4
2026-09-09T19:31:08Z,4,4,4
2026-09-09T19:31:24Z,4,4,4
2026-09-09T19:31:40Z,4,4,4
2026-09-09T19:31:55Z,4,4,4
2026-09-09T19:32:11Z,4,4,4
2026-09-09T19:32:26Z,4,4,4
2026-09-09T19:32:42Z,4,4,4
2026-09-09T19:32:57Z,4,4,4
2026-09-09T19:33:13Z,4,4,4
2026-09-09T19:33:28Z,4,4,4
2026-09-09T19:33:44Z,4,4,4
2026-09-09T19:33:59Z,4,4,4
2026-09-09T19:34:15Z,4,4,4
2026-09-09T19:34:30Z,4,4,4
2026-09-09T19:34:47Z,4,4,4
2026-09-09T19:35:02Z,4,4,4
2026-09-09T19:35:18Z,4,4,4
2026-09-09T19:35:33Z,4,4,4
2026-09-09T19:35:49Z,4,4,4
2026-09-09T19:36:04Z,4,4,4
2026-09-09T19:36:20Z,4,4,4
2026-09-09T19:36:35Z,4,4,4
2026-09-09T19:36:51Z,4,4,4
2026-09-09T19:37:07Z,4,4,4
2026-09-09T19:37:22Z,4,4,4
2026-09-09T19:37:38Z,4,4,4
2026-09-09T19:37:53Z,4,4,4
2026-09-09T19:38:09Z,4,4,4
2026-09-09T19:38:24Z,4,4,4
2026-09-09T19:38:40Z,4,4,4
2026-09-09T19:38:55Z,4,4,4
2026-09-09T19:39:11Z,4,4,4
2026-09-09T19:39:26Z,4,4,4
2026-09-09T19:39:42Z,4,4,4
2026-09-09T19:39:57Z,4,4,4
2026-09-09T19:40:13Z,4,4,4
2026-09-09T19:40:28Z,4,4,4
2026-09-09T19:40:44Z,4,4,4
2026-09-09T19:40:59Z,4,4,4
2026-09-09T19:41:15Z,4,4,4
2026-09-09T19:41:30Z,4,4,4
2026-09-09T19:41:46Z,4,4,4
2026-09-09T19:42:01Z,4,4,4
2026-09-09T19:42:17Z,4,4,4
2026-09-09T19:42:32Z,4,4,4
2026-09-09T19:42:48Z,4,4,4
2026-09-09T19:43:04Z,4,4,4
2026-09-09T19:43:19Z,4,4,4
2026-09-09T19:43:35Z,4,4,4
2026-09-09T19:43:50Z,4,4,4
2026-09-09T19:44:06Z,4,4,4
2026-09-09T19:44:21Z,4,4,4
2026-09-09T19:44:37Z,4,4,4
2026-09-09T19:44:52Z,4,4,4
2026-09-09T19:45:08Z,4,4,4
2026-09-09T19:45:24Z,4,4,4
2026-09-09T19:45:39Z,4,4,4
2026-09-09T19:45:55Z,4,4,4
2026-09-09T19:46:10Z,4,4,4
2026-09-09T19:46:26Z,4,4,4
2026-09-09T19:46:41Z,4,4,4
2026-09-09T19:46:57Z,4,4,4
2026-09-09T19:47:12Z,4,4,4
2026-09-09T19:47:28Z,4,4,4
2026-09-09T19:47:43Z,4,4,4
2026-09-09T19:47:59Z,4,4,4
2026-09-09T19:48:14Z,4,4,4
2026-09-09T19:48:29Z,4,4,4
2026-09-09T19:48:45Z,4,4,4
2026-09-09T19:49:00Z,4,4,4
2026-09-09T19:49:16Z,4,4,4
2026-09-09T19:49:31Z,4,4,4
2026-09-09T19:49:47Z,4,4,4
2026-09-09T19:50:03Z,4,4,4
2026-09-09T19:50:18Z,4,4,4
2026-09-09T19:50:33Z,4,4,4
2026-09-09T19:50:49Z,4,4,4
2026-09-09T19:51:05Z,4,4,4
2026-09-09T19:51:20Z,4,4,4
2026-09-09T19:51:36Z,4,4,4
2026-09-09T19:51:51Z,4,4,4
2026-09-09T19:52:07Z,4,4,4
2026-09-09T19:52:22Z,4,4,4
2026-09-09T19:52:38Z,4,4,4
2026-09-09T19:52:53Z,4,4,4
2026-09-09T19:53:09Z,4,4,4
2026-09-09T19:53:24Z,4,4,4
2026-09-09T19:53:40Z,4,4,4
2026-09-09T19:53:55Z,4,4,4
2026-09-09T19:54:11Z,4,4,4
2026-09-09T19:54:26Z,4,4,4
2026-09-09T19:54:42Z,4,4,4
2026-09-09T19:54:57Z,4,4,4
2026-09-09T19:55:13Z,4,4,4
2026-09-09T19:55:28Z,4,4,4
2026-09-09T19:55:44Z,4,4,4
2026-09-09T19:55:59Z,4,4,4
2026-09-09T19:56:15Z,4,4,4
2026-09-09T19:56:30Z,4,4,4
2026-09-09T19:56:46Z,4,4,4
2026-09-09T19:57:01Z,4,4,4
2026-09-09T19:57:17Z,4,4,4
2026-09-09T19:57:33Z,4,4,4
2026-09-09T19:57:48Z,4,4,4
2026-09-09T19:58:03Z,4,4,4
2026-09-09T19:58:19Z,4,4,4
2026-09-09T19:58:34Z,4,4,4
2026-09-09T19:58:50Z,4,4,4
2026-09-09T19:59:06Z,4,4,4
2026-09-09T19:59:21Z,4,4,4
2026-09-09T19:59:37Z,4,4,4
2026-09-09T19:59:52Z,4,4,4
2026-09-09T20:00:08Z,4,4,4
2026-09-09T20:00:23Z,4,4,4
2026-09-09T20:00:39Z,4,4,4
2026-09-09T20:00:54Z,4,4,4
2026-09-09T20:01:10Z,4,4,4
2026-09-09T20:01:25Z,4,4,4
2026-09-09T20:01:41Z,4,4,4
2026-09-09T20:01:57Z,4,4,4
2026-09-09T20:02:12Z,4,4,4
2026-09-09T20:02:28Z,4,4,4
2026-09-09T20:02:43Z,4,4,4
2026-09-09T20:02:59Z,4,4,4
2026-09-09T20:03:14Z,4,4,4
2026-09-09T20:03:30Z,4,4,4
2026-09-09T20:03:45Z,4,4,4
2026-09-09T20:04:01Z,4,4,4
2026-09-09T20:04:16Z,4,4,4
2026-09-09T20:04:32Z,4,4,4
2026-09-09T20:04:47Z,4,4,4
2026-09-09T20:05:03Z,4,4,4
2026-09-09T20:05:18Z,4,4,4
2026-09-09T20:05:34Z,4,4,4
2026-09-09T20:05:49Z,4,4,4
2026-09-09T20:06:05Z,4,4,4
2026-09-09T20:06:20Z,4,4,4
2026-09-09T20:06:36Z,4,4,4
2026-09-09T20:06:51Z,4,4,4
2026-09-09T20:07:07Z,4,4,4
2026-09-09T20:07:22Z,4,4,4
2026-09-09T20:07:38Z,4,4,4
2026-09-09T20:07:53Z,4,4,4
2026-09-09T20:08:09Z,4,4,4
2026-09-09T20:08:24Z,4,4,4
2026-09-09T20:08:40Z,4,4,4
2026-09-09T20:08:55Z,4,4,4
2026-09-09T20:09:11Z,4,4,4
2026-09-09T20:09:26Z,4,4,4
2026-09-09T20:09:42Z,4,4,4
2026-09-09T20:09:58Z,4,4,4
2026-09-09T20:10:13Z,4,4,4
2026-09-09T20:10:29Z,4,4,4
2026-09-09T20:10:44Z,4,4,4
2026-09-09T20:11:00Z,4,4,4
2026-09-09T20:11:15Z,4,4,4
2026-09-09T20:11:31Z,4,4,4
2026-09-09T20:11:46Z,4,4,4
2026-09-09T20:12:02Z,4,4,4
2026-09-09T20:12:17Z,4,4,4
2026-09-09T20:12:33Z,4,4,4
2026-09-09T20:12:48Z,4,4,4
2026-09-09T20:13:04Z,4,4,4
2026-09-09T20:13:20Z,4,4,4
2026-09-09T20:13:35Z,4,4,4
2026-09-09T20:13:51Z,4,4,4
2026-09-09T20:14:06Z,4,4,4
2026-09-09T20:14:22Z,4,4,4
2026-09-09T20:14:37Z,4,4,4
2026-09-09T20:14:53Z,4,4,4
2026-09-09T20:15:08Z,4,4,4
2026-09-09T20:15:24Z,4,4,4
2026-09-09T20:15:39Z,4,4,4
2026-09-09T20:15:55Z,4,4,4
2026-09-09T20:16:11Z,4,4,4
2026-09-09T20:16:26Z,4,4,4
2026-09-09T20:16:42Z,4,4,4
2026-09-09T20:16:57Z,4,4,4
2026-09-09T20:17:13Z,4,4,4
2026-09-09T20:17:28Z,4,4,4
2026-09-09T20:17:44Z,4,4,4
2026-09-09T20:17:59Z,4,4,4
2026-09-09T20:18:15Z,4,4,4
2026-09-09T20:18:31Z,4,4,4
2026-09-09T20:18:46Z,4,4,4
2026-09-09T20:19:02Z,4,4,4
2026-09-09T20:19:17Z,4,4,4
2026-09-09T20:19:33Z,4,4,4
2026-09-09T20:19:48Z,4,4,4
2026-09-09T20:20:04Z,4,4,4
2026-09-09T20:20:19Z,4,4,4
2026-09-09T20:20:35Z,4,4,4
2026-09-09T20:20:50Z,4,4,4
2026-09-09T20:21:06Z,4,4,4
2026-09-09T20:21:21Z,4,4,4
2026-09-09T20:21:37Z,4,4,4
2026-09-09T20:21:52Z,4,4,4
2026-09-09T20:22:08Z,4,4,4
2026-09-09T20:22:24Z,4,4,4
2026-09-09T20:22:39Z,4,4,4
2026-09-09T20:22:55Z,4,4,4
2026-09-09T20:23:10Z,4,4,4
2026-09-09T20:23:26Z,4,4,4
2026-09-09T20:23:41Z,4,4,4
2026-09-09T20:23:57Z,4,4,4
2026-09-09T20:24:12Z,4,4,4
2026-09-09T20:24:28Z,4,4,4
2026-09-09T20:24:43Z,4,4,4
2026-09-09T20:24:59Z,4,4,4
2026-09-09T20:25:15Z,4,4,4
2026-09-09T20:25:30Z,4,4,4
2026-09-09T20:25:46Z,4,4,4
2026-09-09T20:26:01Z,4,4,4
2026-09-09T20:26:17Z,4,4,4
2026-09-09T20:26:32Z,4,4,4
2026-09-09T20:26:48Z,4,4,4
2026-09-09T20:27:03Z,4,4,4
2026-09-09T20:27:19Z,4,4,4
2026-09-09T20:27:34Z,4,4,4
2026-09-09T20:27:50Z,4,4,4
2026-09-09T20:28:05Z,4,4,4
2026-09-09T20:28:21Z,4,4,4
2026-09-09T20:28:37Z,4,4,4
2026-09-09T20:28:52Z,4,4,4
2026-09-09T20:29:08Z,4,4,4
2026-09-09T20:29:23Z,4,4,4
2026-09-09T20:29:39Z,4,4,4
2026-09-09T20:29:54Z,4,4,4
2026-09-09T20:30:10Z,4,4,4
2026-09-09T20:30:25Z,4,4,4
2026-09-09T20:30:41Z,4,4,4
2026-09-09T20:30:56Z,4,4,4
2026-09-09T20:31:12Z,4,4,4
2026-09-09T20:31:27Z,4,4,4
2026-09-09T20:31:43Z,4,4,4
2026-09-09T20:31:58Z,4,4,4
2026-09-09T20:32:14Z,4,4,4
2026-09-09T20:32:30Z,4,4,4
2026-09-09T20:32:45Z,4,4,4
2026-09-09T20:33:01Z,4,4,4
2026-09-09T20:33:16Z,4,4,4
2026-09-09T20:33:32Z,4,4,4
2026-09-09T20:33:47Z,4,4,4
2026-09-09T20:34:03Z,4,4,4
2026-09-09T20:34:18Z,4,4,4
2026-09-09T20:34:34Z,4,4,4
2026-09-09T20:34:50Z,4,4,4
2026-09-09T20:35:06Z,4,4,4
2026-09-09T20:35:21Z,4,4,4
2026-09-09T20:35:37Z,4,4,4
2026-09-09T20:35:52Z,4,4,4
2026-09-09T20:36:08Z,4,4,4
2026-09-09T20:36:23Z,4,4,4
2026-09-09T20:36:39Z,4,4,4
2026-09-09T20:36:54Z,4,4,4
2026-09-09T20:37:10Z,4,4,4
2026-09-09T20:37:25Z,4,4,4
2026-09-09T20:37:41Z,4,4,4
2026-09-09T20:37:56Z,4,4,4
2026-09-09T20:38:12Z,4,4,4
2026-09-09T20:38:27Z,4,4,4
2026-09-09T20:38:43Z,4,4,4
2026-09-09T20:38:59Z,4,4,4
2026-09-09T20:39:14Z,4,4,4
2026-09-09T20:39:30Z,4,4,4
2026-09-09T20:39:45Z,4,4,4
2026-09-09T20:40:01Z,4,4,4
2026-09-09T20:40:16Z,4,4,4
2026-09-09T20:40:32Z,4,4,4
2026-09-09T20:40:47Z,4,4,4
2026-09-09T20:41:03Z,4,4,4
2026-09-09T20:41:18Z,4,4,4
2026-09-09T20:41:34Z,4,4,4
2026-09-09T20:41:49Z,4,4,4
2026-09-09T20:42:05Z,4,4,4
2026-09-09T20:42:20Z,4,4,4
2026-09-09T20:42:36Z,4,4,4
2026-09-09T20:42:52Z,4,4,4
2026-09-09T20:43:07Z,4,4,4
2026-09-09T20:43:23Z,4,4,4
2026-09-09T20:43:38Z,4,4,4
2026-09-09T20:43:54Z,4,4,4
2026-09-09T20:44:10Z,4,4,4
2026-09-09T20:44:25Z,4,4,4
2026-09-09T20:44:41Z,4,4,4
2026-09-09T20:44:56Z,4,4,4
2026-09-09T20:45:12Z,4,4,4
2026-09-09T20:45:27Z,4,4,4
2026-09-09T20:45:43Z,4,4,4
2026-09-09T20:45:58Z,4,4,4
2026-09-09T20:46:14Z,4,4,4
2026-09-09T20:46:30Z,4,4,4
2026-09-09T20:46:45Z,4,4,4
2026-09-09T20:47:01Z,4,4,4
2026-09-09T20:47:16Z,4,4,4
2026-09-09T20:47:32Z,4,4,4
2026-09-09T20:47:47Z,4,4,4
2026-09-09T20:48:03Z,4,4,4
2026-09-09T20:48:18Z,4,4,4
2026-09-09T20:48:34Z,4,4,4
2026-09-09T20:48:49Z,4,4,4
2026-09-09T20:49:05Z,4,4,4
2026-09-09T20:49:21Z,4,4,4
2026-09-09T20:49:36Z,4,4,4
2026-09-09T20:49:52Z,4,4,4
2026-09-09T20:50:07Z,4,4,4
2026-09-09T20:50:23Z,4,4,4
2026-09-09T20:50:38Z,4,4,4
2026-09-09T20:50:54Z,4,4,4
2026-09-09T20:51:09Z,4,4,4
2026-09-09T20:51:25Z,4,4,4
2026-09-09T20:51:41Z,4,4,4
2026-09-09T20:51:56Z,4,4,4
2026-09-09T20:52:12Z,4,4,4
2026-09-09T20:52:27Z,4,4,4
2026-09-09T20:52:43Z,4,4,4
2026-09-09T20:52:58Z,4,4,4
2026-09-09T20:53:14Z,4,4,4
2026-09-09T20:53:29Z,4,4,4
2026-09-09T20:53:45Z,4,4,4
2026-09-09T20:54:00Z,0,0,0
2026-09-09T20:54:16Z,4,4,4
2026-09-09T20:54:31Z,4,4,4
2026-09-09T20:54:47Z,4,4,4
2026-09-09T20:55:02Z,4,4,4
2026-09-09T20:55:18Z,4,4,4
2026-09-09T20:55:33Z,4,4,4
2026-09-09T20:55:49Z,4,4,4
2026-09-09T20:56:04Z,4,4,4
2026-09-09T20:56:20Z,4,4,4
2026-09-09T20:56:35Z,4,4,4
2026-09-09T20:56:51Z,4,4,4
2026-09-09T20:57:06Z,4,4,4
2026-09-09T20:57:22Z,4,4,4
2026-09-09T20:57:37Z,4,4,4
2026-09-09T20:57:53Z,4,4,4
2026-09-09T20:58:09Z,4,4,4
2026-09-09T20:58:24Z,4,4,4
2026-09-09T20:58:40Z,4,4,4
2026-09-09T20:58:55Z,4,4,4
2026-09-09T20:59:11Z,4,4,4
2026-09-09T20:59:26Z,4,4,4
2026-09-09T20:59:42Z,4,4,4
2026-09-09T20:59:57Z,4,4,4
2026-09-09T21:00:13Z,4,4,4
2026-09-09T21:00:28Z,4,4,4
2026-09-09T21:00:44Z,4,4,4
2026-09-09T21:00:59Z,4,4,4
2026-09-09T21:01:15Z,4,4,4
2026-09-09T21:01:30Z,4,4,4
2026-09-09T21:01:46Z,4,4,4
2026-09-09T21:02:01Z,4,4,4
2026-09-09T21:02:17Z,4,4,4
2026-09-09T21:02:32Z,4,4,4
2026-09-09T21:02:48Z,4,4,4
2026-09-09T21:03:03Z,4,4,4
2026-09-09T21:03:19Z,4,4,4
2026-09-09T21:03:34Z,4,4,4
2026-09-09T21:03:50Z,4,4,4
2026-09-09T21:04:05Z,4,4,4
2026-09-09T21:04:21Z,4,4,4
2026-09-09T21:04:36Z,4,4,4
2026-09-09T21:04:52Z,4,4,4
2026-09-09T21:05:07Z,4,4,4
2026-09-09T21:05:23Z,4,4,4
2026-09-09T21:05:38Z,4,4,4
2026-09-09T21:05:54Z,4,4,4
2026-09-09T21:06:09Z,4,4,4
2026-09-09T21:06:25Z,4,4,4
2026-09-09T21:06:40Z,4,4,4
2026-09-09T21:06:56Z,4,4,4
2026-09-09T21:07:11Z,4,4,4
2026-09-09T21:07:26Z,4,4,4
2026-09-09T21:07:42Z,5,5,5
2026-09-09T21:07:57Z,5,5,5
2026-09-09T21:08:13Z,5,5,5
2026-09-09T21:08:28Z,5,5,5
2026-09-09T21:08:44Z,5,5,5
2026-09-09T21:08:59Z,5,5,5
2026-09-09T21:09:15Z,6,6,5
2026-09-09T21:09:30Z,6,6,6
2026-09-09T21:09:46Z,6,6,6
2026-09-09T21:10:01Z,6,6,6
2026-09-09T21:10:17Z,6,6,6
2026-09-09T21:10:32Z,6,6,6
2026-09-09T21:10:47Z,6,6,6
2026-09-09T21:11:03Z,6,6,6
2026-09-09T21:11:18Z,6,6,6
2026-09-09T21:11:34Z,6,6,6
2026-09-09T21:11:49Z,6,6,6
2026-09-09T21:12:05Z,6,6,6
2026-09-09T21:12:20Z,6,6,6
2026-09-09T21:12:36Z,6,6,6
2026-09-09T21:12:51Z,6,6,6
2026-09-09T21:13:07Z,6,6,6
2026-09-09T21:13:22Z,6,6,6
2026-09-09T21:13:38Z,6,6,6
2026-09-09T21:13:53Z,7,7,7
2026-09-09T21:14:09Z,7,7,7
2026-09-09T21:14:24Z,7,7,7
2026-09-09T21:14:40Z,7,7,7
2026-09-09T21:14:55Z,7,7,7
2026-09-09T21:15:11Z,7,7,7
2026-09-09T21:15:26Z,7,7,7
2026-09-09T21:15:42Z,7,7,7
2026-09-09T21:15:57Z,7,7,7
2026-09-09T21:16:13Z,7,7,7
2026-09-09T21:16:28Z,7,7,7
2026-09-09T21:16:44Z,7,7,7
2026-09-09T21:16:59Z,8,8,7
2026-09-09T21:17:14Z,8,8,8
2026-09-09T21:17:30Z,8,8,8
2026-09-09T21:17:45Z,8,8,8
2026-09-09T21:18:01Z,8,8,8
2026-09-09T21:18:16Z,8,8,8
2026-09-09T21:18:32Z,8,8,8
2026-09-09T21:18:47Z,8,8,8
2026-09-09T21:19:03Z,8,8,8
2026-09-09T21:19:18Z,8,8,8
2026-09-09T21:19:34Z,8,8,8
2026-09-09T21:19:49Z,7,7,7
2026-09-09T21:20:05Z,4,4,4
2026-09-09T21:20:20Z,4,4,4
2026-09-09T21:20:36Z,4,4,4
2026-09-09T21:20:51Z,4,4,4
2026-09-09T21:21:07Z,4,4,4
2026-09-09T21:21:22Z,4,4,4
2026-09-09T21:21:37Z,4,4,4
2026-09-09T21:21:53Z,4,4,4
2026-09-09T21:22:08Z,4,4,4
2026-09-09T21:22:24Z,4,4,4
2026-09-09T21:22:39Z,4,4,4
2026-09-09T21:22:55Z,4,4,4
2026-09-09T21:23:10Z,4,4,4
2026-09-09T21:23:26Z,4,4,4
2026-09-09T21:23:41Z,4,4,4
2026-09-09T21:23:57Z,4,4,4
2026-09-09T21:24:12Z,4,4,4
2026-09-09T21:24:28Z,4,4,4
2026-09-09T21:24:43Z,4,4,4
2026-09-09T21:24:59Z,4,4,4
2026-09-09T21:25:14Z,4,4,4
2026-09-09T21:25:30Z,4,4,4
2026-09-09T21:25:45Z,4,4,4
2026-09-09T21:26:01Z,4,4,4
2026-09-09T21:26:16Z,4,4,4
2026-09-09T21:26:32Z,4,4,4
2026-09-09T21:26:47Z,4,4,4
2026-09-09T21:27:03Z,4,4,4
2026-09-09T21:27:18Z,4,4,4
2026-09-09T21:27:34Z,4,4,4
2026-09-09T21:27:49Z,4,4,4
2026-09-09T21:28:05Z,4,4,4
2026-09-09T21:28:20Z,4,4,4
2026-09-09T21:28:36Z,4,4,4
2026-09-09T21:28:51Z,4,4,4
2026-09-09T21:29:07Z,4,4,4
2026-09-09T21:29:22Z,4,4,4
2026-09-09T21:29:38Z,4,4,4
2026-09-09T21:29:53Z,4,4,4
2026-09-09T21:30:09Z,4,4,4
2026-09-09T21:30:24Z,4,4,4
2026-09-09T21:30:40Z,4,4,4
2026-09-09T21:30:55Z,4,4,4
2026-09-09T21:31:11Z,4,4,4
2026-09-09T21:31:26Z,4,4,4
2026-09-09T21:31:42Z,4,4,4
2026-09-09T21:31:57Z,4,4,4
2026-09-09T21:32:13Z,4,4,4
2026-09-09T21:32:28Z,4,4,4
2026-09-09T21:32:44Z,4,4,4
2026-09-09T21:32:59Z,4,4,4
2026-09-09T21:33:15Z,4,4,4
2026-09-09T21:33:30Z,4,4,4
2026-09-09T21:33:46Z,4,4,4
2026-09-09T21:34:01Z,4,4,4
2026-09-09T21:34:17Z,4,4,4
2026-09-09T21:34:32Z,4,4,4
2026-09-09T21:34:49Z,4,4,4
2026-09-09T21:35:04Z,4,4,4
2026-09-09T21:35:19Z,4,4,4
2026-09-09T21:35:35Z,4,4,4
2026-09-09T21:35:50Z,4,4,4
2026-09-09T21:36:06Z,4,4,4
2026-09-09T21:36:22Z,4,4,4
2026-09-09T21:36:37Z,4,4,4
2026-09-09T21:36:53Z,4,4,4
2026-09-09T21:37:08Z,4,4,4
2026-09-09T21:37:24Z,4,4,4
2026-09-09T21:37:39Z,4,4,4
2026-09-09T21:37:55Z,4,4,4
2026-09-09T21:38:15Z,4,4,4
2026-09-09T21:38:30Z,4,4,4
2026-09-09T21:38:46Z,4,4,4
2026-09-09T21:39:01Z,4,4,4
2026-09-09T21:39:17Z,4,4,4
2026-09-09T21:39:32Z,4,4,4
2026-09-09T21:39:48Z,4,4,4
2026-09-09T21:40:03Z,4,4,4
2026-09-09T21:40:19Z,4,4,4
2026-09-09T21:40:34Z,4,4,4
2026-09-09T21:40:50Z,4,4,4
2026-09-09T21:41:05Z,4,4,4
2026-09-09T21:41:21Z,4,4,4
2026-09-09T21:41:36Z,4,4,4
2026-09-09T21:41:52Z,4,4,4
2026-09-09T21:42:07Z,4,4,4
2026-09-09T21:42:22Z,4,4,4
2026-09-09T21:42:38Z,4,4,4
2026-09-09T21:42:53Z,4,4,4
2026-09-09T21:43:09Z,4,4,4
2026-09-09T21:43:24Z,4,4,4
2026-09-09T21:43:40Z,4,4,4
2026-09-09T21:43:55Z,4,4,4
2026-09-09T21:44:11Z,4,4,4
2026-09-09T21:44:26Z,4,4,4
2026-09-09T21:44:42Z,4,4,4
2026-09-09T21:44:57Z,4,4,4
2026-09-09T21:45:13Z,4,4,4
2026-09-09T21:45:28Z,4,4,4
2026-09-09T21:45:44Z,4,4,4
2026-09-09T21:45:59Z,4,4,4
2026-09-09T21:46:15Z,4,4,4
2026-09-09T21:46:30Z,4,4,4
2026-09-09T21:46:46Z,4,4,4
2026-09-09T21:47:01Z,4,4,4
2026-09-09T21:47:17Z,4,4,4
2026-09-09T21:47:32Z,4,4,4
2026-09-09T21:47:48Z,4,4,4
2026-09-09T21:48:03Z,4,4,4
2026-09-09T21:48:18Z,4,4,4
2026-09-09T21:48:34Z,4,4,4
2026-09-09T21:48:49Z,4,4,4
2026-09-09T21:49:05Z,4,4,4
2026-09-09T21:49:20Z,4,4,4
2026-09-09T21:49:36Z,4,4,4
2026-09-09T21:49:51Z,4,4,4
2026-09-09T21:50:07Z,4,4,4
2026-09-09T21:50:22Z,4,4,4
2026-09-09T21:50:38Z,4,4,4
2026-09-09T21:50:53Z,4,4,4
2026-09-09T21:51:09Z,4,4,4
2026-09-09T21:51:24Z,4,4,4
2026-09-09T21:51:40Z,4,4,4
2026-09-09T21:51:55Z,4,4,4
2026-09-09T21:52:11Z,4,4,4
2026-09-09T21:52:26Z,4,4,4
2026-09-09T21:52:42Z,4,4,4
2026-09-09T21:52:57Z,4,4,4
2026-09-09T21:53:12Z,4,4,4
2026-09-09T21:53:28Z,4,4,4
2026-09-09T21:53:43Z,4,4,4
2026-09-09T21:53:59Z,4,4,4
2026-09-09T21:54:14Z,4,4,4
2026-09-09T21:54:30Z,4,4,4
2026-09-09T21:54:45Z,4,4,4
2026-09-09T21:55:01Z,4,4,4
2026-09-09T21:55:16Z,4,4,4
2026-09-09T21:55:32Z,4,4,4
2026-09-09T21:55:47Z,4,4,4
2026-09-09T21:56:03Z,4,4,4
2026-09-09T21:56:18Z,4,4,4
2026-09-09T21:56:34Z,4,4,4
2026-09-09T21:56:49Z,4,4,4
2026-09-09T21:57:05Z,4,4,4
2026-09-09T21:57:20Z,4,4,4
2026-09-09T21:57:36Z,4,4,4
2026-09-09T21:57:51Z,4,4,4
2026-09-09T21:58:06Z,4,4,4
2026-09-09T21:58:22Z,4,4,4
2026-09-09T21:58:37Z,4,4,4
2026-09-09T21:58:53Z,4,4,4
2026-09-09T21:59:08Z,4,4,4
2026-09-09T21:59:24Z,4,4,4
2026-09-09T21:59:39Z,4,4,4
2026-09-09T21:59:55Z,4,4,4
2026-09-09T22:00:10Z,4,4,4
2026-09-09T22:00:26Z,4,4,4
2026-09-09T22:00:41Z,4,4,4
2026-09-09T22:00:57Z,4,4,4
2026-09-09T22:01:12Z,4,4,4
2026-09-09T22:01:28Z,4,4,4
2026-09-09T22:01:43Z,4,4,4
2026-09-09T22:01:59Z,4,4,4
2026-09-09T22:02:14Z,4,4,4
2026-09-09T22:02:30Z,4,4,4
2026-09-09T22:02:45Z,4,4,4
2026-09-09T22:03:01Z,4,4,4
2026-09-09T22:03:16Z,4,4,4
2026-09-09T22:03:31Z,4,4,4
2026-09-09T22:03:47Z,4,4,4
2026-09-09T22:04:02Z,4,4,4
2026-09-09T22:04:18Z,4,4,4
2026-09-09T22:04:33Z,4,4,4
2026-09-09T22:04:49Z,4,4,4
2026-09-09T22:05:04Z,4,4,4
2026-09-09T22:05:20Z,4,4,4
2026-09-09T22:05:35Z,4,4,4
2026-09-09T22:05:51Z,4,4,4
2026-09-09T22:06:06Z,4,4,4
2026-09-09T22:06:22Z,4,4,4
2026-09-09T22:06:37Z,4,4,4
2026-09-09T22:06:53Z,4,4,4
2026-09-09T22:07:08Z,4,4,4
2026-09-09T22:07:24Z,4,4,4
2026-09-09T22:07:39Z,4,4,4
2026-09-09T22:07:55Z,4,4,4
2026-09-09T22:08:10Z,4,4,4
2026-09-09T22:08:26Z,4,4,4
2026-09-09T22:08:41Z,4,4,4
2026-09-09T22:08:57Z,4,4,4
2026-09-09T22:09:12Z,4,4,4
2026-09-09T22:09:27Z,4,4,4
2026-09-09T22:09:43Z,4,4,4
2026-09-09T22:09:58Z,4,4,4
2026-09-09T22:10:14Z,4,4,4
2026-09-09T22:10:29Z,4,4,4
2026-09-09T22:10:45Z,4,4,4
2026-09-09T22:11:00Z,4,4,4
2026-09-09T22:11:16Z,4,4,4
2026-09-09T22:11:31Z,4,4,4
2026-09-09T22:11:47Z,4,4,4
2026-09-09T22:12:02Z,4,4,4
2026-09-09T22:12:18Z,4,4,4
2026-09-09T22:12:33Z,4,4,4
2026-09-09T22:12:49Z,4,4,4
2026-09-09T22:13:04Z,4,4,4
2026-09-09T22:13:20Z,4,4,4
2026-09-09T22:13:35Z,4,4,4
2026-09-09T22:13:51Z,4,4,4
2026-09-09T22:14:06Z,4,4,4
2026-09-09T22:14:22Z,4,4,4
2026-09-09T22:14:37Z,4,4,4
2026-09-09T22:14:52Z,4,4,4
2026-09-09T22:15:08Z,4,4,4
2026-09-09T22:15:23Z,4,4,4
2026-09-09T22:15:39Z,4,4,4
2026-09-09T22:15:54Z,4,4,4
2026-09-09T22:16:10Z,4,4,4
2026-09-09T22:16:25Z,4,4,4
2026-09-09T22:16:41Z,4,4,4
2026-09-09T22:16:56Z,4,4,4
2026-09-09T22:17:12Z,4,4,4
2026-09-09T22:17:27Z,4,4,4
2026-09-09T22:17:43Z,4,4,4
2026-09-09T22:17:58Z,4,4,4
2026-09-09T22:18:14Z,4,4,4
2026-09-09T22:18:29Z,4,4,4
2026-09-09T22:18:45Z,4,4,4
2026-09-09T22:19:00Z,4,4,4
2026-09-09T22:19:16Z,4,4,4
2026-09-09T22:19:31Z,4,4,4
2026-09-09T22:19:47Z,4,4,4
2026-09-09T22:20:02Z,4,4,4
2026-09-09T22:20:18Z,4,4,4
2026-09-09T22:20:33Z,4,4,4
2026-09-09T22:20:49Z,4,4,4
2026-09-09T22:21:04Z,4,4,4
2026-09-09T22:21:20Z,4,4,4
2026-09-09T22:21:35Z,4,4,4
2026-09-09T22:21:51Z,4,4,4
2026-09-09T22:22:06Z,4,4,4
2026-09-09T22:22:22Z,4,4,4
2026-09-09T22:22:37Z,4,4,4
2026-09-09T22:22:53Z,4,4,4
2026-09-09T22:23:08Z,4,4,4
2026-09-09T22:23:24Z,4,4,4
2026-09-09T22:23:39Z,4,4,4
2026-09-09T22:23:55Z,4,4,4
2026-09-09T22:24:10Z,4,4,4
2026-09-09T22:24:26Z,4,4,4
2026-09-09T22:24:41Z,4,4,4
2026-09-09T22:24:57Z,4,4,4
2026-09-09T22:25:12Z,4,4,4
2026-09-09T22:25:28Z,4,4,4
2026-09-09T22:25:43Z,4,4,4
2026-09-09T22:25:59Z,4,4,4
2026-09-09T22:26:14Z,4,4,4
2026-09-09T22:26:30Z,4,4,4
2026-09-09T22:26:45Z,4,4,4
2026-09-09T22:27:01Z,4,4,4
2026-09-09T22:27:16Z,4,4,4
2026-09-09T22:27:32Z,4,4,4
2026-09-09T22:27:47Z,4,4,4
2026-09-09T22:28:03Z,4,4,4
2026-09-09T22:28:18Z,4,4,4
2026-09-09T22:28:34Z,4,4,4
2026-09-09T22:28:49Z,4,4,4
2026-09-09T22:29:05Z,4,4,4
2026-09-09T22:29:20Z,4,4,4
2026-09-09T22:29:36Z,4,4,4
2026-09-09T22:29:51Z,4,4,4
2026-09-09T22:30:07Z,4,4,4
2026-09-09T22:30:22Z,4,4,4
2026-09-09T22:30:38Z,4,4,4
2026-09-09T22:30:53Z,4,4,4
2026-09-09T22:31:09Z,4,4,4
2026-09-09T22:31:24Z,4,4,4
2026-09-09T22:31:40Z,4,4,4
2026-09-09T22:31:55Z,4,4,4
2026-09-09T22:32:11Z,4,4,4
2026-09-09T22:32:26Z,4,4,4
2026-09-09T22:32:42Z,4,4,4
2026-09-09T22:32:57Z,4,4,4
2026-09-09T22:33:13Z,4,4,4
2026-09-09T22:33:28Z,4,4,4
2026-09-09T22:33:44Z,4,4,4
2026-09-09T22:33:59Z,4,4,4
2026-09-09T22:34:15Z,4,4,4
2026-09-09T22:34:30Z,4,4,4
2026-09-09T22:34:47Z,4,4,4
2026-09-09T22:35:02Z,4,4,4
2026-09-09T22:35:18Z,4,4,4
2026-09-09T22:35:33Z,4,4,4
2026-09-09T22:35:49Z,4,4,4
2026-09-09T22:36:04Z,4,4,4
2026-09-09T22:36:20Z,4,4,4
2026-09-09T22:36:35Z,4,4,4
2026-09-09T22:36:51Z,4,4,4
2026-09-09T22:37:06Z,4,4,4
2026-09-09T22:37:22Z,4,4,4
2026-09-09T22:37:37Z,4,4,4
2026-09-09T22:37:53Z,4,4,4
2026-09-09T22:38:08Z,4,4,4
2026-09-09T22:38:24Z,4,4,4
2026-09-09T22:38:39Z,4,4,4
2026-09-09T22:38:55Z,4,4,4
2026-09-09T22:39:11Z,4,4,4
2026-09-09T22:39:26Z,4,4,4
2026-09-09T22:39:42Z,4,4,4
2026-09-09T22:39:57Z,4,4,4
2026-09-09T22:40:13Z,4,4,4
2026-09-09T22:40:28Z,4,4,4
2026-09-09T22:40:44Z,4,4,4
2026-09-09T22:40:59Z,4,4,4
2026-09-09T22:41:15Z,4,4,4
2026-09-09T22:41:30Z,4,4,4
2026-09-09T22:41:46Z,4,4,4
2026-09-09T22:42:01Z,4,4,4
2026-09-09T22:42:17Z,4,4,4
2026-09-09T22:42:32Z,4,4,4
2026-09-09T22:42:48Z,4,4,4
2026-09-09T22:43:03Z,4,4,4
2026-09-09T22:43:19Z,4,4,4
2026-09-09T22:43:34Z,4,4,4
2026-09-09T22:43:50Z,4,4,4
2026-09-09T22:44:05Z,4,4,4
2026-09-09T22:44:21Z,4,4,4
2026-09-09T22:44:36Z,4,4,4
2026-09-09T22:44:57Z,4,4,4
2026-09-09T22:45:12Z,4,4,4
2026-09-09T22:45:28Z,4,4,4
2026-09-09T22:45:43Z,4,4,4
2026-09-09T22:45:59Z,4,4,4
2026-09-09T22:46:14Z,4,4,4
2026-09-09T22:46:30Z,4,4,4
2026-09-09T22:46:45Z,4,4,4
2026-09-09T22:47:01Z,4,4,4
2026-09-09T22:47:17Z,4,4,4
2026-09-09T22:47:32Z,4,4,4
2026-09-09T22:47:48Z,4,4,4
2026-09-09T22:48:03Z,4,4,4
2026-09-09T22:48:19Z,4,4,4
2026-09-09T22:48:34Z,4,4,4
2026-09-09T22:48:50Z,4,4,4
2026-09-09T22:49:05Z,4,4,4
2026-09-09T22:49:21Z,4,4,4
2026-09-09T22:49:36Z,4,4,4
2026-09-09T22:49:52Z,4,4,4
2026-09-09T22:50:12Z,4,4,4
2026-09-09T22:50:28Z,4,4,4
2026-09-09T22:50:43Z,4,4,4
2026-09-09T22:50:59Z,4,4,4
2026-09-09T22:51:14Z,4,4,4
2026-09-09T22:51:30Z,4,4,4
2026-09-09T22:51:45Z,4,4,4
2026-09-09T22:52:01Z,4,4,4
2026-09-09T22:52:16Z,4,4,4
2026-09-09T22:52:32Z,4,4,4
2026-09-09T22:52:48Z,4,4,4
2026-09-09T22:53:03Z,4,4,4
2026-09-09T22:53:19Z,4,4,4
2026-09-09T22:53:34Z,4,4,4
2026-09-09T22:53:50Z,4,4,4
2026-09-09T22:54:05Z,4,4,4
2026-09-09T22:54:21Z,4,4,4
2026-09-09T22:54:36Z,4,4,4
2026-09-09T22:54:52Z,4,4,4
2026-09-09T22:55:07Z,4,4,4
2026-09-09T22:55:23Z,4,4,4
2026-09-09T22:55:38Z,4,4,4
2026-09-09T22:55:54Z,4,4,4
2026-09-09T22:56:09Z,4,4,4
2026-09-09T22:56:25Z,4,4,4
2026-09-09T22:56:41Z,4,4,4
2026-09-09T22:56:56Z,4,4,4
2026-09-09T22:57:12Z,4,4,4
2026-09-09T22:57:27Z,4,4,4
2026-09-09T22:57:43Z,4,4,4
2026-09-09T22:57:58Z,4,4,4
2026-09-09T22:58:19Z,4,4,4
2026-09-09T22:58:34Z,4,4,4
2026-09-09T22:58:51Z,4,4,4
2026-09-09T22:59:06Z,4,4,4
2026-09-09T22:59:22Z,4,4,4
2026-09-09T22:59:37Z,4,4,4
2026-09-09T22:59:53Z,4,4,4
2026-09-09T23:00:08Z,4,4,4
2026-09-09T23:00:24Z,4,4,4
2026-09-09T23:00:39Z,4,4,4
2026-09-09T23:00:55Z,4,4,4
2026-09-09T23:01:10Z,4,4,4
2026-09-09T23:01:26Z,4,4,4
2026-09-09T23:01:41Z,4,4,4
2026-09-09T23:01:57Z,4,4,4
2026-09-09T23:02:12Z,4,4,4
2026-09-09T23:02:28Z,4,4,4
2026-09-09T23:02:44Z,4,4,4
2026-09-09T23:02:59Z,4,4,4
2026-09-09T23:03:15Z,4,4,4
2026-09-09T23:03:30Z,4,4,4
2026-09-09T23:03:46Z,4,4,4
2026-09-09T23:04:01Z,4,4,4
2026-09-09T23:04:17Z,4,4,4
2026-09-09T23:04:32Z,4,4,4
2026-09-09T23:04:48Z,4,4,4
2026-09-09T23:05:03Z,4,4,4
2026-09-09T23:05:19Z,4,4,4
2026-09-09T23:05:34Z,4,4,4
2026-09-09T23:05:50Z,4,4,4
2026-09-09T23:06:06Z,4,4,4
2026-09-09T23:06:21Z,4,4,4
2026-09-09T23:06:37Z,4,4,4
2026-09-09T23:06:52Z,4,4,4
2026-09-09T23:07:08Z,4,4,4
2026-09-09T23:07:23Z,4,4,4
2026-09-09T23:07:39Z,4,4,4
2026-09-09T23:07:54Z,4,4,4
2026-09-09T23:08:10Z,4,4,4
2026-09-09T23:08:25Z,4,4,4
2026-09-09T23:08:41Z,4,4,4
2026-09-09T23:08:56Z,4,4,4
2026-09-09T23:09:12Z,4,4,4
2026-09-09T23:09:27Z,4,4,4
2026-09-09T23:09:43Z,4,4,4
2026-09-09T23:09:58Z,4,4,4
2026-09-09T23:10:14Z,4,4,4
2026-09-09T23:10:29Z,4,4,4
2026-09-09T23:10:45Z,4,4,4
2026-09-09T23:11:00Z,4,4,4
2026-09-09T23:11:16Z,4,4,4
2026-09-09T23:11:31Z,4,4,4
2026-09-09T23:11:47Z,4,4,4
2026-09-09T23:12:03Z,4,4,4
2026-09-09T23:12:18Z,4,4,4
2026-09-09T23:12:34Z,4,4,4
2026-09-09T23:12:49Z,4,4,4
2026-09-09T23:13:05Z,4,4,4
2026-09-09T23:13:20Z,4,4,4
2026-09-09T23:13:36Z,4,4,4
2026-09-09T23:13:51Z,4,4,4
2026-09-09T23:14:07Z,4,4,4
2026-09-09T23:14:22Z,4,4,4
2026-09-09T23:14:38Z,4,4,4
2026-09-09T23:14:53Z,4,4,4
2026-09-09T23:15:09Z,4,4,4
2026-09-09T23:15:25Z,4,4,4
2026-09-09T23:15:40Z,4,4,4
2026-09-09T23:15:56Z,4,4,4
2026-09-09T23:16:11Z,4,4,4
2026-09-09T23:16:27Z,4,4,4
2026-09-09T23:16:42Z,4,4,4
2026-09-09T23:16:58Z,4,4,4
2026-09-09T23:17:13Z,4,4,4
2026-09-09T23:17:29Z,4,4,4
2026-09-09T23:17:45Z,4,4,4
2026-09-09T23:18:00Z,4,4,4
2026-09-09T23:18:16Z,4,4,4
2026-09-09T23:18:31Z,4,4,4
2026-09-09T23:18:47Z,4,4,4
2026-09-09T23:19:02Z,4,4,4
2026-09-09T23:19:18Z,4,4,4
2026-09-09T23:19:34Z,4,4,4
2026-09-09T23:19:49Z,4,4,4
2026-09-09T23:20:05Z,4,4,4
2026-09-09T23:20:20Z,4,4,4
2026-09-09T23:20:36Z,4,4,4
2026-09-09T23:20:51Z,4,4,4
2026-09-09T23:21:07Z,4,4,4
2026-09-09T23:21:22Z,4,4,4
2026-09-09T23:21:38Z,4,4,4
2026-09-09T23:21:53Z,4,4,4
2026-09-09T23:22:09Z,4,4,4
2026-09-09T23:22:24Z,4,4,4
2026-09-09T23:22:40Z,4,4,4
2026-09-09T23:22:56Z,4,4,4
2026-09-09T23:23:11Z,4,4,4
2026-09-09T23:23:26Z,4,4,4
2026-09-09T23:23:42Z,4,4,4
2026-09-09T23:23:58Z,4,4,4
2026-09-09T23:24:13Z,4,4,4
2026-09-09T23:24:29Z,4,4,4
2026-09-09T23:24:44Z,4,4,4
2026-09-09T23:25:00Z,4,4,4
2026-09-09T23:25:16Z,4,4,4
2026-09-09T23:25:31Z,4,4,4
2026-09-09T23:25:47Z,4,4,4
2026-09-09T23:26:02Z,4,4,4
2026-09-09T23:26:18Z,4,4,4
2026-09-09T23:26:33Z,4,4,4
2026-09-09T23:26:49Z,4,4,4
2026-09-09T23:27:05Z,4,4,4
2026-09-09T23:27:20Z,4,4,4
2026-09-09T23:27:36Z,4,4,4
2026-09-09T23:27:51Z,4,4,4
2026-09-09T23:28:06Z,4,4,4
2026-09-09T23:28:22Z,4,4,4
2026-09-09T23:28:38Z,4,4,4
2026-09-09T23:28:53Z,4,4,4
2026-09-09T23:29:09Z,4,4,4
2026-09-09T23:29:24Z,4,4,4
2026-09-09T23:29:40Z,4,4,4
2026-09-09T23:29:55Z,4,4,4
2026-09-09T23:30:11Z,4,4,4
2026-09-09T23:30:26Z,4,4,4
2026-09-09T23:30:42Z,4,4,4
2026-09-09T23:30:57Z,4,4,4
2026-09-09T23:31:13Z,4,4,4
2026-09-09T23:31:28Z,4,4,4
2026-09-09T23:31:44Z,4,4,4
2026-09-09T23:31:59Z,4,4,4
2026-09-09T23:32:15Z,4,4,4
2026-09-09T23:32:30Z,4,4,4
2026-09-09T23:32:46Z,4,4,4
2026-09-09T23:33:01Z,4,4,4
2026-09-09T23:33:17Z,4,4,4
2026-09-09T23:33:32Z,4,4,4
2026-09-09T23:33:48Z,4,4,4
2026-09-09T23:34:03Z,4,4,4
2026-09-09T23:34:19Z,4,4,4
2026-09-09T23:34:34Z,4,4,4
2026-09-09T23:34:50Z,4,4,4
2026-09-09T23:35:06Z,4,4,4
2026-09-09T23:35:22Z,4,4,4
2026-09-09T23:35:37Z,4,4,4
2026-09-09T23:35:53Z,4,4,4
2026-09-09T23:36:08Z,4,4,4
2026-09-09T23:36:24Z,4,4,4
2026-09-09T23:36:39Z,4,4,4
2026-09-09T23:36:55Z,4,4,4
2026-09-09T23:37:10Z,4,4,4
2026-09-09T23:37:26Z,4,4,4
2026-09-09T23:37:42Z,4,4,4
2026-09-09T23:37:57Z,4,4,4
2026-09-09T23:38:13Z,4,4,4
2026-09-09T23:38:28Z,4,4,4
2026-09-09T23:38:44Z,4,4,4
2026-09-09T23:39:00Z,4,4,4
2026-09-09T23:39:15Z,4,4,4
2026-09-09T23:39:31Z,4,4,4
2026-09-09T23:39:46Z,4,4,4
2026-09-09T23:40:02Z,4,4,4
2026-09-09T23:40:17Z,4,4,4
2026-09-09T23:40:33Z,4,4,4
2026-09-09T23:40:48Z,4,4,4
2026-09-09T23:41:04Z,4,4,4
2026-09-09T23:41:19Z,4,4,4
2026-09-09T23:41:35Z,4,4,4
2026-09-09T23:41:51Z,4,4,4
2026-09-09T23:42:06Z,4,4,4
2026-09-09T23:42:22Z,4,4,4
2026-09-09T23:42:37Z,4,4,4
2026-09-09T23:42:53Z,4,4,4
2026-09-09T23:43:09Z,4,4,4
2026-09-09T23:43:24Z,4,4,4
2026-09-09T23:43:40Z,4,4,4
2026-09-09T23:43:55Z,4,4,4
2026-09-09T23:44:11Z,4,4,4
2026-09-09T23:44:26Z,4,4,4
2026-09-09T23:44:42Z,4,4,4
2026-09-09T23:44:57Z,4,4,4
2026-09-09T23:45:13Z,4,4,4
2026-09-09T23:45:28Z,4,4,4
2026-09-09T23:45:44Z,4,4,4
2026-09-09T23:45:59Z,4,4,4
2026-09-09T23:46:15Z,4,4,4
2026-09-09T23:46:30Z,4,4,4
2026-09-09T23:46:46Z,4,4,4
2026-09-09T23:47:01Z,4,4,4
2026-09-09T23:47:17Z,4,4,4
2026-09-09T23:47:33Z,4,4,4
2026-09-09T23:47:48Z,4,4,4
2026-09-09T23:48:04Z,4,4,4
2026-09-09T23:48:19Z,4,4,4
2026-09-09T23:48:35Z,4,4,4
2026-09-09T23:48:50Z,4,4,4
2026-09-09T23:49:06Z,4,4,4
2026-09-09T23:49:21Z,4,4,4
2026-09-09T23:49:37Z,4,4,4
2026-09-09T23:49:52Z,4,4,4
2026-09-09T23:50:08Z,4,4,4
2026-09-09T23:50:23Z,4,4,4
2026-09-09T23:50:39Z,4,4,4
2026-09-09T23:50:54Z,4,4,4
2026-09-09T23:51:10Z,4,4,4
2026-09-09T23:51:25Z,4,4,4
2026-09-09T23:51:41Z,4,4,4
2026-09-09T23:51:57Z,4,4,4
2026-09-09T23:52:12Z,4,4,4
2026-09-09T23:52:28Z,4,4,4
2026-09-09T23:52:43Z,4,4,4
2026-09-09T23:52:59Z,4,4,4
2026-09-09T23:53:14Z,4,4,4
2026-09-09T23:53:30Z,4,4,4
2026-09-09T23:53:45Z,4,4,4
2026-09-09T23:54:01Z,4,4,4
2026-09-09T23:54:16Z,4,4,4
2026-09-09T23:54:32Z,4,4,4
2026-09-09T23:54:47Z,4,4,4
2026-09-09T23:55:03Z,4,4,4
2026-09-09T23:55:18Z,4,4,4
2026-09-09T23:55:34Z,4,4,4
2026-09-09T23:55:49Z,4,4,4
2026-09-09T23:56:05Z,4,4,4
2026-09-09T23:56:20Z,4,4,4
2026-09-09T23:56:36Z,4,4,4
2026-09-09T23:56:51Z,4,4,4
2026-09-09T23:57:07Z,4,4,4
2026-09-09T23:57:23Z,4,4,4
2026-09-09T23:57:38Z,4,4,4
2026-09-09T23:57:54Z,4,4,4
2026-09-09T23:58:09Z,4,4,4
2026-09-09T23:58:25Z,4,4,4
2026-09-09T23:58:40Z,4,4,4
2026-09-09T23:58:56Z,4,4,4
2026-09-09T23:59:11Z,4,4,4
2026-09-09T23:59:27Z,4,4,4
2026-09-09T23:59:42Z,4,4,4
2026-09-09T23:59:58Z,4,4,4
2026-09-10T00:00:13Z,4,4,4
2026-09-10T00:00:29Z,4,4,4
2026-09-10T00:00:44Z,4,4,4
2026-09-10T00:01:00Z,4,4,4
2026-09-10T00:01:15Z,4,4,4
2026-09-10T00:01:31Z,4,4,4
2026-09-10T00:01:46Z,4,4,4
2026-09-10T00:02:02Z,4,4,4
2026-09-10T00:02:18Z,4,4,4
2026-09-10T00:02:33Z,4,4,4
2026-09-10T00:02:49Z,4,4,4
2026-09-10T00:03:04Z,4,4,4
2026-09-10T00:03:20Z,4,4,4
2026-09-10T00:03:35Z,4,4,4
2026-09-10T00:03:51Z,4,4,4
2026-09-10T00:04:06Z,4,4,4
2026-09-10T00:04:22Z,4,4,4
2026-09-10T00:04:37Z,4,4,4
2026-09-10T00:04:53Z,4,4,4
2026-09-10T00:05:09Z,4,4,4
2026-09-10T00:05:24Z,4,4,4
2026-09-10T00:05:40Z,4,4,4
2026-09-10T00:05:55Z,4,4,4
2026-09-10T00:06:11Z,4,4,4
2026-09-10T00:06:26Z,4,4,4
2026-09-10T00:06:42Z,4,4,4
2026-09-10T00:06:57Z,4,4,4
2026-09-10T00:07:13Z,4,4,4
2026-09-10T00:07:28Z,4,4,4
2026-09-10T00:07:44Z,4,4,4
2026-09-10T00:08:00Z,4,4,4
2026-09-10T00:08:15Z,4,4,4
2026-09-10T00:08:31Z,4,4,4
2026-09-10T00:08:46Z,4,4,4
2026-09-10T00:09:02Z,4,4,4
2026-09-10T00:09:17Z,4,4,4
2026-09-10T00:09:33Z,4,4,4
2026-09-10T00:09:49Z,4,4,4
2026-09-10T00:10:04Z,4,4,4
2026-09-10T00:10:20Z,4,4,4
2026-09-10T00:10:35Z,4,4,4
2026-09-10T00:10:51Z,4,4,4
2026-09-10T00:11:06Z,4,4,4
2026-09-10T00:11:22Z,4,4,4
2026-09-10T00:11:37Z,4,4,4
2026-09-10T00:11:53Z,4,4,4
2026-09-10T00:12:08Z,4,4,4
2026-09-10T00:12:24Z,4,4,4
2026-09-10T00:12:40Z,4,4,4
2026-09-10T00:12:55Z,4,4,4
2026-09-10T00:13:11Z,4,4,4
2026-09-10T00:13:26Z,4,4,4
2026-09-10T00:13:42Z,4,4,4
2026-09-10T00:13:57Z,4,4,4
2026-09-10T00:14:13Z,4,4,4
2026-09-10T00:14:28Z,4,4,4
2026-09-10T00:14:44Z,4,4,4
2026-09-10T00:14:59Z,4,4,4
2026-09-10T00:15:15Z,4,4,4
2026-09-10T00:15:31Z,4,4,4
2026-09-10T00:15:46Z,4,4,4
2026-09-10T00:16:02Z,4,4,4
2026-09-10T00:16:17Z,4,4,4
2026-09-10T00:16:33Z,4,4,4
2026-09-10T00:16:48Z,4,4,4
2026-09-10T00:17:04Z,4,4,4
2026-09-10T00:17:19Z,4,4,4
2026-09-10T00:17:35Z,4,4,4
2026-09-10T00:17:50Z,4,4,4
2026-09-10T00:18:06Z,4,4,4
2026-09-10T00:18:21Z,4,4,4
2026-09-10T00:18:37Z,4,4,4
2026-09-10T00:18:52Z,4,4,4
2026-09-10T00:19:08Z,4,4,4
2026-09-10T00:19:23Z,4,4,4
2026-09-10T00:19:39Z,4,4,4
2026-09-10T00:19:55Z,4,4,4
2026-09-10T00:20:10Z,4,4,4
2026-09-10T00:20:26Z,4,4,4
2026-09-10T00:20:41Z,4,4,4
2026-09-10T00:20:57Z,4,4,4
2026-09-10T00:21:12Z,4,4,4
2026-09-10T00:21:28Z,4,4,4
2026-09-10T00:21:43Z,4,4,4
2026-09-10T00:21:59Z,4,4,4
2026-09-10T00:22:14Z,4,4,4
2026-09-10T00:22:30Z,4,4,4
2026-09-10T00:22:46Z,4,4,4
2026-09-10T00:23:01Z,4,4,4
2026-09-10T00:23:17Z,4,4,4
2026-09-10T00:23:32Z,4,4,4
2026-09-10T00:23:48Z,4,4,4
2026-09-10T00:24:03Z,4,4,4
2026-09-10T00:24:19Z,4,4,4
2026-09-10T00:24:34Z,4,4,4
2026-09-10T00:24:50Z,4,4,4
2026-09-10T00:25:06Z,4,4,4
2026-09-10T00:25:21Z,4,4,4
2026-09-10T00:25:37Z,4,4,4
2026-09-10T00:25:52Z,4,4,4
2026-09-10T00:26:08Z,4,4,4
2026-09-10T00:26:23Z,4,4,4
2026-09-10T00:26:39Z,4,4,4
2026-09-10T00:26:54Z,4,4,4
2026-09-10T00:27:10Z,4,4,4
2026-09-10T00:27:26Z,4,4,4
2026-09-10T00:27:41Z,4,4,4
2026-09-10T00:27:57Z,4,4,4
2026-09-10T00:28:12Z,4,4,4
2026-09-10T00:28:28Z,4,4,4
2026-09-10T00:28:43Z,4,4,4
2026-09-10T00:28:59Z,4,4,4
2026-09-10T00:29:14Z,4,4,4
2026-09-10T00:29:30Z,4,4,4
2026-09-10T00:29:45Z,4,4,4
2026-09-10T00:30:01Z,4,4,4
2026-09-10T00:30:16Z,4,4,4
2026-09-10T00:30:32Z,4,4,4
2026-09-10T00:30:48Z,4,4,4
2026-09-10T00:31:03Z,4,4,4
2026-09-10T00:31:18Z,4,4,4
2026-09-10T00:31:34Z,4,4,4
2026-09-10T00:31:49Z,4,4,4
2026-09-10T00:32:05Z,4,4,4
2026-09-10T00:32:20Z,4,4,4
2026-09-10T00:32:36Z,4,4,4
2026-09-10T00:32:52Z,4,4,4
2026-09-10T00:33:07Z,4,4,4
2026-09-10T00:33:23Z,4,4,4
2026-09-10T00:33:38Z,4,4,4
2026-09-10T00:33:54Z,4,4,4
2026-09-10T00:34:09Z,4,4,4
2026-09-10T00:34:25Z,4,4,4
2026-09-10T00:34:41Z,4,4,4
2026-09-10T00:34:57Z,4,4,4
2026-09-10T00:35:12Z,4,4,4
2026-09-10T00:35:27Z,4,4,4
2026-09-10T00:35:43Z,4,4,4
2026-09-10T00:35:58Z,4,4,4
2026-09-10T00:36:14Z,4,4,4
2026-09-10T00:36:29Z,4,4,4
2026-09-10T00:36:45Z,4,4,4
2026-09-10T00:37:00Z,4,4,4
2026-09-10T00:37:16Z,4,4,4
2026-09-10T00:37:31Z,4,4,4
2026-09-10T00:37:47Z,4,4,4
2026-09-10T00:38:02Z,4,4,4
2026-09-10T00:38:18Z,4,4,4
2026-09-10T00:38:33Z,4,4,4
2026-09-10T00:38:49Z,4,4,4
2026-09-10T00:39:04Z,4,4,4
2026-09-10T00:39:20Z,4,4,4
2026-09-10T00:39:35Z,4,4,4
2026-09-10T00:39:51Z,4,4,4
2026-09-10T00:40:06Z,4,4,4
2026-09-10T00:40:22Z,4,4,4
2026-09-10T00:40:37Z,4,4,4
2026-09-10T00:40:53Z,4,4,4
2026-09-10T00:41:08Z,4,4,4
2026-09-10T00:41:24Z,4,4,4
2026-09-10T00:41:40Z,4,4,4
2026-09-10T00:41:55Z,4,4,4
2026-09-10T00:42:11Z,4,4,4
2026-09-10T00:42:26Z,4,4,4
2026-09-10T00:42:42Z,4,4,4
2026-09-10T00:42:57Z,4,4,4
2026-09-10T00:43:13Z,4,4,4
2026-09-10T00:43:28Z,4,4,4
2026-09-10T00:43:44Z,4,4,4
2026-09-10T00:43:59Z,4,4,4
2026-09-10T00:44:14Z,4,4,4
2026-09-10T00:44:30Z,4,4,4
2026-09-10T00:44:45Z,4,4,4
2026-09-10T00:45:01Z,4,4,4
2026-09-10T00:45:16Z,4,4,4
2026-09-10T00:45:32Z,4,4,4
2026-09-10T00:45:47Z,4,4,4
2026-09-10T00:46:03Z,4,4,4
2026-09-10T00:46:18Z,4,4,4
2026-09-10T00:46:34Z,4,4,4
2026-09-10T00:46:49Z,4,4,4
2026-09-10T00:47:05Z,4,4,4
2026-09-10T00:47:20Z,4,4,4
2026-09-10T00:47:36Z,4,4,4
2026-09-10T00:47:51Z,4,4,4
2026-09-10T00:48:07Z,4,4,4
2026-09-10T00:48:22Z,4,4,4
2026-09-10T00:48:38Z,4,4,4
2026-09-10T00:48:53Z,4,4,4
2026-09-10T00:49:09Z,4,4,4
2026-09-10T00:49:24Z,4,4,4
2026-09-10T00:49:40Z,4,4,4
2026-09-10T00:49:55Z,4,4,4
2026-09-10T00:50:11Z,4,4,4
2026-09-10T00:50:26Z,4,4,4
2026-09-10T00:50:42Z,4,4,4
2026-09-10T00:50:57Z,4,4,4
2026-09-10T00:51:13Z,4,4,4
2026-09-10T00:51:28Z,4,4,4
2026-09-10T00:51:44Z,4,4,4
2026-09-10T00:51:59Z,4,4,4
2026-09-10T00:52:15Z,4,4,4
2026-09-10T00:52:30Z,4,4,4
2026-09-10T00:52:46Z,4,4,4
2026-09-10T00:53:01Z,4,4,4
2026-09-10T00:53:16Z,4,4,4
2026-09-10T00:53:32Z,4,4,4
2026-09-10T00:53:52Z,4,4,4
2026-09-10T00:54:08Z,4,4,4
2026-09-10T00:54:23Z,4,4,4
2026-09-10T00:54:39Z,4,4,4
2026-09-10T00:54:54Z,4,4,4
2026-09-10T00:55:10Z,4,4,4
2026-09-10T00:55:25Z,4,4,4
2026-09-10T00:55:41Z,4,4,4
2026-09-10T00:55:56Z,4,4,4
2026-09-10T00:56:12Z,4,4,4
2026-09-10T00:56:27Z,4,4,4
2026-09-10T00:56:43Z,4,4,4
2026-09-10T00:56:59Z,4,4,4
2026-09-10T00:57:14Z,4,4,4
2026-09-10T00:57:30Z,4,4,4
2026-09-10T00:57:45Z,4,4,4
2026-09-10T00:58:01Z,4,4,4
2026-09-10T00:58:16Z,4,4,4
2026-09-10T00:58:32Z,4,4,4
2026-09-10T00:58:47Z,4,4,4
2026-09-10T00:59:03Z,4,4,4
2026-09-10T00:59:18Z,4,4,4
2026-09-10T00:59:34Z,4,4,4
2026-09-10T00:59:49Z,4,4,4
2026-09-10T01:00:05Z,4,4,4
2026-09-10T01:00:20Z,4,4,4
2026-09-10T01:00:36Z,4,4,4
2026-09-10T01:00:51Z,4,4,4
2026-09-10T01:01:07Z,4,4,4
2026-09-10T01:01:22Z,4,4,4
2026-09-10T01:01:38Z,4,4,4
2026-09-10T01:01:53Z,4,4,4
2026-09-10T01:02:09Z,4,4,4
2026-09-10T01:02:24Z,4,4,4
2026-09-10T01:02:40Z,4,4,4
2026-09-10T01:02:55Z,4,4,4
2026-09-10T01:03:11Z,4,4,4
2026-09-10T01:03:26Z,4,4,4
2026-09-10T01:03:42Z,4,4,4
2026-09-10T01:03:58Z,4,4,4
2026-09-10T01:04:13Z,4,4,4
2026-09-10T01:04:29Z,4,4,4
2026-09-10T01:04:44Z,4,4,4
2026-09-10T01:05:00Z,4,4,4
2026-09-10T01:05:15Z,4,4,4
2026-09-10T01:05:31Z,4,4,4
2026-09-10T01:05:46Z,4,4,4
2026-09-10T01:06:02Z,4,4,4
2026-09-10T01:06:17Z,4,4,4
2026-09-10T01:06:33Z,4,4,4
2026-09-10T01:06:48Z,4,4,4
2026-09-10T01:07:03Z,4,4,4
2026-09-10T01:07:19Z,4,4,4
2026-09-10T01:07:34Z,4,4,4
2026-09-10T01:07:50Z,4,4,4
2026-09-10T01:08:05Z,4,4,4
2026-09-10T01:08:21Z,4,4,4
2026-09-10T01:08:36Z,4,4,4
2026-09-10T01:08:52Z,4,4,4
2026-09-10T01:09:07Z,4,4,4
2026-09-10T01:09:23Z,4,4,4
2026-09-10T01:09:38Z,4,4,4
2026-09-10T01:09:54Z,4,4,4
2026-09-10T01:10:09Z,4,4,4
2026-09-10T01:10:25Z,4,4,4
2026-09-10T01:10:40Z,4,4,4
2026-09-10T01:10:56Z,4,4,4
2026-09-10T01:11:11Z,4,4,4
2026-09-10T01:11:27Z,4,4,4
2026-09-10T01:11:43Z,4,4,4
2026-09-10T01:11:58Z,4,4,4
2026-09-10T01:12:14Z,4,4,4
2026-09-10T01:12:29Z,4,4,4
2026-09-10T01:12:45Z,4,4,4
2026-09-10T01:13:00Z,4,4,4
2026-09-10T01:13:15Z,4,4,4
2026-09-10T01:13:31Z,4,4,4
2026-09-10T01:13:46Z,4,4,4
2026-09-10T01:14:02Z,4,4,4
2026-09-10T01:14:17Z,4,4,4
2026-09-10T01:14:33Z,4,4,4
2026-09-10T01:14:48Z,4,4,4
2026-09-10T01:15:04Z,4,4,4
2026-09-10T01:15:19Z,4,4,4
2026-09-10T01:15:35Z,4,4,4
2026-09-10T01:15:50Z,4,4,4
2026-09-10T01:16:06Z,4,4,4
2026-09-10T01:16:21Z,4,4,4
2026-09-10T01:16:37Z,4,4,4
2026-09-10T01:16:52Z,4,4,4
2026-09-10T01:17:08Z,4,4,4
2026-09-10T01:17:23Z,4,4,4
2026-09-10T01:17:39Z,4,4,4
2026-09-10T01:17:54Z,4,4,4
2026-09-10T01:18:10Z,4,4,4
2026-09-10T01:18:25Z,4,4,4
2026-09-10T01:18:41Z,4,4,4
2026-09-10T01:18:56Z,4,4,4
2026-09-10T01:19:12Z,4,4,4
2026-09-10T01:19:27Z,4,4,4
2026-09-10T01:19:43Z,4,4,4
2026-09-10T01:19:59Z,4,4,4
2026-09-10T01:20:14Z,4,4,4
2026-09-10T01:20:30Z,4,4,4
2026-09-10T01:20:45Z,4,4,4
2026-09-10T01:21:01Z,4,4,4
2026-09-10T01:21:16Z,4,4,4
2026-09-10T01:21:32Z,4,4,4
2026-09-10T01:21:47Z,4,4,4
2026-09-10T01:22:03Z,4,4,4
2026-09-10T01:22:18Z,4,4,4
2026-09-10T01:22:34Z,4,4,4
2026-09-10T01:22:49Z,4,4,4
2026-09-10T01:23:05Z,4,4,4
2026-09-10T01:23:20Z,4,4,4
2026-09-10T01:23:36Z,4,4,4
2026-09-10T01:23:51Z,4,4,4
2026-09-10T01:24:07Z,4,4,4
2026-09-10T01:24:22Z,4,4,4
2026-09-10T01:24:38Z,4,4,4
2026-09-10T01:24:53Z,4,4,4
2026-09-10T01:25:09Z,4,4,4
2026-09-10T01:25:24Z,4,4,4
2026-09-10T01:25:40Z,4,4,4
2026-09-10T01:25:55Z,4,4,4
2026-09-10T01:26:11Z,4,4,4
2026-09-10T01:26:27Z,4,4,4
2026-09-10T01:26:42Z,4,4,4
2026-09-10T01:26:58Z,4,4,4
2026-09-10T01:27:13Z,4,4,4
2026-09-10T01:27:28Z,4,4,4
2026-09-10T01:27:44Z,4,4,4
2026-09-10T01:27:59Z,4,4,4
2026-09-10T01:28:15Z,4,4,4
2026-09-10T01:28:30Z,4,4,4
2026-09-10T01:28:46Z,4,4,4
2026-09-10T01:29:01Z,4,4,4
2026-09-10T01:29:17Z,4,4,4
2026-09-10T01:29:32Z,4,4,4
2026-09-10T01:29:48Z,4,4,4
2026-09-10T01:30:03Z,4,4,4
2026-09-10T01:30:19Z,4,4,4
2026-09-10T01:30:35Z,4,4,4
2026-09-10T01:30:50Z,4,4,4
2026-09-10T01:31:05Z,4,4,4
2026-09-10T01:31:21Z,4,4,4
2026-09-10T01:31:36Z,4,4,4
2026-09-10T01:31:52Z,4,4,4
2026-09-10T01:32:08Z,4,4,4
2026-09-10T01:32:23Z,4,4,4
2026-09-10T01:32:39Z,4,4,4
2026-09-10T01:32:54Z,4,4,4
2026-09-10T01:33:10Z,4,4,4
2026-09-10T01:33:25Z,4,4,4
2026-09-10T01:33:41Z,4,4,4
2026-09-10T01:33:56Z,4,4,4
2026-09-10T01:34:12Z,4,4,4
2026-09-10T01:34:27Z,4,4,4
2026-09-10T01:34:44Z,4,4,4
2026-09-10T01:34:59Z,4,4,4
2026-09-10T01:35:15Z,4,4,4
2026-09-10T01:35:30Z,4,4,4
2026-09-10T01:35:46Z,4,4,4
2026-09-10T01:36:01Z,4,4,4
2026-09-10T01:36:17Z,4,4,4
2026-09-10T01:36:32Z,4,4,4
2026-09-10T01:36:48Z,4,4,4
2026-09-10T01:37:03Z,4,4,4
2026-09-10T01:37:19Z,4,4,4
2026-09-10T01:37:34Z,4,4,4
2026-09-10T01:37:50Z,4,4,4
2026-09-10T01:38:05Z,4,4,4
2026-09-10T01:38:21Z,4,4,4
2026-09-10T01:38:36Z,4,4,4
2026-09-10T01:38:52Z,4,4,4
2026-09-10T01:39:08Z,4,4,4
2026-09-10T01:39:23Z,4,4,4
2026-09-10T01:39:39Z,4,4,4
2026-09-10T01:39:54Z,4,4,4
2026-09-10T01:40:10Z,4,4,4
2026-09-10T01:40:25Z,4,4,4
2026-09-10T01:40:41Z,4,4,4
2026-09-10T01:40:56Z,4,4,4
2026-09-10T01:41:12Z,4,4,4
2026-09-10T01:41:27Z,4,4,4
2026-09-10T01:41:43Z,4,4,4
2026-09-10T01:41:58Z,4,4,4
2026-09-10T01:42:14Z,4,4,4
2026-09-10T01:42:29Z,4,4,4
2026-09-10T01:42:45Z,4,4,4
2026-09-10T01:43:01Z,4,4,4
2026-09-10T01:43:16Z,4,4,4
2026-09-10T01:43:32Z,4,4,4
2026-09-10T01:43:47Z,4,4,4
2026-09-10T01:44:03Z,4,4,4
2026-09-10T01:44:18Z,4,4,4
2026-09-10T01:44:34Z,4,4,4
2026-09-10T01:44:49Z,4,4,4
2026-09-10T01:45:05Z,4,4,4
2026-09-10T01:45:20Z,4,4,4
2026-09-10T01:45:36Z,4,4,4
2026-09-10T01:45:51Z,4,4,4
2026-09-10T01:46:07Z,4,4,4
2026-09-10T01:46:22Z,4,4,4
2026-09-10T01:46:38Z,4,4,4
2026-09-10T01:46:53Z,4,4,4
2026-09-10T01:47:09Z,4,4,4
2026-09-10T01:47:25Z,4,4,4
2026-09-10T01:47:40Z,4,4,4
2026-09-10T01:47:56Z,4,4,4
2026-09-10T01:48:11Z,4,4,4
2026-09-10T01:48:27Z,4,4,4
2026-09-10T01:48:42Z,4,4,4
2026-09-10T01:48:58Z,4,4,4
2026-09-10T01:49:13Z,4,4,4
2026-09-10T01:49:29Z,4,4,4
2026-09-10T01:49:44Z,4,4,4
2026-09-10T01:50:00Z,4,4,4
2026-09-10T01:50:15Z,4,4,4
2026-09-10T01:50:31Z,4,4,4
2026-09-10T01:50:46Z,4,4,4
2026-09-10T01:51:02Z,4,4,4
2026-09-10T01:51:18Z,4,4,4
2026-09-10T01:51:33Z,4,4,4
2026-09-10T01:51:49Z,4,4,4
2026-09-10T01:52:04Z,4,4,4
2026-09-10T01:52:20Z,4,4,4
2026-09-10T01:52:35Z,4,4,4
2026-09-10T01:52:51Z,4,4,4
2026-09-10T01:53:06Z,4,4,4
2026-09-10T01:53:22Z,4,4,4
2026-09-10T01:53:37Z,4,4,4
2026-09-10T01:53:53Z,4,4,4
2026-09-10T01:54:08Z,4,4,4
2026-09-10T01:54:24Z,4,4,4
2026-09-10T01:54:39Z,4,4,4
2026-09-10T01:54:55Z,4,4,4
2026-09-10T01:55:10Z,4,4,4
2026-09-10T01:55:26Z,4,4,4
2026-09-10T01:55:41Z,4,4,4
2026-09-10T01:55:57Z,4,4,4
2026-09-10T01:56:12Z,4,4,4
2026-09-10T01:56:28Z,4,4,4
2026-09-10T01:56:43Z,4,4,4
2026-09-10T01:56:59Z,4,4,4
2026-09-10T01:57:14Z,4,4,4
2026-09-10T01:57:30Z,4,4,4
2026-09-10T01:57:45Z,4,4,4
2026-09-10T01:58:01Z,4,4,4
2026-09-10T01:58:16Z,4,4,4
2026-09-10T01:58:32Z,4,4,4
2026-09-10T01:58:47Z,4,4,4
2026-09-10T01:59:03Z,4,4,4
2026-09-10T01:59:18Z,4,4,4
2026-09-10T01:59:34Z,4,4,4
2026-09-10T01:59:50Z,4,4,4
2026-09-10T02:00:05Z,4,4,4
2026-09-10T02:00:21Z,4,4,4
2026-09-10T02:00:36Z,4,4,4
2026-09-10T02:00:52Z,4,4,4
2026-09-10T02:01:07Z,4,4,4
2026-09-10T02:01:23Z,4,4,4
2026-09-10T02:01:38Z,4,4,4
2026-09-10T02:01:54Z,4,4,4
2026-09-10T02:02:09Z,4,4,4
2026-09-10T02:02:25Z,4,4,4
2026-09-10T02:02:40Z,4,4,4
2026-09-10T02:02:56Z,4,4,4
2026-09-10T02:03:11Z,4,4,4
2026-09-10T02:03:27Z,4,4,4
2026-09-10T02:03:42Z,4,4,4
2026-09-10T02:03:58Z,4,4,4
2026-09-10T02:04:13Z,4,4,4
2026-09-10T02:04:29Z,4,4,4
2026-09-10T02:04:44Z,4,4,4
2026-09-10T02:05:00Z,4,4,4
2026-09-10T02:05:16Z,4,4,4
2026-09-10T02:05:31Z,4,4,4
2026-09-10T02:05:47Z,4,4,4
2026-09-10T02:06:02Z,4,4,4
2026-09-10T02:06:18Z,4,4,4
2026-09-10T02:06:33Z,4,4,4
2026-09-10T02:06:49Z,4,4,4
2026-09-10T02:07:04Z,4,4,4
2026-09-10T02:07:20Z,4,4,4
2026-09-10T02:07:35Z,4,4,4
2026-09-10T02:07:51Z,4,4,4
2026-09-10T02:08:06Z,4,4,4
2026-09-10T02:08:22Z,4,4,4
2026-09-10T02:08:37Z,4,4,4
2026-09-10T02:08:53Z,4,4,4
2026-09-10T02:09:08Z,4,4,4
2026-09-10T02:09:24Z,4,4,4
2026-09-10T02:09:39Z,4,4,4
2026-09-10T02:09:55Z,4,4,4
2026-09-10T02:10:10Z,4,4,4
2026-09-10T02:10:26Z,4,4,4
2026-09-10T02:10:41Z,4,4,4
2026-09-10T02:10:57Z,4,4,4
2026-09-10T02:11:12Z,4,4,4
2026-09-10T02:11:28Z,4,4,4
2026-09-10T02:11:43Z,4,4,4
2026-09-10T02:11:59Z,4,4,4
2026-09-10T02:12:15Z,4,4,4
2026-09-10T02:12:30Z,4,4,4
2026-09-10T02:12:46Z,4,4,4
2026-09-10T02:13:01Z,4,4,4
2026-09-10T02:13:17Z,4,4,4
2026-09-10T02:13:32Z,4,4,4
2026-09-10T02:13:48Z,4,4,4
2026-09-10T02:14:04Z,4,4,4
2026-09-10T02:14:19Z,4,4,4
2026-09-10T02:14:35Z,4,4,4
2026-09-10T02:14:50Z,4,4,4
2026-09-10T02:15:06Z,4,4,4
2026-09-10T02:15:21Z,4,4,4
2026-09-10T02:15:37Z,4,4,4
2026-09-10T02:15:52Z,4,4,4
2026-09-10T02:16:08Z,4,4,4
2026-09-10T02:16:23Z,4,4,4
2026-09-10T02:16:39Z,4,4,4
2026-09-10T02:16:54Z,4,4,4
2026-09-10T02:17:10Z,4,4,4
2026-09-10T02:17:25Z,4,4,4
2026-09-10T02:17:41Z,4,4,4
2026-09-10T02:17:56Z,4,4,4
2026-09-10T02:18:12Z,4,4,4
2026-09-10T02:18:27Z,4,4,4
2026-09-10T02:18:43Z,4,4,4
2026-09-10T02:18:59Z,4,4,4
2026-09-10T02:19:14Z,4,4,4
2026-09-10T02:19:30Z,4,4,4
2026-09-10T02:19:45Z,4,4,4
2026-09-10T02:20:01Z,4,4,4
2026-09-10T02:20:16Z,4,4,4
2026-09-10T02:20:32Z,4,4,4
2026-09-10T02:20:47Z,4,4,4
2026-09-10T02:21:03Z,4,4,4
2026-09-10T02:21:18Z,4,4,4
2026-09-10T02:21:34Z,4,4,4
2026-09-10T02:21:49Z,4,4,4
2026-09-10T02:22:05Z,4,4,4
2026-09-10T02:22:20Z,4,4,4
2026-09-10T02:22:36Z,4,4,4
2026-09-10T02:22:51Z,4,4,4
2026-09-10T02:23:07Z,4,4,4
2026-09-10T02:23:22Z,4,4,4
2026-09-10T02:23:38Z,4,4,4
2026-09-10T02:23:54Z,4,4,4
2026-09-10T02:24:09Z,4,4,4
2026-09-10T02:24:25Z,4,4,4
2026-09-10T02:24:40Z,4,4,4
2026-09-10T02:24:56Z,4,4,4
2026-09-10T02:25:11Z,4,4,4
2026-09-10T02:25:27Z,4,4,4
2026-09-10T02:25:42Z,4,4,4
2026-09-10T02:25:58Z,4,4,4
2026-09-10T02:26:13Z,4,4,4
2026-09-10T02:26:29Z,4,4,4
2026-09-10T02:26:44Z,4,4,4
2026-09-10T02:27:00Z,4,4,4
2026-09-10T02:27:15Z,4,4,4
2026-09-10T02:27:31Z,4,4,4
2026-09-10T02:27:46Z,4,4,4
2026-09-10T02:28:02Z,4,4,4
2026-09-10T02:28:18Z,4,4,4
2026-09-10T02:28:33Z,4,4,4
2026-09-10T02:28:49Z,4,4,4
2026-09-10T02:29:04Z,4,4,4
2026-09-10T02:29:20Z,4,4,4
2026-09-10T02:29:35Z,4,4,4
2026-09-10T02:29:51Z,4,4,4
2026-09-10T02:30:06Z,4,4,4
2026-09-10T02:30:27Z,4,4,4
2026-09-10T02:30:42Z,4,4,4
2026-09-10T02:30:58Z,4,4,4
2026-09-10T02:31:13Z,4,4,4
2026-09-10T02:31:29Z,4,4,4
2026-09-10T02:31:44Z,4,4,4
2026-09-10T02:32:00Z,4,4,4
2026-09-10T02:32:15Z,4,4,4
2026-09-10T02:32:31Z,4,4,4
2026-09-10T02:32:46Z,4,4,4
2026-09-10T02:33:02Z,4,4,4
2026-09-10T02:33:17Z,4,4,4
2026-09-10T02:33:33Z,4,4,4
2026-09-10T02:33:48Z,4,4,4
2026-09-10T02:34:04Z,4,4,4
2026-09-10T02:34:19Z,4,4,4
2026-09-10T02:34:36Z,4,4,4
2026-09-10T02:34:51Z,4,4,4
2026-09-10T02:35:07Z,4,4,4
2026-09-10T02:35:22Z,4,4,4
2026-09-10T02:35:38Z,4,4,4
2026-09-10T02:35:53Z,4,4,4
2026-09-10T02:36:09Z,4,4,4
2026-09-10T02:36:24Z,4,4,4
2026-09-10T02:36:40Z,4,4,4
2026-09-10T02:36:56Z,4,4,4
2026-09-10T02:37:11Z,4,4,4
2026-09-10T02:37:27Z,4,4,4
2026-09-10T02:37:42Z,4,4,4
2026-09-10T02:37:58Z,4,4,4
2026-09-10T02:38:13Z,4,4,4
2026-09-10T02:38:29Z,4,4,4
2026-09-10T02:38:44Z,4,4,4
2026-09-10T02:39:00Z,4,4,4
2026-09-10T02:39:16Z,4,4,4
2026-09-10T02:39:31Z,4,4,4
2026-09-10T02:39:47Z,4,4,4
2026-09-10T02:40:02Z,4,4,4
2026-09-10T02:40:18Z,4,4,4
2026-09-10T02:40:33Z,4,4,4
2026-09-10T02:40:49Z,4,4,4
2026-09-10T02:41:04Z,4,4,4
2026-09-10T02:41:20Z,4,4,4
2026-09-10T02:41:35Z,4,4,4
2026-09-10T02:41:51Z,4,4,4
2026-09-10T02:42:06Z,4,4,4
2026-09-10T02:42:22Z,4,4,4
2026-09-10T02:42:37Z,4,4,4
2026-09-10T02:42:53Z,4,4,4
2026-09-10T02:43:08Z,4,4,4
2026-09-10T02:43:24Z,4,4,4
2026-09-10T02:43:39Z,4,4,4
2026-09-10T02:43:55Z,4,4,4
2026-09-10T02:44:11Z,4,4,4
2026-09-10T02:44:26Z,4,4,4
2026-09-10T02:44:42Z,4,4,4
2026-09-10T02:44:57Z,4,4,4
2026-09-10T02:45:13Z,4,4,4
2026-09-10T02:45:28Z,4,4,4
2026-09-10T02:45:44Z,4,4,4
2026-09-10T02:45:59Z,4,4,4
2026-09-10T02:46:15Z,4,4,4
2026-09-10T02:46:30Z,4,4,4
2026-09-10T02:46:46Z,4,4,4
2026-09-10T02:47:01Z,4,4,4
2026-09-10T02:47:17Z,4,4,4
2026-09-10T02:47:32Z,4,4,4
2026-09-10T02:47:48Z,4,4,4
2026-09-10T02:48:03Z,4,4,4
2026-09-10T02:48:19Z,4,4,4
2026-09-10T02:48:34Z,4,4,4
2026-09-10T02:48:50Z,4,4,4
2026-09-10T02:49:05Z,4,4,4
2026-09-10T02:49:21Z,4,4,4
2026-09-10T02:49:36Z,4,4,4
2026-09-10T02:49:52Z,4,4,4
2026-09-10T02:50:07Z,4,4,4
2026-09-10T02:50:23Z,4,4,4
2026-09-10T02:50:38Z,4,4,4
2026-09-10T02:50:54Z,4,4,4
2026-09-10T02:51:10Z,4,4,4
2026-09-10T02:51:25Z,4,4,4
2026-09-10T02:51:41Z,4,4,4
2026-09-10T02:51:56Z,4,4,4
2026-09-10T02:52:12Z,4,4,4
2026-09-10T02:52:27Z,4,4,4
2026-09-10T02:52:43Z,4,4,4
2026-09-10T02:52:58Z,4,4,4
2026-09-10T02:53:14Z,4,4,4
2026-09-10T02:53:29Z,4,4,4
2026-09-10T02:53:45Z,4,4,4
2026-09-10T02:54:00Z,4,4,4
2026-09-10T02:54:16Z,4,4,4
2026-09-10T02:54:31Z,4,4,4
2026-09-10T02:54:47Z,4,4,4
2026-09-10T02:55:03Z,4,4,4
2026-09-10T02:55:18Z,4,4,4
2026-09-10T02:55:34Z,4,4,4
2026-09-10T02:55:49Z,4,4,4
2026-09-10T02:56:05Z,4,4,4
2026-09-10T02:56:21Z,4,4,4
2026-09-10T02:56:36Z,4,4,4
2026-09-10T02:56:52Z,4,4,4
2026-09-10T02:57:07Z,4,4,4
2026-09-10T02:57:23Z,4,4,4
2026-09-10T02:57:38Z,4,4,4
2026-09-10T02:57:54Z,4,4,4
2026-09-10T02:58:09Z,4,4,4
2026-09-10T02:58:25Z,4,4,4
2026-09-10T02:58:40Z,4,4,4
2026-09-10T02:58:56Z,4,4,4
2026-09-10T02:59:11Z,4,4,4
2026-09-10T02:59:27Z,4,4,4
2026-09-10T02:59:42Z,4,4,4
2026-09-10T02:59:58Z,4,4,4
2026-09-10T03:00:13Z,4,4,4
2026-09-10T03:00:29Z,4,4,4
2026-09-10T03:00:44Z,4,4,4
2026-09-10T03:01:00Z,4,4,4
2026-09-10T03:01:16Z,4,4,4
2026-09-10T03:01:31Z,4,4,4
2026-09-10T03:01:47Z,4,4,4
2026-09-10T03:02:02Z,4,4,4
2026-09-10T03:02:18Z,4,4,4
2026-09-10T03:02:33Z,4,4,4
2026-09-10T03:02:49Z,4,4,4
2026-09-10T03:03:04Z,4,4,4
2026-09-10T03:03:20Z,4,4,4
2026-09-10T03:03:35Z,4,4,4
2026-09-10T03:03:51Z,4,4,4
2026-09-10T03:04:06Z,4,4,4
2026-09-10T03:04:22Z,4,4,4
2026-09-10T03:04:37Z,4,4,4
2026-09-10T03:04:53Z,4,4,4
2026-09-10T03:05:08Z,4,4,4
2026-09-10T03:05:24Z,4,4,4
2026-09-10T03:05:39Z,4,4,4
2026-09-10T03:05:55Z,4,4,4
2026-09-10T03:06:10Z,4,4,4
2026-09-10T03:06:26Z,4,4,4
2026-09-10T03:06:41Z,4,4,4
2026-09-10T03:06:57Z,4,4,4
2026-09-10T03:07:12Z,4,4,4
2026-09-10T03:07:28Z,4,4,4
2026-09-10T03:07:43Z,4,4,4
2026-09-10T03:07:59Z,4,4,4
2026-09-10T03:08:14Z,4,4,4
2026-09-10T03:08:30Z,4,4,4
2026-09-10T03:08:45Z,4,4,4
2026-09-10T03:09:00Z,4,4,4
2026-09-10T03:09:16Z,4,4,4
2026-09-10T03:09:31Z,4,4,4
2026-09-10T03:09:47Z,4,4,4
2026-09-10T03:10:02Z,4,4,4
2026-09-10T03:10:18Z,4,4,4
2026-09-10T03:10:33Z,4,4,4
2026-09-10T03:10:49Z,4,4,4
2026-09-10T03:11:04Z,4,4,4
2026-09-10T03:11:20Z,4,4,4
2026-09-10T03:11:35Z,5,5,4
2026-09-10T03:11:51Z,5,5,5
2026-09-10T03:12:06Z,5,5,5
2026-09-10T03:12:22Z,5,5,5
2026-09-10T03:12:37Z,5,5,5
2026-09-10T03:12:53Z,5,5,5
2026-09-10T03:13:08Z,5,5,5
2026-09-10T03:13:24Z,5,5,5
2026-09-10T03:13:39Z,5,5,5
2026-09-10T03:13:55Z,5,5,5
2026-09-10T03:14:10Z,5,5,5
2026-09-10T03:14:26Z,5,5,5
2026-09-10T03:14:41Z,5,5,5
2026-09-10T03:14:57Z,5,5,5
2026-09-10T03:15:12Z,6,6,5
2026-09-10T03:15:28Z,6,6,6
2026-09-10T03:15:43Z,6,6,6
2026-09-10T03:15:59Z,6,6,6
2026-09-10T03:16:14Z,6,6,6
2026-09-10T03:16:30Z,6,6,6
2026-09-10T03:16:45Z,6,6,6
2026-09-10T03:17:01Z,6,6,6
2026-09-10T03:17:16Z,6,6,6
2026-09-10T03:17:32Z,6,6,6
2026-09-10T03:17:47Z,6,6,6
2026-09-10T03:18:03Z,6,6,6
2026-09-10T03:18:18Z,6,6,6
2026-09-10T03:18:34Z,6,6,6
2026-09-10T03:18:49Z,7,7,6
2026-09-10T03:19:05Z,7,7,7
2026-09-10T03:19:20Z,7,7,7
2026-09-10T03:19:36Z,7,7,7
2026-09-10T03:19:51Z,7,7,7
2026-09-10T03:20:07Z,7,7,7
2026-09-10T03:20:22Z,7,7,7
2026-09-10T03:20:37Z,7,7,7
2026-09-10T03:20:53Z,7,7,7
2026-09-10T03:21:08Z,7,7,7
2026-09-10T03:21:24Z,7,7,7
2026-09-10T03:21:39Z,7,7,7
2026-09-10T03:21:55Z,7,7,7
2026-09-10T03:22:10Z,7,7,7
2026-09-10T03:22:26Z,7,7,7
2026-09-10T03:22:41Z,7,7,7
2026-09-10T03:22:57Z,7,7,7
2026-09-10T03:23:12Z,7,7,7
2026-09-10T03:23:28Z,7,7,7
2026-09-10T03:23:44Z,7,7,7
